adm_0_name,adm_1_name,adm_2_name,full_name,ISO_A0,FAO_GAUL_code,RNE_iso_code,IBGE_code,calendar_start_date,calendar_end_date,Year,dengue_total,case_definition_standardised,S_res,T_res,UUID,region
NEPAL,NA,SYANGJA,"NEPAL, SYANGJA",NPL,22364,NPL,NA,2016-01-01,2016-12-31,2016,1,Total,Admin1,Year,MOH-NPL-2016-Y01-00,SEARO
NEPAL,NA,DHADING,"NEPAL, DHADING",NPL,22353,NPL,NA,2016-01-01,2016-12-31,2016,4,Total,Admin1,Year,MOH-NPL-2016-Y01-00,SEARO
NEPAL,NA,BARA,"NEPAL, BARA",NPL,22353,NPL,NA,2016-01-01,2016-12-31,2016,4,Total,Admin1,Year,MOH-NPL-2016-Y01-00,SEARO
NEPAL,NA,DANG,"NEPAL, DANG",NPL,22360,NPL,NA,2016-01-01,2016-12-31,2016,8,Total,Admin1,Year,MOH-NPL-2016-Y01-00,SEARO
NEPAL,NA,RUKUM,"NEPAL, RUKUM",NPL,22360,NPL,NA,2016-01-01,2016-12-31,2016,1,Total,Admin1,Year,MOH-NPL-2016-Y01-00,SEARO
NEPAL,NA,KANCHANPUR,"NEPAL, KANCHANPUR",NPL,22358,NPL,NA,2016-01-01,2016-12-31,2016,2,Total,Admin1,Year,MOH-NPL-2016-Y01-00,SEARO
NEPAL,NA,NA,NEPAL,NPL,175,NPL,NA,2005-01-01,2005-12-31,2005,0,Total,Admin0,Year,WHOSEARO-ALL-19852009-Y01-00,SEARO
NEPAL,NA,NA,NEPAL,NPL,175,NPL,NA,2006-01-01,2006-12-31,2006,32,Confirmed,Admin0,Year,MOH-NPL-20062014-Y03-00,SEARO
NEPAL,NA,NA,NEPAL,NPL,175,NPL,NA,2007-01-01,2007-12-31,2007,27,Confirmed,Admin0,Year,MOH-NPL-20062014-Y03-00,SEARO
NEPAL,NA,NA,NEPAL,NPL,175,NPL,NA,2008-01-01,2008-12-31,2008,10,Confirmed,Admin0,Year,MOH-NPL-20062014-Y03-00,SEARO
NEPAL,NA,NA,NEPAL,NPL,175,NPL,NA,2009-01-01,2009-12-31,2009,30,Confirmed,Admin0,Year,MOH-NPL-20062014-Y03-00,SEARO
NEPAL,NA,NA,NEPAL,NPL,175,NPL,NA,2010-01-01,2010-12-31,2010,917,Confirmed,Admin0,Year,MOH-NPL-20062014-Y03-00,SEARO
NEPAL,NA,NA,NEPAL,NPL,175,NPL,NA,2011-01-01,2011-12-31,2011,79,Confirmed,Admin0,Year,MOH-NPL-20062014-Y03-00,SEARO
NEPAL,NA,NA,NEPAL,NPL,175,NPL,NA,2012-01-01,2012-12-31,2012,183,Confirmed,Admin0,Year,MOH-NPL-20062014-Y03-00,SEARO
NEPAL,NA,NA,NEPAL,NPL,175,NPL,NA,2013-01-01,2013-12-31,2013,642,Confirmed,Admin0,Year,MOH-NPL-20062014-Y03-00,SEARO
NEPAL,NA,NA,NEPAL,NPL,175,NPL,NA,2014-01-01,2014-12-31,2014,356,Confirmed,Admin0,Year,MOH-NPL-20062014-Y03-00,SEARO
NEPAL,NA,NA,NEPAL,NPL,175,NPL,NA,2015-01-01,2015-12-31,2015,26,Confirmed,Admin0,Year,LITERATURE-NPL-20062016-Y01-00,SEARO
NEPAL,NA,BARDIYA,"NEPAL, BARDIYA",NPL,22360,NPL,NA,2016-01-01,2016-12-31,2016,25,Total,Admin1,Year,MOH-NPL-2016-Y01-00,SEARO
NEPAL,NA,BAITADI,"NEPAL, BAITADI",NPL,22358,NPL,NA,2016-01-01,2016-12-31,2016,1,Total,Admin1,Year,MOH-NPL-2016-Y01-00,SEARO
NEPAL,NA,KAILALI,"NEPAL, KAILALI",NPL,22361,NPL,NA,2016-01-01,2016-12-31,2016,14,Total,Admin1,Year,MOH-NPL-2016-Y01-00,SEARO
NEPAL,NA,SURKHET,"NEPAL, SURKHET",NPL,22360,NPL,NA,2016-01-01,2016-12-31,2016,22,Total,Admin1,Year,MOH-NPL-2016-Y01-00,SEARO
NEPAL,NA,MAKAWANPUR,"NEPAL, MAKAWANPUR",NPL,22353,NPL,NA,2016-01-01,2016-12-31,2016,82,Total,Admin1,Year,MOH-NPL-2016-Y01-00,SEARO
NEPAL,NA,CHITWAN,"NEPAL, CHITWAN",NPL,22353,NPL,NA,2016-01-01,2016-12-31,2016,687,Total,Admin1,Year,MOH-NPL-2016-Y01-00,SEARO
NEPAL,NA,BANKE,"NEPAL, BANKE",NPL,22360,NPL,NA,2016-01-01,2016-12-31,2016,37,Total,Admin1,Year,MOH-NPL-2016-Y01-00,SEARO
NEPAL,NA,SARLAHI,"NEPAL, SARLAHI",NPL,22353,NPL,NA,2016-01-01,2016-12-31,2016,24,Total,Admin1,Year,MOH-NPL-2016-Y01-00,SEARO
NEPAL,NA,PYUTHAN,"NEPAL, PYUTHAN",NPL,22360,NPL,NA,2016-01-01,2016-12-31,2016,1,Total,Admin1,Year,MOH-NPL-2016-Y01-00,SEARO
NEPAL,NA,MORANG,"NEPAL, MORANG",NPL,22354,NPL,NA,2016-01-01,2016-12-31,2016,9,Total,Admin1,Year,MOH-NPL-2016-Y01-00,SEARO
NEPAL,NA,NA,NEPAL,NPL,175,NPL,NA,2018-05-01,2018-05-31,2018,1,Total,Admin0,Month,WHO-ALL-2025-Y01-00,SEARO
NEPAL,NA,NA,NEPAL,NPL,175,NPL,NA,2018-06-01,2018-06-30,2018,7,Total,Admin0,Month,WHO-ALL-2025-Y01-00,SEARO
NEPAL,NA,NA,NEPAL,NPL,175,NPL,NA,2018-07-01,2018-07-31,2018,15,Total,Admin0,Month,WHO-ALL-2025-Y01-00,SEARO
NEPAL,NA,NA,NEPAL,NPL,175,NPL,NA,2018-08-01,2018-08-31,2018,34,Total,Admin0,Month,WHO-ALL-2025-Y01-00,SEARO
NEPAL,NA,NA,NEPAL,NPL,175,NPL,NA,2018-09-01,2018-09-30,2018,30,Total,Admin0,Month,WHO-ALL-2025-Y01-00,SEARO
NEPAL,NA,NA,NEPAL,NPL,175,NPL,NA,2018-10-01,2018-10-31,2018,21,Total,Admin0,Month,WHO-ALL-2025-Y01-00,SEARO
NEPAL,NA,RUPANDEHI,"NEPAL, RUPANDEHI",NPL,22364,NPL,NA,2016-01-01,2016-12-31,2016,164,Total,Admin1,Year,MOH-NPL-2016-Y01-00,SEARO
NEPAL,NA,JHAPA,"NEPAL, JHAPA",NPL,22354,NPL,NA,2016-01-01,2016-12-31,2016,405,Total,Admin1,Year,MOH-NPL-2016-Y01-00,SEARO
NEPAL,NA,KALIKOT,"NEPAL, KALIKOT",NPL,22359,NPL,NA,2016-01-01,2016-12-31,2016,1,Total,Admin1,Year,MOH-NPL-2016-Y01-00,SEARO
NEPAL,NA,SUNSARI,"NEPAL, SUNSARI",NPL,22354,NPL,NA,2016-01-01,2016-12-31,2016,4,Total,Admin1,Year,MOH-NPL-2016-Y01-00,SEARO
NEPAL,NA,NAWALPARASI,"NEPAL, NAWALPARASI",NPL,22364,NPL,NA,2016-01-01,2016-12-31,2016,3,Total,Admin1,Year,MOH-NPL-2016-Y01-00,SEARO
NEPAL,NA,PARSA,"NEPAL, PARSA",NPL,22353,NPL,NA,2016-01-01,2016-12-31,2016,7,Total,Admin1,Year,MOH-NPL-2016-Y01-00,SEARO
NEPAL,NA,SAPTARI,"NEPAL, SAPTARI",NPL,22354,NPL,NA,2016-01-01,2016-12-31,2016,1,Total,Admin1,Year,MOH-NPL-2016-Y01-00,SEARO
NEPAL,NA,KAVRE,"NEPAL, KAVRE",NPL,22353,NPL,NA,2016-01-01,2016-12-31,2016,2,Total,Admin1,Year,MOH-NPL-2016-Y01-00,SEARO
NEPAL,NA,BAGLUNG,"NEPAL, BAGLUNG",NPL,22360,NPL,NA,2016-01-01,2016-12-31,2016,1,Total,Admin1,Year,MOH-NPL-2016-Y01-00,SEARO
NEPAL,NA,KASKI,"NEPAL, KASKI",NPL,22362,NPL,NA,2016-01-01,2016-12-31,2016,1,Total,Admin1,Year,MOH-NPL-2016-Y01-00,SEARO
NEPAL,NA,MAHOTTARI,"NEPAL, MAHOTTARI",NPL,22352,NPL,NA,2016-01-01,2016-12-31,2016,3,Total,Admin1,Year,MOH-NPL-2016-Y01-00,SEARO
NEPAL,NA,KAPILVASTU,"NEPAL, KAPILVASTU",NPL,22360,NPL,NA,2016-01-01,2016-12-31,2016,3,Total,Admin1,Year,MOH-NPL-2016-Y01-00,SEARO
NEPAL,NA,LALITPUR,"NEPAL, LALITPUR",NPL,22351,NPL,NA,2016-01-01,2016-12-31,2016,1,Total,Admin1,Year,MOH-NPL-2016-Y01-00,SEARO
NEPAL,NA,KATHMANDU,"NEPAL, KATHMANDU",NPL,22351,NPL,NA,2016-01-01,2016-12-31,2016,5,Total,Admin1,Year,MOH-NPL-2016-Y01-00,SEARO
NEPAL,NA,NA,NEPAL,NPL,175,NPL,NA,2016-01-01,2016-12-31,2016,1523,Total,Admin0,Year,MOH-NPL-2016-Y01-00,SEARO
NEPAL,NA,NA,NEPAL,NPL,175,NPL,NA,2016-09-01,2016-09-30,2016,2,Total,Admin0,Month,WHO-ALL-2025-Y01-00,SEARO
NEPAL,NA,NA,NEPAL,NPL,175,NPL,NA,2016-11-01,2016-11-30,2016,442,Total,Admin0,Month,WHO-ALL-2025-Y01-00,SEARO
NEPAL,NA,NA,NEPAL,NPL,175,NPL,NA,2016-12-01,2016-12-31,2016,10,Total,Admin0,Month,WHO-ALL-2025-Y01-00,SEARO
NEPAL,NA,NA,NEPAL,NPL,175,NPL,NA,2017-01-01,2017-01-31,2017,3,Total,Admin0,Month,WHO-ALL-2025-Y01-00,SEARO
NEPAL,NA,NA,NEPAL,NPL,175,NPL,NA,2017-02-01,2017-02-28,2017,0,Total,Admin0,Month,WHO-ALL-2025-Y01-00,SEARO
NEPAL,NA,NA,NEPAL,NPL,175,NPL,NA,2017-03-01,2017-03-31,2017,0,Total,Admin0,Month,WHO-ALL-2025-Y01-00,SEARO
NEPAL,NA,NA,NEPAL,NPL,175,NPL,NA,2017-04-01,2017-04-30,2017,0,Total,Admin0,Month,WHO-ALL-2025-Y01-00,SEARO
NEPAL,NA,NA,NEPAL,NPL,175,NPL,NA,2017-05-01,2017-05-31,2017,2,Total,Admin0,Month,WHO-ALL-2025-Y01-00,SEARO
NEPAL,NA,NA,NEPAL,NPL,175,NPL,NA,2017-06-01,2017-06-30,2017,3,Total,Admin0,Month,WHO-ALL-2025-Y01-00,SEARO
NEPAL,NA,NA,NEPAL,NPL,175,NPL,NA,2017-07-01,2017-07-31,2017,1,Total,Admin0,Month,WHO-ALL-2025-Y01-00,SEARO
NEPAL,NA,NA,NEPAL,NPL,175,NPL,NA,2017-08-01,2017-08-31,2017,9,Total,Admin0,Month,WHO-ALL-2025-Y01-00,SEARO
NEPAL,NA,NA,NEPAL,NPL,175,NPL,NA,2017-09-01,2017-09-30,2017,17,Total,Admin0,Month,WHO-ALL-2025-Y01-00,SEARO
NEPAL,NA,NA,NEPAL,NPL,175,NPL,NA,2017-10-01,2017-10-31,2017,32,Total,Admin0,Month,WHO-ALL-2025-Y01-00,SEARO
NEPAL,NA,NA,NEPAL,NPL,175,NPL,NA,2017-11-01,2017-11-30,2017,11,Total,Admin0,Month,WHO-ALL-2025-Y01-00,SEARO
NEPAL,NA,NA,NEPAL,NPL,175,NPL,NA,2017-12-01,2017-12-31,2017,19,Total,Admin0,Month,WHO-ALL-2025-Y01-00,SEARO
NEPAL,NA,NA,NEPAL,NPL,175,NPL,NA,2018-01-01,2018-01-31,2018,3,Total,Admin0,Month,WHO-ALL-2025-Y01-00,SEARO
NEPAL,NA,NA,NEPAL,NPL,175,NPL,NA,2018-02-01,2018-02-28,2018,3,Total,Admin0,Month,WHO-ALL-2025-Y01-00,SEARO
NEPAL,NA,NA,NEPAL,NPL,175,NPL,NA,2018-03-01,2018-03-31,2018,1,Total,Admin0,Month,WHO-ALL-2025-Y01-00,SEARO
NEPAL,NA,NA,NEPAL,NPL,175,NPL,NA,2018-04-01,2018-04-30,2018,0,Total,Admin0,Month,WHO-ALL-2025-Y01-00,SEARO
NEPAL,NA,NA,NEPAL,NPL,175,NPL,NA,2021-04-11,2021-04-17,2021,8,Total,Admin0,Week,MOH-NPL-2021-Y02-00,SEARO
NEPAL,NA,NA,NEPAL,NPL,175,NPL,NA,2021-04-18,2021-04-24,2021,2,Total,Admin0,Week,MOH-NPL-2021-Y02-00,SEARO
NEPAL,NA,NA,NEPAL,NPL,175,NPL,NA,2021-04-25,2021-05-01,2021,1,Total,Admin0,Week,MOH-NPL-2021-Y02-00,SEARO
NEPAL,NA,NA,NEPAL,NPL,175,NPL,NA,2021-05-01,2021-05-31,2021,4,Total,Admin0,Month,WHO-ALL-2025-Y01-00,SEARO
NEPAL,NA,NA,NEPAL,NPL,175,NPL,NA,2021-05-02,2021-05-08,2021,1,Total,Admin0,Week,MOH-NPL-2021-Y02-00,SEARO
NEPAL,NA,NA,NEPAL,NPL,175,NPL,NA,2021-05-23,2021-05-29,2021,4,Total,Admin0,Week,MOH-NPL-2021-Y02-00,SEARO
NEPAL,NA,NA,NEPAL,NPL,175,NPL,NA,2021-05-30,2021-06-05,2021,1,Total,Admin0,Week,MOH-NPL-2021-Y02-00,SEARO
NEPAL,NA,NA,NEPAL,NPL,175,NPL,NA,2021-06-01,2021-06-30,2021,3,Total,Admin0,Month,WHO-ALL-2025-Y01-00,SEARO
NEPAL,NA,NA,NEPAL,NPL,175,NPL,NA,2021-06-13,2021-06-19,2021,2,Total,Admin0,Week,MOH-NPL-2021-Y02-00,SEARO
NEPAL,NA,NA,NEPAL,NPL,175,NPL,NA,2021-06-20,2021-06-26,2021,2,Total,Admin0,Week,MOH-NPL-2021-Y02-00,SEARO
NEPAL,NA,NA,NEPAL,NPL,175,NPL,NA,2021-06-27,2021-07-03,2021,18,Total,Admin0,Week,MOH-NPL-2021-Y02-00,SEARO
NEPAL,NA,NA,NEPAL,NPL,175,NPL,NA,2021-07-01,2021-07-31,2021,42,Total,Admin0,Month,WHO-ALL-2025-Y01-00,SEARO
NEPAL,NA,NA,NEPAL,NPL,175,NPL,NA,2021-07-04,2021-07-10,2021,1,Total,Admin0,Week,MOH-NPL-2021-Y02-00,SEARO
NEPAL,NA,NA,NEPAL,NPL,175,NPL,NA,2021-07-11,2021-07-17,2021,1,Total,Admin0,Week,MOH-NPL-2021-Y02-00,SEARO
NEPAL,NA,NA,NEPAL,NPL,175,NPL,NA,2021-07-18,2021-07-24,2021,11,Total,Admin0,Week,MOH-NPL-2021-Y02-00,SEARO
NEPAL,NA,NA,NEPAL,NPL,175,NPL,NA,2021-07-25,2021-07-31,2021,17,Total,Admin0,Week,MOH-NPL-2021-Y02-00,SEARO
NEPAL,NA,NA,NEPAL,NPL,175,NPL,NA,2021-08-01,2021-08-07,2021,17,Total,Admin0,Week,MOH-NPL-2021-Y02-00,SEARO
NEPAL,NA,NA,NEPAL,NPL,175,NPL,NA,2021-08-08,2021-08-14,2021,11,Total,Admin0,Week,MOH-NPL-2021-Y02-00,SEARO
NEPAL,NA,NA,NEPAL,NPL,175,NPL,NA,2021-08-15,2021-08-21,2021,14,Total,Admin0,Week,MOH-NPL-2021-Y02-00,SEARO
NEPAL,NA,NA,NEPAL,NPL,175,NPL,NA,2021-08-22,2021-08-28,2021,15,Total,Admin0,Week,MOH-NPL-2021-Y02-00,SEARO
NEPAL,NA,NA,NEPAL,NPL,175,NPL,NA,2021-08-29,2021-09-04,2021,17,Total,Admin0,Week,MOH-NPL-2021-Y02-00,SEARO
NEPAL,NA,NA,NEPAL,NPL,175,NPL,NA,2021-09-01,2021-09-30,2021,81,Total,Admin0,Month,WHO-ALL-2025-Y01-00,SEARO
NEPAL,NA,NA,NEPAL,NPL,175,NPL,NA,2021-09-05,2021-09-11,2021,18,Total,Admin0,Week,MOH-NPL-2021-Y02-00,SEARO
NEPAL,NA,NA,NEPAL,NPL,175,NPL,NA,2021-09-12,2021-09-18,2021,36,Total,Admin0,Week,MOH-NPL-2021-Y02-00,SEARO
NEPAL,NA,NA,NEPAL,NPL,175,NPL,NA,2021-09-19,2021-09-25,2021,10,Total,Admin0,Week,MOH-NPL-2021-Y02-00,SEARO
NEPAL,NA,NA,NEPAL,NPL,175,NPL,NA,2021-09-26,2021-10-02,2021,14,Total,Admin0,Week,MOH-NPL-2021-Y02-00,SEARO
NEPAL,NA,NA,NEPAL,NPL,175,NPL,NA,2021-10-01,2021-10-31,2021,66,Total,Admin0,Month,WHO-ALL-2025-Y01-00,SEARO
NEPAL,NA,NA,NEPAL,NPL,175,NPL,NA,2021-10-03,2021-10-09,2021,11,Total,Admin0,Week,MOH-NPL-2021-Y02-00,SEARO
NEPAL,NA,NA,NEPAL,NPL,175,NPL,NA,2021-10-10,2021-10-16,2021,16,Total,Admin0,Week,MOH-NPL-2021-Y02-00,SEARO
NEPAL,NA,NA,NEPAL,NPL,175,NPL,NA,2021-10-17,2021-10-23,2021,12,Total,Admin0,Week,MOH-NPL-2021-Y02-00,SEARO
NEPAL,NA,NA,NEPAL,NPL,175,NPL,NA,2021-10-24,2021-10-30,2021,14,Total,Admin0,Week,MOH-NPL-2021-Y02-00,SEARO
NEPAL,NA,NA,NEPAL,NPL,175,NPL,NA,2021-10-31,2021-11-06,2021,10,Total,Admin0,Week,MOH-NPL-2021-Y02-00,SEARO
NEPAL,NA,NA,NEPAL,NPL,175,NPL,NA,2021-11-01,2021-11-30,2021,57,Total,Admin0,Month,WHO-ALL-2025-Y01-00,SEARO
NEPAL,NA,NA,NEPAL,NPL,175,NPL,NA,2021-11-07,2021-11-13,2021,4,Total,Admin0,Week,MOH-NPL-2021-Y02-00,SEARO
NEPAL,NA,NA,NEPAL,NPL,175,NPL,NA,2021-11-14,2021-11-20,2021,9,Total,Admin0,Week,MOH-NPL-2021-Y02-00,SEARO
NEPAL,NA,NA,NEPAL,NPL,175,NPL,NA,2021-11-21,2021-11-27,2021,6,Total,Admin0,Week,MOH-NPL-2021-Y02-00,SEARO
NEPAL,NA,NA,NEPAL,NPL,175,NPL,NA,2021-11-28,2021-12-04,2021,4,Total,Admin0,Week,MOH-NPL-2021-Y02-00,SEARO
NEPAL,NA,NA,NEPAL,NPL,175,NPL,NA,2021-12-01,2021-12-31,2021,20,Total,Admin0,Month,WHO-ALL-2025-Y01-00,SEARO
NEPAL,NA,NA,NEPAL,NPL,175,NPL,NA,2021-12-05,2021-12-11,2021,7,Total,Admin0,Week,MOH-NPL-2021-Y02-00,SEARO
NEPAL,NA,NA,NEPAL,NPL,175,NPL,NA,2021-12-12,2021-12-18,2021,7,Total,Admin0,Week,MOH-NPL-2021-Y02-00,SEARO
NEPAL,NA,NA,NEPAL,NPL,175,NPL,NA,2021-12-19,2021-12-25,2021,4,Total,Admin0,Week,MOH-NPL-2021-Y02-00,SEARO
NEPAL,NA,NA,NEPAL,NPL,175,NPL,NA,2021-12-26,2022-01-01,2021,1,Total,Admin0,Week,MOH-NPL-2021-Y02-00,SEARO
NEPAL,NA,NA,NEPAL,NPL,175,NPL,NA,2022-01-01,2022-01-31,2022,10,Total,Admin0,Month,WHO-ALL-2025-Y01-00,SEARO
NEPAL,SUDURPASCHIM PROVINCE,ACHHAM,"NEPAL, SUDURPASCHIM PROVINCE, ACHHAM",NPL,22357,NP-MA,NA,2022-01-01,2022-01-31,2022,0,Total,Admin2,Month,MOH-NPL-2022-Y04-00,SEARO
NEPAL,LUMBINI PROVINCE,ARGHAKHANCHI,"NEPAL, LUMBINI PROVINCE, ARGHAKHANCHI",NPL,22364,NP-LU,NA,2022-01-01,2022-01-31,2022,0,Total,Admin2,Month,MOH-NPL-2022-Y04-00,SEARO
NEPAL,GANDAKI PROVINCE,BAGLUNG,"NEPAL, GANDAKI PROVINCE, BAGLUNG",NPL,22363,NP-GA,NA,2022-01-01,2022-01-31,2022,0,Total,Admin2,Month,MOH-NPL-2022-Y04-00,SEARO
NEPAL,SUDURPASCHIM PROVINCE,BAITADI,"NEPAL, SUDURPASCHIM PROVINCE, BAITADI",NPL,22357,NP-MA,NA,2022-01-01,2022-01-31,2022,0,Total,Admin2,Month,MOH-NPL-2022-Y04-00,SEARO
NEPAL,SUDURPASCHIM PROVINCE,BAJHANG,"NEPAL, SUDURPASCHIM PROVINCE, BAJHANG",NPL,22357,NP-MA,NA,2022-01-01,2022-01-31,2022,1,Total,Admin2,Month,MOH-NPL-2022-Y04-00,SEARO
NEPAL,SUDURPASCHIM PROVINCE,BAJURA,"NEPAL, SUDURPASCHIM PROVINCE, BAJURA",NPL,22357,NP-MA,NA,2022-01-01,2022-01-31,2022,0,Total,Admin2,Month,MOH-NPL-2022-Y04-00,SEARO
NEPAL,LUMBINI PROVINCE,BANKE,"NEPAL, LUMBINI PROVINCE, BANKE",NPL,22364,NP-LU,NA,2022-01-01,2022-01-31,2022,0,Total,Admin2,Month,MOH-NPL-2022-Y04-00,SEARO
NEPAL,MADHESH PROVINCE,BARA,"NEPAL, MADHESH PROVINCE, BARA",NPL,22352,NP-JA,NA,2022-01-01,2022-01-31,2022,1,Total,Admin2,Month,MOH-NPL-2022-Y04-00,SEARO
NEPAL,LUMBINI PROVINCE,BARDIYA,"NEPAL, LUMBINI PROVINCE, BARDIYA",NPL,22364,NP-LU,NA,2022-01-01,2022-01-31,2022,0,Total,Admin2,Month,MOH-NPL-2022-Y04-00,SEARO
NEPAL,BAGMATI PROVINCE,BHAKTAPUR,"NEPAL, BAGMATI PROVINCE, BHAKTAPUR",NPL,22351,NP-BA,NA,2022-01-01,2022-01-31,2022,0,Total,Admin2,Month,MOH-NPL-2022-Y04-00,SEARO
NEPAL,KOSHI PROVINCE,BHOJPUR,"NEPAL, KOSHI PROVINCE, BHOJPUR",NPL,22354,NP-KO,NA,2022-01-01,2022-01-31,2022,0,Total,Admin2,Month,MOH-NPL-2022-Y04-00,SEARO
NEPAL,BAGMATI PROVINCE,CHITAWAN,"NEPAL, BAGMATI PROVINCE, CHITAWAN",NPL,22351,NP-BA,NA,2022-01-01,2022-01-31,2022,0,Total,Admin2,Month,MOH-NPL-2022-Y04-00,SEARO
NEPAL,SUDURPASCHIM PROVINCE,DADELDHURA,"NEPAL, SUDURPASCHIM PROVINCE, DADELDHURA",NPL,22357,NP-MA,NA,2022-01-01,2022-01-31,2022,0,Total,Admin2,Month,MOH-NPL-2022-Y04-00,SEARO
NEPAL,KARNALI PROVINCE,DAILEKH,"NEPAL, KARNALI PROVINCE, DAILEKH",NPL,22359,NP-KA,NA,2022-01-01,2022-01-31,2022,0,Total,Admin2,Month,MOH-NPL-2022-Y04-00,SEARO
NEPAL,LUMBINI PROVINCE,DANG,"NEPAL, LUMBINI PROVINCE, DANG",NPL,22364,NP-LU,NA,2022-01-01,2022-01-31,2022,0,Total,Admin2,Month,MOH-NPL-2022-Y04-00,SEARO
NEPAL,SUDURPASCHIM PROVINCE,DARCHULA,"NEPAL, SUDURPASCHIM PROVINCE, DARCHULA",NPL,22357,NP-MA,NA,2022-01-01,2022-01-31,2022,0,Total,Admin2,Month,MOH-NPL-2022-Y04-00,SEARO
NEPAL,BAGMATI PROVINCE,DHADING,"NEPAL, BAGMATI PROVINCE, DHADING",NPL,22351,NP-BA,NA,2022-01-01,2022-01-31,2022,0,Total,Admin2,Month,MOH-NPL-2022-Y04-00,SEARO
NEPAL,KOSHI PROVINCE,DHANKUTA,"NEPAL, KOSHI PROVINCE, DHANKUTA",NPL,22354,NP-KO,NA,2022-01-01,2022-01-31,2022,0,Total,Admin2,Month,MOH-NPL-2022-Y04-00,SEARO
NEPAL,MADHESH PROVINCE,DHANUSA,"NEPAL, MADHESH PROVINCE, DHANUSA",NPL,22352,NP-JA,NA,2022-01-01,2022-01-31,2022,0,Total,Admin2,Month,MOH-NPL-2022-Y04-00,SEARO
NEPAL,BAGMATI PROVINCE,DOLAKHA,"NEPAL, BAGMATI PROVINCE, DOLAKHA",NPL,22351,NP-BA,NA,2022-01-01,2022-01-31,2022,0,Total,Admin2,Month,MOH-NPL-2022-Y04-00,SEARO
NEPAL,KARNALI PROVINCE,DOLPA,"NEPAL, KARNALI PROVINCE, DOLPA",NPL,22359,NP-KA,NA,2022-01-01,2022-01-31,2022,0,Total,Admin2,Month,MOH-NPL-2022-Y04-00,SEARO
NEPAL,SUDURPASCHIM PROVINCE,DOTI,"NEPAL, SUDURPASCHIM PROVINCE, DOTI",NPL,22357,NP-MA,NA,2022-01-01,2022-01-31,2022,0,Total,Admin2,Month,MOH-NPL-2022-Y04-00,SEARO
NEPAL,GANDAKI PROVINCE,GORKHA,"NEPAL, GANDAKI PROVINCE, GORKHA",NPL,22363,NP-GA,NA,2022-01-01,2022-01-31,2022,0,Total,Admin2,Month,MOH-NPL-2022-Y04-00,SEARO
NEPAL,LUMBINI PROVINCE,GULMI,"NEPAL, LUMBINI PROVINCE, GULMI",NPL,22364,NP-LU,NA,2022-01-01,2022-01-31,2022,0,Total,Admin2,Month,MOH-NPL-2022-Y04-00,SEARO
NEPAL,KARNALI PROVINCE,HUMLA,"NEPAL, KARNALI PROVINCE, HUMLA",NPL,22359,NP-KA,NA,2022-01-01,2022-01-31,2022,0,Total,Admin2,Month,MOH-NPL-2022-Y04-00,SEARO
NEPAL,KOSHI PROVINCE,ILAM,"NEPAL, KOSHI PROVINCE, ILAM",NPL,22354,NP-KO,NA,2022-01-01,2022-01-31,2022,0,Total,Admin2,Month,MOH-NPL-2022-Y04-00,SEARO
NEPAL,KARNALI PROVINCE,JAJARKOT,"NEPAL, KARNALI PROVINCE, JAJARKOT",NPL,22359,NP-KA,NA,2022-01-01,2022-01-31,2022,0,Total,Admin2,Month,MOH-NPL-2022-Y04-00,SEARO
NEPAL,KOSHI PROVINCE,JHAPA,"NEPAL, KOSHI PROVINCE, JHAPA",NPL,22354,NP-KO,NA,2022-01-01,2022-01-31,2022,1,Total,Admin2,Month,MOH-NPL-2022-Y04-00,SEARO
NEPAL,KARNALI PROVINCE,JUMLA,"NEPAL, KARNALI PROVINCE, JUMLA",NPL,22359,NP-KA,NA,2022-01-01,2022-01-31,2022,1,Total,Admin2,Month,MOH-NPL-2022-Y04-00,SEARO
NEPAL,SUDURPASCHIM PROVINCE,KAILALI,"NEPAL, SUDURPASCHIM PROVINCE, KAILALI",NPL,22357,NP-MA,NA,2022-01-01,2022-01-31,2022,2,Total,Admin2,Month,MOH-NPL-2022-Y04-00,SEARO
NEPAL,KARNALI PROVINCE,KALIKOT,"NEPAL, KARNALI PROVINCE, KALIKOT",NPL,22359,NP-KA,NA,2022-01-01,2022-01-31,2022,0,Total,Admin2,Month,MOH-NPL-2022-Y04-00,SEARO
NEPAL,SUDURPASCHIM PROVINCE,KANCHANPUR,"NEPAL, SUDURPASCHIM PROVINCE, KANCHANPUR",NPL,22357,NP-MA,NA,2022-01-01,2022-01-31,2022,2,Total,Admin2,Month,MOH-NPL-2022-Y04-00,SEARO
NEPAL,LUMBINI PROVINCE,KAPILBASTU,"NEPAL, LUMBINI PROVINCE, KAPILBASTU",NPL,22364,NP-LU,NA,2022-01-01,2022-01-31,2022,0,Total,Admin2,Month,MOH-NPL-2022-Y04-00,SEARO
NEPAL,GANDAKI PROVINCE,KASKI,"NEPAL, GANDAKI PROVINCE, KASKI",NPL,22363,NP-GA,NA,2022-01-01,2022-01-31,2022,0,Total,Admin2,Month,MOH-NPL-2022-Y04-00,SEARO
NEPAL,BAGMATI PROVINCE,KATHMANDU,"NEPAL, BAGMATI PROVINCE, KATHMANDU",NPL,22351,NP-BA,NA,2022-01-01,2022-01-31,2022,0,Total,Admin2,Month,MOH-NPL-2022-Y04-00,SEARO
NEPAL,NA,NA,NEPAL,NPL,175,NPL,NA,2018-11-01,2018-11-30,2018,48,Total,Admin0,Month,WHO-ALL-2025-Y01-00,SEARO
NEPAL,NA,NA,NEPAL,NPL,175,NPL,NA,2018-12-01,2018-12-31,2018,12,Total,Admin0,Month,WHO-ALL-2025-Y01-00,SEARO
NEPAL,NA,NA,NEPAL,NPL,175,NPL,NA,2019-01-01,2019-01-31,2019,3,Total,Admin0,Month,WHO-ALL-2025-Y01-00,SEARO
NEPAL,NA,NA,NEPAL,NPL,175,NPL,NA,2019-02-01,2019-02-28,2019,0,Total,Admin0,Month,WHO-ALL-2025-Y01-00,SEARO
NEPAL,NA,NA,NEPAL,NPL,175,NPL,NA,2019-03-01,2019-03-31,2019,2,Total,Admin0,Month,WHO-ALL-2025-Y01-00,SEARO
NEPAL,NA,NA,NEPAL,NPL,175,NPL,NA,2019-04-01,2019-04-30,2019,3,Total,Admin0,Month,WHO-ALL-2025-Y01-00,SEARO
NEPAL,NA,NA,NEPAL,NPL,175,NPL,NA,2019-05-01,2019-05-31,2019,29,Total,Admin0,Month,WHO-ALL-2025-Y01-00,SEARO
NEPAL,NA,NA,NEPAL,NPL,175,NPL,NA,2019-06-01,2019-06-30,2019,108,Total,Admin0,Month,WHO-ALL-2025-Y01-00,SEARO
NEPAL,NA,NA,NEPAL,NPL,175,NPL,NA,2019-07-01,2019-07-31,2019,218,Total,Admin0,Month,WHO-ALL-2025-Y01-00,SEARO
NEPAL,NA,NA,NEPAL,NPL,175,NPL,NA,2019-08-01,2019-08-31,2019,1096,Total,Admin0,Month,WHO-ALL-2025-Y01-00,SEARO
NEPAL,NA,NA,NEPAL,NPL,175,NPL,NA,2019-09-01,2019-09-30,2019,5006,Total,Admin0,Month,WHO-ALL-2025-Y01-00,SEARO
NEPAL,NA,NA,NEPAL,NPL,175,NPL,NA,2019-10-01,2019-10-31,2019,2976,Total,Admin0,Month,WHO-ALL-2025-Y01-00,SEARO
NEPAL,NA,NA,NEPAL,NPL,175,NPL,NA,2019-11-01,2019-11-30,2019,828,Total,Admin0,Month,WHO-ALL-2025-Y01-00,SEARO
NEPAL,NA,NA,NEPAL,NPL,175,NPL,NA,2019-12-01,2019-12-31,2019,77,Total,Admin0,Month,WHO-ALL-2025-Y01-00,SEARO
NEPAL,NA,NA,NEPAL,NPL,175,NPL,NA,2020-01-01,2020-01-31,2020,15,Total,Admin0,Month,WHO-ALL-2025-Y01-00,SEARO
NEPAL,NA,NA,NEPAL,NPL,175,NPL,NA,2020-02-01,2020-02-29,2020,15,Total,Admin0,Month,WHO-ALL-2025-Y01-00,SEARO
NEPAL,NA,NA,NEPAL,NPL,175,NPL,NA,2020-03-01,2020-03-31,2020,10,Total,Admin0,Month,WHO-ALL-2025-Y01-00,SEARO
NEPAL,NA,NA,NEPAL,NPL,175,NPL,NA,2020-04-01,2020-04-30,2020,6,Total,Admin0,Month,WHO-ALL-2025-Y01-00,SEARO
NEPAL,NA,NA,NEPAL,NPL,175,NPL,NA,2020-05-01,2020-05-31,2020,28,Total,Admin0,Month,WHO-ALL-2025-Y01-00,SEARO
NEPAL,NA,NA,NEPAL,NPL,175,NPL,NA,2020-06-01,2020-06-30,2020,18,Total,Admin0,Month,WHO-ALL-2025-Y01-00,SEARO
NEPAL,NA,NA,NEPAL,NPL,175,NPL,NA,2020-07-01,2020-07-31,2020,43,Total,Admin0,Month,WHO-ALL-2025-Y01-00,SEARO
NEPAL,NA,NA,NEPAL,NPL,175,NPL,NA,2020-08-01,2020-08-31,2020,80,Total,Admin0,Month,WHO-ALL-2025-Y01-00,SEARO
NEPAL,NA,NA,NEPAL,NPL,175,NPL,NA,2020-09-01,2020-09-30,2020,82,Total,Admin0,Month,WHO-ALL-2025-Y01-00,SEARO
NEPAL,NA,NA,NEPAL,NPL,175,NPL,NA,2020-10-01,2020-10-31,2020,60,Total,Admin0,Month,WHO-ALL-2025-Y01-00,SEARO
NEPAL,NA,NA,NEPAL,NPL,175,NPL,NA,2020-11-01,2020-11-30,2020,31,Total,Admin0,Month,WHO-ALL-2025-Y01-00,SEARO
NEPAL,NA,NA,NEPAL,NPL,175,NPL,NA,2020-12-01,2020-12-31,2020,10,Total,Admin0,Month,WHO-ALL-2025-Y01-00,SEARO
NEPAL,NA,NA,NEPAL,NPL,175,NPL,NA,2021-01-01,2021-01-31,2021,3,Total,Admin0,Month,WHO-ALL-2025-Y01-00,SEARO
NEPAL,GANDAKI,NA,"NEPAL, GANDAKI",NPL,22363,NP-GA,NA,2021-01-01,2021-12-31,2021,99,Total,Admin1,Year,MOH-NPL-2021-Y02-00,SEARO
NEPAL,KARNALI,NA,"NEPAL, KARNALI",NPL,22359,NP-KA,NA,2021-01-01,2021-12-31,2021,10,Total,Admin1,Year,MOH-NPL-2021-Y02-00,SEARO
NEPAL,LUMBINI,NA,"NEPAL, LUMBINI",NPL,22364,NP-LU,NA,2021-01-01,2021-12-31,2021,94,Total,Admin1,Year,MOH-NPL-2021-Y02-00,SEARO
NEPAL,PROVINCE 1,NA,"NEPAL, PROVINCE 1",NPL,22354,NP-KO,NA,2021-01-01,2021-12-31,2021,108,Total,Admin1,Year,MOH-NPL-2021-Y02-00,SEARO
NEPAL,MADHESH,NA,"NEPAL, MADHESH",NPL,22352,NP-JA,NA,2021-01-01,2021-12-31,2021,15,Total,Admin1,Year,MOH-NPL-2021-Y02-00,SEARO
NEPAL,BAGMATI,NA,"NEPAL, BAGMATI",NPL,22351,NP-BA,NA,2021-01-01,2021-12-31,2021,107,Total,Admin1,Year,MOH-NPL-2021-Y02-00,SEARO
NEPAL,SUDURPASCHIM,NA,"NEPAL, SUDURPASCHIM",NPL,22357,NP-MA,NA,2021-01-01,2021-12-31,2021,97,Total,Admin1,Year,MOH-NPL-2021-Y02-00,SEARO
NEPAL,NA,NA,NEPAL,NPL,175,NPL,NA,2021-01-24,2021-01-30,2021,1,Total,Admin0,Week,MOH-NPL-2021-Y02-00,SEARO
NEPAL,NA,NA,NEPAL,NPL,175,NPL,NA,2021-02-01,2021-02-28,2021,10,Total,Admin0,Month,WHO-ALL-2025-Y01-00,SEARO
NEPAL,NA,NA,NEPAL,NPL,175,NPL,NA,2021-02-14,2021-02-20,2021,1,Total,Admin0,Week,MOH-NPL-2021-Y02-00,SEARO
NEPAL,NA,NA,NEPAL,NPL,175,NPL,NA,2021-02-28,2021-03-06,2021,1,Total,Admin0,Week,MOH-NPL-2021-Y02-00,SEARO
NEPAL,NA,NA,NEPAL,NPL,175,NPL,NA,2021-03-01,2021-03-31,2021,7,Total,Admin0,Month,WHO-ALL-2025-Y01-00,SEARO
NEPAL,NA,NA,NEPAL,NPL,175,NPL,NA,2021-03-07,2021-03-13,2021,1,Total,Admin0,Week,MOH-NPL-2021-Y02-00,SEARO
NEPAL,NA,NA,NEPAL,NPL,175,NPL,NA,2021-03-21,2021-03-27,2021,1,Total,Admin0,Week,MOH-NPL-2021-Y02-00,SEARO
NEPAL,NA,NA,NEPAL,NPL,175,NPL,NA,2021-03-28,2021-04-03,2021,1,Total,Admin0,Week,MOH-NPL-2021-Y02-00,SEARO
NEPAL,NA,NA,NEPAL,NPL,175,NPL,NA,2021-04-01,2021-04-30,2021,16,Total,Admin0,Month,WHO-ALL-2025-Y01-00,SEARO
NEPAL,SUDURPASCHIM PROVINCE,ACHHAM,"NEPAL, SUDURPASCHIM PROVINCE, ACHHAM",NPL,22357,NP-MA,NA,2022-02-01,2022-02-28,2022,0,Total,Admin2,Month,MOH-NPL-2022-Y04-00,SEARO
NEPAL,LUMBINI PROVINCE,ARGHAKHANCHI,"NEPAL, LUMBINI PROVINCE, ARGHAKHANCHI",NPL,22364,NP-LU,NA,2022-02-01,2022-02-28,2022,0,Total,Admin2,Month,MOH-NPL-2022-Y04-00,SEARO
NEPAL,GANDAKI PROVINCE,BAGLUNG,"NEPAL, GANDAKI PROVINCE, BAGLUNG",NPL,22363,NP-GA,NA,2022-02-01,2022-02-28,2022,0,Total,Admin2,Month,MOH-NPL-2022-Y04-00,SEARO
NEPAL,SUDURPASCHIM PROVINCE,BAITADI,"NEPAL, SUDURPASCHIM PROVINCE, BAITADI",NPL,22357,NP-MA,NA,2022-02-01,2022-02-28,2022,0,Total,Admin2,Month,MOH-NPL-2022-Y04-00,SEARO
NEPAL,SUDURPASCHIM PROVINCE,BAJHANG,"NEPAL, SUDURPASCHIM PROVINCE, BAJHANG",NPL,22357,NP-MA,NA,2022-02-01,2022-02-28,2022,0,Total,Admin2,Month,MOH-NPL-2022-Y04-00,SEARO
NEPAL,SUDURPASCHIM PROVINCE,BAJURA,"NEPAL, SUDURPASCHIM PROVINCE, BAJURA",NPL,22357,NP-MA,NA,2022-02-01,2022-02-28,2022,0,Total,Admin2,Month,MOH-NPL-2022-Y04-00,SEARO
NEPAL,LUMBINI PROVINCE,BANKE,"NEPAL, LUMBINI PROVINCE, BANKE",NPL,22364,NP-LU,NA,2022-02-01,2022-02-28,2022,1,Total,Admin2,Month,MOH-NPL-2022-Y04-00,SEARO
NEPAL,MADHESH PROVINCE,BARA,"NEPAL, MADHESH PROVINCE, BARA",NPL,22352,NP-JA,NA,2022-02-01,2022-02-28,2022,0,Total,Admin2,Month,MOH-NPL-2022-Y04-00,SEARO
NEPAL,LUMBINI PROVINCE,BARDIYA,"NEPAL, LUMBINI PROVINCE, BARDIYA",NPL,22364,NP-LU,NA,2022-02-01,2022-02-28,2022,0,Total,Admin2,Month,MOH-NPL-2022-Y04-00,SEARO
NEPAL,BAGMATI PROVINCE,BHAKTAPUR,"NEPAL, BAGMATI PROVINCE, BHAKTAPUR",NPL,22351,NP-BA,NA,2022-02-01,2022-02-28,2022,0,Total,Admin2,Month,MOH-NPL-2022-Y04-00,SEARO
NEPAL,KOSHI PROVINCE,BHOJPUR,"NEPAL, KOSHI PROVINCE, BHOJPUR",NPL,22354,NP-KO,NA,2022-02-01,2022-02-28,2022,0,Total,Admin2,Month,MOH-NPL-2022-Y04-00,SEARO
NEPAL,BAGMATI PROVINCE,CHITAWAN,"NEPAL, BAGMATI PROVINCE, CHITAWAN",NPL,22351,NP-BA,NA,2022-02-01,2022-02-28,2022,0,Total,Admin2,Month,MOH-NPL-2022-Y04-00,SEARO
NEPAL,SUDURPASCHIM PROVINCE,DADELDHURA,"NEPAL, SUDURPASCHIM PROVINCE, DADELDHURA",NPL,22357,NP-MA,NA,2022-02-01,2022-02-28,2022,0,Total,Admin2,Month,MOH-NPL-2022-Y04-00,SEARO
NEPAL,KARNALI PROVINCE,DAILEKH,"NEPAL, KARNALI PROVINCE, DAILEKH",NPL,22359,NP-KA,NA,2022-02-01,2022-02-28,2022,0,Total,Admin2,Month,MOH-NPL-2022-Y04-00,SEARO
NEPAL,LUMBINI PROVINCE,DANG,"NEPAL, LUMBINI PROVINCE, DANG",NPL,22364,NP-LU,NA,2022-02-01,2022-02-28,2022,0,Total,Admin2,Month,MOH-NPL-2022-Y04-00,SEARO
NEPAL,SUDURPASCHIM PROVINCE,DARCHULA,"NEPAL, SUDURPASCHIM PROVINCE, DARCHULA",NPL,22357,NP-MA,NA,2022-02-01,2022-02-28,2022,0,Total,Admin2,Month,MOH-NPL-2022-Y04-00,SEARO
NEPAL,BAGMATI PROVINCE,DHADING,"NEPAL, BAGMATI PROVINCE, DHADING",NPL,22351,NP-BA,NA,2022-02-01,2022-02-28,2022,0,Total,Admin2,Month,MOH-NPL-2022-Y04-00,SEARO
NEPAL,KOSHI PROVINCE,DHANKUTA,"NEPAL, KOSHI PROVINCE, DHANKUTA",NPL,22354,NP-KO,NA,2022-02-01,2022-02-28,2022,0,Total,Admin2,Month,MOH-NPL-2022-Y04-00,SEARO
NEPAL,MADHESH PROVINCE,DHANUSA,"NEPAL, MADHESH PROVINCE, DHANUSA",NPL,22352,NP-JA,NA,2022-02-01,2022-02-28,2022,0,Total,Admin2,Month,MOH-NPL-2022-Y04-00,SEARO
NEPAL,BAGMATI PROVINCE,DOLAKHA,"NEPAL, BAGMATI PROVINCE, DOLAKHA",NPL,22351,NP-BA,NA,2022-02-01,2022-02-28,2022,0,Total,Admin2,Month,MOH-NPL-2022-Y04-00,SEARO
NEPAL,KARNALI PROVINCE,DOLPA,"NEPAL, KARNALI PROVINCE, DOLPA",NPL,22359,NP-KA,NA,2022-02-01,2022-02-28,2022,0,Total,Admin2,Month,MOH-NPL-2022-Y04-00,SEARO
NEPAL,SUDURPASCHIM PROVINCE,DOTI,"NEPAL, SUDURPASCHIM PROVINCE, DOTI",NPL,22357,NP-MA,NA,2022-02-01,2022-02-28,2022,0,Total,Admin2,Month,MOH-NPL-2022-Y04-00,SEARO
NEPAL,GANDAKI PROVINCE,GORKHA,"NEPAL, GANDAKI PROVINCE, GORKHA",NPL,22363,NP-GA,NA,2022-02-01,2022-02-28,2022,0,Total,Admin2,Month,MOH-NPL-2022-Y04-00,SEARO
NEPAL,LUMBINI PROVINCE,GULMI,"NEPAL, LUMBINI PROVINCE, GULMI",NPL,22364,NP-LU,NA,2022-02-01,2022-02-28,2022,0,Total,Admin2,Month,MOH-NPL-2022-Y04-00,SEARO
NEPAL,KARNALI PROVINCE,HUMLA,"NEPAL, KARNALI PROVINCE, HUMLA",NPL,22359,NP-KA,NA,2022-02-01,2022-02-28,2022,0,Total,Admin2,Month,MOH-NPL-2022-Y04-00,SEARO
NEPAL,KOSHI PROVINCE,ILAM,"NEPAL, KOSHI PROVINCE, ILAM",NPL,22354,NP-KO,NA,2022-02-01,2022-02-28,2022,0,Total,Admin2,Month,MOH-NPL-2022-Y04-00,SEARO
NEPAL,KARNALI PROVINCE,JAJARKOT,"NEPAL, KARNALI PROVINCE, JAJARKOT",NPL,22359,NP-KA,NA,2022-02-01,2022-02-28,2022,0,Total,Admin2,Month,MOH-NPL-2022-Y04-00,SEARO
NEPAL,KOSHI PROVINCE,JHAPA,"NEPAL, KOSHI PROVINCE, JHAPA",NPL,22354,NP-KO,NA,2022-02-01,2022-02-28,2022,0,Total,Admin2,Month,MOH-NPL-2022-Y04-00,SEARO
NEPAL,KARNALI PROVINCE,JUMLA,"NEPAL, KARNALI PROVINCE, JUMLA",NPL,22359,NP-KA,NA,2022-02-01,2022-02-28,2022,0,Total,Admin2,Month,MOH-NPL-2022-Y04-00,SEARO
NEPAL,SUDURPASCHIM PROVINCE,KAILALI,"NEPAL, SUDURPASCHIM PROVINCE, KAILALI",NPL,22357,NP-MA,NA,2022-02-01,2022-02-28,2022,0,Total,Admin2,Month,MOH-NPL-2022-Y04-00,SEARO
NEPAL,KARNALI PROVINCE,KALIKOT,"NEPAL, KARNALI PROVINCE, KALIKOT",NPL,22359,NP-KA,NA,2022-02-01,2022-02-28,2022,0,Total,Admin2,Month,MOH-NPL-2022-Y04-00,SEARO
NEPAL,SUDURPASCHIM PROVINCE,KANCHANPUR,"NEPAL, SUDURPASCHIM PROVINCE, KANCHANPUR",NPL,22357,NP-MA,NA,2022-02-01,2022-02-28,2022,0,Total,Admin2,Month,MOH-NPL-2022-Y04-00,SEARO
NEPAL,LUMBINI PROVINCE,KAPILBASTU,"NEPAL, LUMBINI PROVINCE, KAPILBASTU",NPL,22364,NP-LU,NA,2022-02-01,2022-02-28,2022,0,Total,Admin2,Month,MOH-NPL-2022-Y04-00,SEARO
NEPAL,GANDAKI PROVINCE,KASKI,"NEPAL, GANDAKI PROVINCE, KASKI",NPL,22363,NP-GA,NA,2022-02-01,2022-02-28,2022,0,Total,Admin2,Month,MOH-NPL-2022-Y04-00,SEARO
NEPAL,BAGMATI PROVINCE,KATHMANDU,"NEPAL, BAGMATI PROVINCE, KATHMANDU",NPL,22351,NP-BA,NA,2022-02-01,2022-02-28,2022,0,Total,Admin2,Month,MOH-NPL-2022-Y04-00,SEARO
NEPAL,BAGMATI PROVINCE,KAVREPALANCHOK,"NEPAL, BAGMATI PROVINCE, KAVREPALANCHOK",NPL,22351,NP-BA,NA,2022-02-01,2022-02-28,2022,0,Total,Admin2,Month,MOH-NPL-2022-Y04-00,SEARO
NEPAL,KOSHI PROVINCE,KHOTANG,"NEPAL, KOSHI PROVINCE, KHOTANG",NPL,22354,NP-KO,NA,2022-02-01,2022-02-28,2022,0,Total,Admin2,Month,MOH-NPL-2022-Y04-00,SEARO
NEPAL,BAGMATI PROVINCE,LALITPUR,"NEPAL, BAGMATI PROVINCE, LALITPUR",NPL,22351,NP-BA,NA,2022-02-01,2022-02-28,2022,0,Total,Admin2,Month,MOH-NPL-2022-Y04-00,SEARO
NEPAL,GANDAKI PROVINCE,LAMJUNG,"NEPAL, GANDAKI PROVINCE, LAMJUNG",NPL,22363,NP-GA,NA,2022-02-01,2022-02-28,2022,0,Total,Admin2,Month,MOH-NPL-2022-Y04-00,SEARO
NEPAL,MADHESH PROVINCE,MAHOTTARI,"NEPAL, MADHESH PROVINCE, MAHOTTARI",NPL,22352,NP-JA,NA,2022-02-01,2022-02-28,2022,0,Total,Admin2,Month,MOH-NPL-2022-Y04-00,SEARO
NEPAL,BAGMATI PROVINCE,MAKWANPUR,"NEPAL, BAGMATI PROVINCE, MAKWANPUR",NPL,22351,NP-BA,NA,2022-02-01,2022-02-28,2022,0,Total,Admin2,Month,MOH-NPL-2022-Y04-00,SEARO
NEPAL,GANDAKI PROVINCE,MANANG,"NEPAL, GANDAKI PROVINCE, MANANG",NPL,22363,NP-GA,NA,2022-02-01,2022-02-28,2022,0,Total,Admin2,Month,MOH-NPL-2022-Y04-00,SEARO
NEPAL,KOSHI PROVINCE,MORANG,"NEPAL, KOSHI PROVINCE, MORANG",NPL,22354,NP-KO,NA,2022-02-01,2022-02-28,2022,0,Total,Admin2,Month,MOH-NPL-2022-Y04-00,SEARO
NEPAL,KARNALI PROVINCE,MUGU,"NEPAL, KARNALI PROVINCE, MUGU",NPL,22359,NP-KA,NA,2022-02-01,2022-02-28,2022,0,Total,Admin2,Month,MOH-NPL-2022-Y04-00,SEARO
NEPAL,GANDAKI PROVINCE,MUSTANG,"NEPAL, GANDAKI PROVINCE, MUSTANG",NPL,22363,NP-GA,NA,2022-02-01,2022-02-28,2022,0,Total,Admin2,Month,MOH-NPL-2022-Y04-00,SEARO
NEPAL,GANDAKI PROVINCE,MYAGDI,"NEPAL, GANDAKI PROVINCE, MYAGDI",NPL,22363,NP-GA,NA,2022-02-01,2022-02-28,2022,0,Total,Admin2,Month,MOH-NPL-2022-Y04-00,SEARO
NEPAL,GANDAKI PROVINCE,NAWALPARASI EAST,"NEPAL, GANDAKI PROVINCE, NAWALPARASI EAST",NPL,22363,NP-GA,NA,2022-02-01,2022-02-28,2022,0,Total,Admin2,Month,MOH-NPL-2022-Y04-00,SEARO
NEPAL,LUMBINI PROVINCE,NAWALPARASI WEST,"NEPAL, LUMBINI PROVINCE, NAWALPARASI WEST",NPL,22364,NP-LU,NA,2022-02-01,2022-02-28,2022,0,Total,Admin2,Month,MOH-NPL-2022-Y04-00,SEARO
NEPAL,BAGMATI PROVINCE,NUWAKOT,"NEPAL, BAGMATI PROVINCE, NUWAKOT",NPL,22351,NP-BA,NA,2022-02-01,2022-02-28,2022,0,Total,Admin2,Month,MOH-NPL-2022-Y04-00,SEARO
NEPAL,KOSHI PROVINCE,OKHALDHUNGA,"NEPAL, KOSHI PROVINCE, OKHALDHUNGA",NPL,22354,NP-KO,NA,2022-02-01,2022-02-28,2022,0,Total,Admin2,Month,MOH-NPL-2022-Y04-00,SEARO
NEPAL,LUMBINI PROVINCE,PALPA,"NEPAL, LUMBINI PROVINCE, PALPA",NPL,22364,NP-LU,NA,2022-02-01,2022-02-28,2022,1,Total,Admin2,Month,MOH-NPL-2022-Y04-00,SEARO
NEPAL,KOSHI PROVINCE,PANCHTHAR,"NEPAL, KOSHI PROVINCE, PANCHTHAR",NPL,22354,NP-KO,NA,2022-02-01,2022-02-28,2022,0,Total,Admin2,Month,MOH-NPL-2022-Y04-00,SEARO
NEPAL,GANDAKI PROVINCE,PARBAT,"NEPAL, GANDAKI PROVINCE, PARBAT",NPL,22363,NP-GA,NA,2022-02-01,2022-02-28,2022,0,Total,Admin2,Month,MOH-NPL-2022-Y04-00,SEARO
NEPAL,MADHESH PROVINCE,PARSA,"NEPAL, MADHESH PROVINCE, PARSA",NPL,22352,NP-JA,NA,2022-02-01,2022-02-28,2022,0,Total,Admin2,Month,MOH-NPL-2022-Y04-00,SEARO
NEPAL,LUMBINI PROVINCE,PYUTHAN,"NEPAL, LUMBINI PROVINCE, PYUTHAN",NPL,22364,NP-LU,NA,2022-02-01,2022-02-28,2022,0,Total,Admin2,Month,MOH-NPL-2022-Y04-00,SEARO
NEPAL,BAGMATI PROVINCE,RAMECHHAP,"NEPAL, BAGMATI PROVINCE, RAMECHHAP",NPL,22351,NP-BA,NA,2022-02-01,2022-02-28,2022,1,Total,Admin2,Month,MOH-NPL-2022-Y04-00,SEARO
NEPAL,BAGMATI PROVINCE,RASUWA,"NEPAL, BAGMATI PROVINCE, RASUWA",NPL,22351,NP-BA,NA,2022-02-01,2022-02-28,2022,0,Total,Admin2,Month,MOH-NPL-2022-Y04-00,SEARO
NEPAL,MADHESH PROVINCE,RAUTAHAT,"NEPAL, MADHESH PROVINCE, RAUTAHAT",NPL,22352,NP-JA,NA,2022-02-01,2022-02-28,2022,0,Total,Admin2,Month,MOH-NPL-2022-Y04-00,SEARO
NEPAL,LUMBINI PROVINCE,ROLPA,"NEPAL, LUMBINI PROVINCE, ROLPA",NPL,22364,NP-LU,NA,2022-02-01,2022-02-28,2022,0,Total,Admin2,Month,MOH-NPL-2022-Y04-00,SEARO
NEPAL,LUMBINI PROVINCE,RUKUM EAST,"NEPAL, LUMBINI PROVINCE, RUKUM EAST",NPL,22364,NP-LU,NA,2022-02-01,2022-02-28,2022,0,Total,Admin2,Month,MOH-NPL-2022-Y04-00,SEARO
NEPAL,KARNALI PROVINCE,RUKUM WEST,"NEPAL, KARNALI PROVINCE, RUKUM WEST",NPL,22359,NP-KA,NA,2022-02-01,2022-02-28,2022,0,Total,Admin2,Month,MOH-NPL-2022-Y04-00,SEARO
NEPAL,LUMBINI PROVINCE,RUPANDEHI,"NEPAL, LUMBINI PROVINCE, RUPANDEHI",NPL,22364,NP-LU,NA,2022-02-01,2022-02-28,2022,0,Total,Admin2,Month,MOH-NPL-2022-Y04-00,SEARO
NEPAL,KARNALI PROVINCE,SALYAN,"NEPAL, KARNALI PROVINCE, SALYAN",NPL,22359,NP-KA,NA,2022-02-01,2022-02-28,2022,0,Total,Admin2,Month,MOH-NPL-2022-Y04-00,SEARO
NEPAL,KOSHI PROVINCE,SANKHUWASABHA,"NEPAL, KOSHI PROVINCE, SANKHUWASABHA",NPL,22354,NP-KO,NA,2022-02-01,2022-02-28,2022,0,Total,Admin2,Month,MOH-NPL-2022-Y04-00,SEARO
NEPAL,MADHESH PROVINCE,SAPTARI,"NEPAL, MADHESH PROVINCE, SAPTARI",NPL,22352,NP-JA,NA,2022-02-01,2022-02-28,2022,0,Total,Admin2,Month,MOH-NPL-2022-Y04-00,SEARO
NEPAL,MADHESH PROVINCE,SARLAHI,"NEPAL, MADHESH PROVINCE, SARLAHI",NPL,22352,NP-JA,NA,2022-02-01,2022-02-28,2022,0,Total,Admin2,Month,MOH-NPL-2022-Y04-00,SEARO
NEPAL,BAGMATI PROVINCE,SINDHULI,"NEPAL, BAGMATI PROVINCE, SINDHULI",NPL,22351,NP-BA,NA,2022-02-01,2022-02-28,2022,0,Total,Admin2,Month,MOH-NPL-2022-Y04-00,SEARO
NEPAL,BAGMATI PROVINCE,SINDHUPALCHOK,"NEPAL, BAGMATI PROVINCE, SINDHUPALCHOK",NPL,22351,NP-BA,NA,2022-02-01,2022-02-28,2022,0,Total,Admin2,Month,MOH-NPL-2022-Y04-00,SEARO
NEPAL,MADHESH PROVINCE,SIRAHA,"NEPAL, MADHESH PROVINCE, SIRAHA",NPL,22352,NP-JA,NA,2022-02-01,2022-02-28,2022,0,Total,Admin2,Month,MOH-NPL-2022-Y04-00,SEARO
NEPAL,KOSHI PROVINCE,SOLUKHUMBU,"NEPAL, KOSHI PROVINCE, SOLUKHUMBU",NPL,22354,NP-KO,NA,2022-02-01,2022-02-28,2022,0,Total,Admin2,Month,MOH-NPL-2022-Y04-00,SEARO
NEPAL,KOSHI PROVINCE,SUNSARI,"NEPAL, KOSHI PROVINCE, SUNSARI",NPL,22354,NP-KO,NA,2022-02-01,2022-02-28,2022,0,Total,Admin2,Month,MOH-NPL-2022-Y04-00,SEARO
NEPAL,KARNALI PROVINCE,SURKHET,"NEPAL, KARNALI PROVINCE, SURKHET",NPL,22359,NP-KA,NA,2022-02-01,2022-02-28,2022,0,Total,Admin2,Month,MOH-NPL-2022-Y04-00,SEARO
NEPAL,GANDAKI PROVINCE,SYANGJA,"NEPAL, GANDAKI PROVINCE, SYANGJA",NPL,22363,NP-GA,NA,2022-02-01,2022-02-28,2022,0,Total,Admin2,Month,MOH-NPL-2022-Y04-00,SEARO
NEPAL,GANDAKI PROVINCE,TANAHU,"NEPAL, GANDAKI PROVINCE, TANAHU",NPL,22363,NP-GA,NA,2022-02-01,2022-02-28,2022,0,Total,Admin2,Month,MOH-NPL-2022-Y04-00,SEARO
NEPAL,KOSHI PROVINCE,TAPLEJUNG,"NEPAL, KOSHI PROVINCE, TAPLEJUNG",NPL,22354,NP-KO,NA,2022-02-01,2022-02-28,2022,0,Total,Admin2,Month,MOH-NPL-2022-Y04-00,SEARO
NEPAL,KOSHI PROVINCE,TERHATHUM,"NEPAL, KOSHI PROVINCE, TERHATHUM",NPL,22354,NP-KO,NA,2022-02-01,2022-02-28,2022,0,Total,Admin2,Month,MOH-NPL-2022-Y04-00,SEARO
NEPAL,KOSHI PROVINCE,UDAYAPUR,"NEPAL, KOSHI PROVINCE, UDAYAPUR",NPL,22354,NP-KO,NA,2022-02-01,2022-02-28,2022,0,Total,Admin2,Month,MOH-NPL-2022-Y04-00,SEARO
NEPAL,NA,NA,NEPAL,NPL,175,NPL,NA,2022-03-01,2022-03-31,2022,14,Total,Admin0,Month,WHO-ALL-2025-Y01-00,SEARO
NEPAL,SUDURPASCHIM PROVINCE,ACHHAM,"NEPAL, SUDURPASCHIM PROVINCE, ACHHAM",NPL,22357,NP-MA,NA,2022-03-01,2022-03-31,2022,0,Total,Admin2,Month,MOH-NPL-2022-Y04-00,SEARO
NEPAL,LUMBINI PROVINCE,ARGHAKHANCHI,"NEPAL, LUMBINI PROVINCE, ARGHAKHANCHI",NPL,22364,NP-LU,NA,2022-03-01,2022-03-31,2022,0,Total,Admin2,Month,MOH-NPL-2022-Y04-00,SEARO
NEPAL,GANDAKI PROVINCE,BAGLUNG,"NEPAL, GANDAKI PROVINCE, BAGLUNG",NPL,22363,NP-GA,NA,2022-03-01,2022-03-31,2022,0,Total,Admin2,Month,MOH-NPL-2022-Y04-00,SEARO
NEPAL,SUDURPASCHIM PROVINCE,BAITADI,"NEPAL, SUDURPASCHIM PROVINCE, BAITADI",NPL,22357,NP-MA,NA,2022-03-01,2022-03-31,2022,0,Total,Admin2,Month,MOH-NPL-2022-Y04-00,SEARO
NEPAL,SUDURPASCHIM PROVINCE,BAJHANG,"NEPAL, SUDURPASCHIM PROVINCE, BAJHANG",NPL,22357,NP-MA,NA,2022-03-01,2022-03-31,2022,0,Total,Admin2,Month,MOH-NPL-2022-Y04-00,SEARO
NEPAL,SUDURPASCHIM PROVINCE,BAJURA,"NEPAL, SUDURPASCHIM PROVINCE, BAJURA",NPL,22357,NP-MA,NA,2022-03-01,2022-03-31,2022,0,Total,Admin2,Month,MOH-NPL-2022-Y04-00,SEARO
NEPAL,LUMBINI PROVINCE,BANKE,"NEPAL, LUMBINI PROVINCE, BANKE",NPL,22364,NP-LU,NA,2022-03-01,2022-03-31,2022,0,Total,Admin2,Month,MOH-NPL-2022-Y04-00,SEARO
NEPAL,MADHESH PROVINCE,BARA,"NEPAL, MADHESH PROVINCE, BARA",NPL,22352,NP-JA,NA,2022-03-01,2022-03-31,2022,0,Total,Admin2,Month,MOH-NPL-2022-Y04-00,SEARO
NEPAL,LUMBINI PROVINCE,BARDIYA,"NEPAL, LUMBINI PROVINCE, BARDIYA",NPL,22364,NP-LU,NA,2022-03-01,2022-03-31,2022,7,Total,Admin2,Month,MOH-NPL-2022-Y04-00,SEARO
NEPAL,BAGMATI PROVINCE,BHAKTAPUR,"NEPAL, BAGMATI PROVINCE, BHAKTAPUR",NPL,22351,NP-BA,NA,2022-03-01,2022-03-31,2022,0,Total,Admin2,Month,MOH-NPL-2022-Y04-00,SEARO
NEPAL,KOSHI PROVINCE,BHOJPUR,"NEPAL, KOSHI PROVINCE, BHOJPUR",NPL,22354,NP-KO,NA,2022-03-01,2022-03-31,2022,0,Total,Admin2,Month,MOH-NPL-2022-Y04-00,SEARO
NEPAL,BAGMATI PROVINCE,CHITAWAN,"NEPAL, BAGMATI PROVINCE, CHITAWAN",NPL,22351,NP-BA,NA,2022-03-01,2022-03-31,2022,0,Total,Admin2,Month,MOH-NPL-2022-Y04-00,SEARO
NEPAL,SUDURPASCHIM PROVINCE,DADELDHURA,"NEPAL, SUDURPASCHIM PROVINCE, DADELDHURA",NPL,22357,NP-MA,NA,2022-03-01,2022-03-31,2022,0,Total,Admin2,Month,MOH-NPL-2022-Y04-00,SEARO
NEPAL,KARNALI PROVINCE,DAILEKH,"NEPAL, KARNALI PROVINCE, DAILEKH",NPL,22359,NP-KA,NA,2022-03-01,2022-03-31,2022,0,Total,Admin2,Month,MOH-NPL-2022-Y04-00,SEARO
NEPAL,LUMBINI PROVINCE,DANG,"NEPAL, LUMBINI PROVINCE, DANG",NPL,22364,NP-LU,NA,2022-03-01,2022-03-31,2022,0,Total,Admin2,Month,MOH-NPL-2022-Y04-00,SEARO
NEPAL,SUDURPASCHIM PROVINCE,DARCHULA,"NEPAL, SUDURPASCHIM PROVINCE, DARCHULA",NPL,22357,NP-MA,NA,2022-03-01,2022-03-31,2022,0,Total,Admin2,Month,MOH-NPL-2022-Y04-00,SEARO
NEPAL,BAGMATI PROVINCE,DHADING,"NEPAL, BAGMATI PROVINCE, DHADING",NPL,22351,NP-BA,NA,2022-03-01,2022-03-31,2022,0,Total,Admin2,Month,MOH-NPL-2022-Y04-00,SEARO
NEPAL,KOSHI PROVINCE,DHANKUTA,"NEPAL, KOSHI PROVINCE, DHANKUTA",NPL,22354,NP-KO,NA,2022-03-01,2022-03-31,2022,0,Total,Admin2,Month,MOH-NPL-2022-Y04-00,SEARO
NEPAL,MADHESH PROVINCE,DHANUSA,"NEPAL, MADHESH PROVINCE, DHANUSA",NPL,22352,NP-JA,NA,2022-03-01,2022-03-31,2022,1,Total,Admin2,Month,MOH-NPL-2022-Y04-00,SEARO
NEPAL,BAGMATI PROVINCE,DOLAKHA,"NEPAL, BAGMATI PROVINCE, DOLAKHA",NPL,22351,NP-BA,NA,2022-03-01,2022-03-31,2022,0,Total,Admin2,Month,MOH-NPL-2022-Y04-00,SEARO
NEPAL,KARNALI PROVINCE,DOLPA,"NEPAL, KARNALI PROVINCE, DOLPA",NPL,22359,NP-KA,NA,2022-03-01,2022-03-31,2022,0,Total,Admin2,Month,MOH-NPL-2022-Y04-00,SEARO
NEPAL,SUDURPASCHIM PROVINCE,DOTI,"NEPAL, SUDURPASCHIM PROVINCE, DOTI",NPL,22357,NP-MA,NA,2022-03-01,2022-03-31,2022,0,Total,Admin2,Month,MOH-NPL-2022-Y04-00,SEARO
NEPAL,GANDAKI PROVINCE,GORKHA,"NEPAL, GANDAKI PROVINCE, GORKHA",NPL,22363,NP-GA,NA,2022-03-01,2022-03-31,2022,0,Total,Admin2,Month,MOH-NPL-2022-Y04-00,SEARO
NEPAL,LUMBINI PROVINCE,GULMI,"NEPAL, LUMBINI PROVINCE, GULMI",NPL,22364,NP-LU,NA,2022-03-01,2022-03-31,2022,0,Total,Admin2,Month,MOH-NPL-2022-Y04-00,SEARO
NEPAL,KARNALI PROVINCE,HUMLA,"NEPAL, KARNALI PROVINCE, HUMLA",NPL,22359,NP-KA,NA,2022-03-01,2022-03-31,2022,0,Total,Admin2,Month,MOH-NPL-2022-Y04-00,SEARO
NEPAL,KOSHI PROVINCE,ILAM,"NEPAL, KOSHI PROVINCE, ILAM",NPL,22354,NP-KO,NA,2022-03-01,2022-03-31,2022,0,Total,Admin2,Month,MOH-NPL-2022-Y04-00,SEARO
NEPAL,KARNALI PROVINCE,JAJARKOT,"NEPAL, KARNALI PROVINCE, JAJARKOT",NPL,22359,NP-KA,NA,2022-03-01,2022-03-31,2022,0,Total,Admin2,Month,MOH-NPL-2022-Y04-00,SEARO
NEPAL,KOSHI PROVINCE,JHAPA,"NEPAL, KOSHI PROVINCE, JHAPA",NPL,22354,NP-KO,NA,2022-03-01,2022-03-31,2022,1,Total,Admin2,Month,MOH-NPL-2022-Y04-00,SEARO
NEPAL,KARNALI PROVINCE,JUMLA,"NEPAL, KARNALI PROVINCE, JUMLA",NPL,22359,NP-KA,NA,2022-03-01,2022-03-31,2022,0,Total,Admin2,Month,MOH-NPL-2022-Y04-00,SEARO
NEPAL,SUDURPASCHIM PROVINCE,KAILALI,"NEPAL, SUDURPASCHIM PROVINCE, KAILALI",NPL,22357,NP-MA,NA,2022-03-01,2022-03-31,2022,1,Total,Admin2,Month,MOH-NPL-2022-Y04-00,SEARO
NEPAL,KARNALI PROVINCE,KALIKOT,"NEPAL, KARNALI PROVINCE, KALIKOT",NPL,22359,NP-KA,NA,2022-03-01,2022-03-31,2022,0,Total,Admin2,Month,MOH-NPL-2022-Y04-00,SEARO
NEPAL,SUDURPASCHIM PROVINCE,KANCHANPUR,"NEPAL, SUDURPASCHIM PROVINCE, KANCHANPUR",NPL,22357,NP-MA,NA,2022-03-01,2022-03-31,2022,0,Total,Admin2,Month,MOH-NPL-2022-Y04-00,SEARO
NEPAL,LUMBINI PROVINCE,KAPILBASTU,"NEPAL, LUMBINI PROVINCE, KAPILBASTU",NPL,22364,NP-LU,NA,2022-03-01,2022-03-31,2022,1,Total,Admin2,Month,MOH-NPL-2022-Y04-00,SEARO
NEPAL,GANDAKI PROVINCE,KASKI,"NEPAL, GANDAKI PROVINCE, KASKI",NPL,22363,NP-GA,NA,2022-03-01,2022-03-31,2022,0,Total,Admin2,Month,MOH-NPL-2022-Y04-00,SEARO
NEPAL,BAGMATI PROVINCE,KATHMANDU,"NEPAL, BAGMATI PROVINCE, KATHMANDU",NPL,22351,NP-BA,NA,2022-03-01,2022-03-31,2022,0,Total,Admin2,Month,MOH-NPL-2022-Y04-00,SEARO
NEPAL,BAGMATI PROVINCE,KAVREPALANCHOK,"NEPAL, BAGMATI PROVINCE, KAVREPALANCHOK",NPL,22351,NP-BA,NA,2022-03-01,2022-03-31,2022,0,Total,Admin2,Month,MOH-NPL-2022-Y04-00,SEARO
NEPAL,KOSHI PROVINCE,KHOTANG,"NEPAL, KOSHI PROVINCE, KHOTANG",NPL,22354,NP-KO,NA,2022-03-01,2022-03-31,2022,0,Total,Admin2,Month,MOH-NPL-2022-Y04-00,SEARO
NEPAL,BAGMATI PROVINCE,LALITPUR,"NEPAL, BAGMATI PROVINCE, LALITPUR",NPL,22351,NP-BA,NA,2022-03-01,2022-03-31,2022,0,Total,Admin2,Month,MOH-NPL-2022-Y04-00,SEARO
NEPAL,GANDAKI PROVINCE,LAMJUNG,"NEPAL, GANDAKI PROVINCE, LAMJUNG",NPL,22363,NP-GA,NA,2022-03-01,2022-03-31,2022,0,Total,Admin2,Month,MOH-NPL-2022-Y04-00,SEARO
NEPAL,MADHESH PROVINCE,MAHOTTARI,"NEPAL, MADHESH PROVINCE, MAHOTTARI",NPL,22352,NP-JA,NA,2022-03-01,2022-03-31,2022,0,Total,Admin2,Month,MOH-NPL-2022-Y04-00,SEARO
NEPAL,BAGMATI PROVINCE,MAKWANPUR,"NEPAL, BAGMATI PROVINCE, MAKWANPUR",NPL,22351,NP-BA,NA,2022-03-01,2022-03-31,2022,0,Total,Admin2,Month,MOH-NPL-2022-Y04-00,SEARO
NEPAL,GANDAKI PROVINCE,MANANG,"NEPAL, GANDAKI PROVINCE, MANANG",NPL,22363,NP-GA,NA,2022-03-01,2022-03-31,2022,0,Total,Admin2,Month,MOH-NPL-2022-Y04-00,SEARO
NEPAL,KOSHI PROVINCE,MORANG,"NEPAL, KOSHI PROVINCE, MORANG",NPL,22354,NP-KO,NA,2022-03-01,2022-03-31,2022,0,Total,Admin2,Month,MOH-NPL-2022-Y04-00,SEARO
NEPAL,KARNALI PROVINCE,MUGU,"NEPAL, KARNALI PROVINCE, MUGU",NPL,22359,NP-KA,NA,2022-03-01,2022-03-31,2022,0,Total,Admin2,Month,MOH-NPL-2022-Y04-00,SEARO
NEPAL,GANDAKI PROVINCE,MUSTANG,"NEPAL, GANDAKI PROVINCE, MUSTANG",NPL,22363,NP-GA,NA,2022-03-01,2022-03-31,2022,0,Total,Admin2,Month,MOH-NPL-2022-Y04-00,SEARO
NEPAL,GANDAKI PROVINCE,MYAGDI,"NEPAL, GANDAKI PROVINCE, MYAGDI",NPL,22363,NP-GA,NA,2022-03-01,2022-03-31,2022,0,Total,Admin2,Month,MOH-NPL-2022-Y04-00,SEARO
NEPAL,GANDAKI PROVINCE,NAWALPARASI EAST,"NEPAL, GANDAKI PROVINCE, NAWALPARASI EAST",NPL,22363,NP-GA,NA,2022-03-01,2022-03-31,2022,0,Total,Admin2,Month,MOH-NPL-2022-Y04-00,SEARO
NEPAL,LUMBINI PROVINCE,NAWALPARASI WEST,"NEPAL, LUMBINI PROVINCE, NAWALPARASI WEST",NPL,22364,NP-LU,NA,2022-03-01,2022-03-31,2022,0,Total,Admin2,Month,MOH-NPL-2022-Y04-00,SEARO
NEPAL,BAGMATI PROVINCE,NUWAKOT,"NEPAL, BAGMATI PROVINCE, NUWAKOT",NPL,22351,NP-BA,NA,2022-03-01,2022-03-31,2022,0,Total,Admin2,Month,MOH-NPL-2022-Y04-00,SEARO
NEPAL,KOSHI PROVINCE,OKHALDHUNGA,"NEPAL, KOSHI PROVINCE, OKHALDHUNGA",NPL,22354,NP-KO,NA,2022-03-01,2022-03-31,2022,0,Total,Admin2,Month,MOH-NPL-2022-Y04-00,SEARO
NEPAL,LUMBINI PROVINCE,PALPA,"NEPAL, LUMBINI PROVINCE, PALPA",NPL,22364,NP-LU,NA,2022-03-01,2022-03-31,2022,1,Total,Admin2,Month,MOH-NPL-2022-Y04-00,SEARO
NEPAL,KOSHI PROVINCE,PANCHTHAR,"NEPAL, KOSHI PROVINCE, PANCHTHAR",NPL,22354,NP-KO,NA,2022-03-01,2022-03-31,2022,0,Total,Admin2,Month,MOH-NPL-2022-Y04-00,SEARO
NEPAL,GANDAKI PROVINCE,PARBAT,"NEPAL, GANDAKI PROVINCE, PARBAT",NPL,22363,NP-GA,NA,2022-03-01,2022-03-31,2022,0,Total,Admin2,Month,MOH-NPL-2022-Y04-00,SEARO
NEPAL,MADHESH PROVINCE,PARSA,"NEPAL, MADHESH PROVINCE, PARSA",NPL,22352,NP-JA,NA,2022-03-01,2022-03-31,2022,0,Total,Admin2,Month,MOH-NPL-2022-Y04-00,SEARO
NEPAL,LUMBINI PROVINCE,PYUTHAN,"NEPAL, LUMBINI PROVINCE, PYUTHAN",NPL,22364,NP-LU,NA,2022-03-01,2022-03-31,2022,0,Total,Admin2,Month,MOH-NPL-2022-Y04-00,SEARO
NEPAL,BAGMATI PROVINCE,RAMECHHAP,"NEPAL, BAGMATI PROVINCE, RAMECHHAP",NPL,22351,NP-BA,NA,2022-03-01,2022-03-31,2022,1,Total,Admin2,Month,MOH-NPL-2022-Y04-00,SEARO
NEPAL,BAGMATI PROVINCE,RASUWA,"NEPAL, BAGMATI PROVINCE, RASUWA",NPL,22351,NP-BA,NA,2022-03-01,2022-03-31,2022,0,Total,Admin2,Month,MOH-NPL-2022-Y04-00,SEARO
NEPAL,MADHESH PROVINCE,RAUTAHAT,"NEPAL, MADHESH PROVINCE, RAUTAHAT",NPL,22352,NP-JA,NA,2022-03-01,2022-03-31,2022,0,Total,Admin2,Month,MOH-NPL-2022-Y04-00,SEARO
NEPAL,LUMBINI PROVINCE,ROLPA,"NEPAL, LUMBINI PROVINCE, ROLPA",NPL,22364,NP-LU,NA,2022-03-01,2022-03-31,2022,0,Total,Admin2,Month,MOH-NPL-2022-Y04-00,SEARO
NEPAL,LUMBINI PROVINCE,RUKUM EAST,"NEPAL, LUMBINI PROVINCE, RUKUM EAST",NPL,22364,NP-LU,NA,2022-03-01,2022-03-31,2022,0,Total,Admin2,Month,MOH-NPL-2022-Y04-00,SEARO
NEPAL,KARNALI PROVINCE,RUKUM WEST,"NEPAL, KARNALI PROVINCE, RUKUM WEST",NPL,22359,NP-KA,NA,2022-03-01,2022-03-31,2022,0,Total,Admin2,Month,MOH-NPL-2022-Y04-00,SEARO
NEPAL,LUMBINI PROVINCE,RUPANDEHI,"NEPAL, LUMBINI PROVINCE, RUPANDEHI",NPL,22364,NP-LU,NA,2022-03-01,2022-03-31,2022,2,Total,Admin2,Month,MOH-NPL-2022-Y04-00,SEARO
NEPAL,KARNALI PROVINCE,SALYAN,"NEPAL, KARNALI PROVINCE, SALYAN",NPL,22359,NP-KA,NA,2022-03-01,2022-03-31,2022,0,Total,Admin2,Month,MOH-NPL-2022-Y04-00,SEARO
NEPAL,KOSHI PROVINCE,SANKHUWASABHA,"NEPAL, KOSHI PROVINCE, SANKHUWASABHA",NPL,22354,NP-KO,NA,2022-03-01,2022-03-31,2022,0,Total,Admin2,Month,MOH-NPL-2022-Y04-00,SEARO
NEPAL,MADHESH PROVINCE,SAPTARI,"NEPAL, MADHESH PROVINCE, SAPTARI",NPL,22352,NP-JA,NA,2022-03-01,2022-03-31,2022,0,Total,Admin2,Month,MOH-NPL-2022-Y04-00,SEARO
NEPAL,MADHESH PROVINCE,SARLAHI,"NEPAL, MADHESH PROVINCE, SARLAHI",NPL,22352,NP-JA,NA,2022-03-01,2022-03-31,2022,0,Total,Admin2,Month,MOH-NPL-2022-Y04-00,SEARO
NEPAL,BAGMATI PROVINCE,SINDHULI,"NEPAL, BAGMATI PROVINCE, SINDHULI",NPL,22351,NP-BA,NA,2022-03-01,2022-03-31,2022,0,Total,Admin2,Month,MOH-NPL-2022-Y04-00,SEARO
NEPAL,BAGMATI PROVINCE,SINDHUPALCHOK,"NEPAL, BAGMATI PROVINCE, SINDHUPALCHOK",NPL,22351,NP-BA,NA,2022-03-01,2022-03-31,2022,0,Total,Admin2,Month,MOH-NPL-2022-Y04-00,SEARO
NEPAL,MADHESH PROVINCE,SIRAHA,"NEPAL, MADHESH PROVINCE, SIRAHA",NPL,22352,NP-JA,NA,2022-03-01,2022-03-31,2022,0,Total,Admin2,Month,MOH-NPL-2022-Y04-00,SEARO
NEPAL,KOSHI PROVINCE,SOLUKHUMBU,"NEPAL, KOSHI PROVINCE, SOLUKHUMBU",NPL,22354,NP-KO,NA,2022-03-01,2022-03-31,2022,0,Total,Admin2,Month,MOH-NPL-2022-Y04-00,SEARO
NEPAL,KOSHI PROVINCE,SUNSARI,"NEPAL, KOSHI PROVINCE, SUNSARI",NPL,22354,NP-KO,NA,2022-03-01,2022-03-31,2022,0,Total,Admin2,Month,MOH-NPL-2022-Y04-00,SEARO
NEPAL,KARNALI PROVINCE,SURKHET,"NEPAL, KARNALI PROVINCE, SURKHET",NPL,22359,NP-KA,NA,2022-03-01,2022-03-31,2022,0,Total,Admin2,Month,MOH-NPL-2022-Y04-00,SEARO
NEPAL,GANDAKI PROVINCE,SYANGJA,"NEPAL, GANDAKI PROVINCE, SYANGJA",NPL,22363,NP-GA,NA,2022-03-01,2022-03-31,2022,0,Total,Admin2,Month,MOH-NPL-2022-Y04-00,SEARO
NEPAL,GANDAKI PROVINCE,TANAHU,"NEPAL, GANDAKI PROVINCE, TANAHU",NPL,22363,NP-GA,NA,2022-03-01,2022-03-31,2022,0,Total,Admin2,Month,MOH-NPL-2022-Y04-00,SEARO
NEPAL,KOSHI PROVINCE,TAPLEJUNG,"NEPAL, KOSHI PROVINCE, TAPLEJUNG",NPL,22354,NP-KO,NA,2022-03-01,2022-03-31,2022,0,Total,Admin2,Month,MOH-NPL-2022-Y04-00,SEARO
NEPAL,KOSHI PROVINCE,TERHATHUM,"NEPAL, KOSHI PROVINCE, TERHATHUM",NPL,22354,NP-KO,NA,2022-03-01,2022-03-31,2022,0,Total,Admin2,Month,MOH-NPL-2022-Y04-00,SEARO
NEPAL,KOSHI PROVINCE,UDAYAPUR,"NEPAL, KOSHI PROVINCE, UDAYAPUR",NPL,22354,NP-KO,NA,2022-03-01,2022-03-31,2022,0,Total,Admin2,Month,MOH-NPL-2022-Y04-00,SEARO
NEPAL,NA,NA,NEPAL,NPL,175,NPL,NA,2022-04-01,2022-04-30,2022,15,Total,Admin0,Month,WHO-ALL-2025-Y01-00,SEARO
NEPAL,SUDURPASCHIM PROVINCE,ACHHAM,"NEPAL, SUDURPASCHIM PROVINCE, ACHHAM",NPL,22357,NP-MA,NA,2022-04-01,2022-04-30,2022,0,Total,Admin2,Month,MOH-NPL-2022-Y04-00,SEARO
NEPAL,LUMBINI PROVINCE,ARGHAKHANCHI,"NEPAL, LUMBINI PROVINCE, ARGHAKHANCHI",NPL,22364,NP-LU,NA,2022-04-01,2022-04-30,2022,1,Total,Admin2,Month,MOH-NPL-2022-Y04-00,SEARO
NEPAL,GANDAKI PROVINCE,BAGLUNG,"NEPAL, GANDAKI PROVINCE, BAGLUNG",NPL,22363,NP-GA,NA,2022-04-01,2022-04-30,2022,0,Total,Admin2,Month,MOH-NPL-2022-Y04-00,SEARO
NEPAL,SUDURPASCHIM PROVINCE,BAITADI,"NEPAL, SUDURPASCHIM PROVINCE, BAITADI",NPL,22357,NP-MA,NA,2022-04-01,2022-04-30,2022,0,Total,Admin2,Month,MOH-NPL-2022-Y04-00,SEARO
NEPAL,SUDURPASCHIM PROVINCE,BAJHANG,"NEPAL, SUDURPASCHIM PROVINCE, BAJHANG",NPL,22357,NP-MA,NA,2022-04-01,2022-04-30,2022,0,Total,Admin2,Month,MOH-NPL-2022-Y04-00,SEARO
NEPAL,SUDURPASCHIM PROVINCE,BAJURA,"NEPAL, SUDURPASCHIM PROVINCE, BAJURA",NPL,22357,NP-MA,NA,2022-04-01,2022-04-30,2022,0,Total,Admin2,Month,MOH-NPL-2022-Y04-00,SEARO
NEPAL,LUMBINI PROVINCE,BANKE,"NEPAL, LUMBINI PROVINCE, BANKE",NPL,22364,NP-LU,NA,2022-04-01,2022-04-30,2022,0,Total,Admin2,Month,MOH-NPL-2022-Y04-00,SEARO
NEPAL,MADHESH PROVINCE,BARA,"NEPAL, MADHESH PROVINCE, BARA",NPL,22352,NP-JA,NA,2022-04-01,2022-04-30,2022,0,Total,Admin2,Month,MOH-NPL-2022-Y04-00,SEARO
NEPAL,LUMBINI PROVINCE,BARDIYA,"NEPAL, LUMBINI PROVINCE, BARDIYA",NPL,22364,NP-LU,NA,2022-04-01,2022-04-30,2022,4,Total,Admin2,Month,MOH-NPL-2022-Y04-00,SEARO
NEPAL,BAGMATI PROVINCE,BHAKTAPUR,"NEPAL, BAGMATI PROVINCE, BHAKTAPUR",NPL,22351,NP-BA,NA,2022-04-01,2022-04-30,2022,0,Total,Admin2,Month,MOH-NPL-2022-Y04-00,SEARO
NEPAL,KOSHI PROVINCE,BHOJPUR,"NEPAL, KOSHI PROVINCE, BHOJPUR",NPL,22354,NP-KO,NA,2022-04-01,2022-04-30,2022,0,Total,Admin2,Month,MOH-NPL-2022-Y04-00,SEARO
NEPAL,BAGMATI PROVINCE,CHITAWAN,"NEPAL, BAGMATI PROVINCE, CHITAWAN",NPL,22351,NP-BA,NA,2022-04-01,2022-04-30,2022,0,Total,Admin2,Month,MOH-NPL-2022-Y04-00,SEARO
NEPAL,SUDURPASCHIM PROVINCE,DADELDHURA,"NEPAL, SUDURPASCHIM PROVINCE, DADELDHURA",NPL,22357,NP-MA,NA,2022-04-01,2022-04-30,2022,0,Total,Admin2,Month,MOH-NPL-2022-Y04-00,SEARO
NEPAL,KARNALI PROVINCE,DAILEKH,"NEPAL, KARNALI PROVINCE, DAILEKH",NPL,22359,NP-KA,NA,2022-04-01,2022-04-30,2022,0,Total,Admin2,Month,MOH-NPL-2022-Y04-00,SEARO
NEPAL,LUMBINI PROVINCE,DANG,"NEPAL, LUMBINI PROVINCE, DANG",NPL,22364,NP-LU,NA,2022-04-01,2022-04-30,2022,0,Total,Admin2,Month,MOH-NPL-2022-Y04-00,SEARO
NEPAL,SUDURPASCHIM PROVINCE,DARCHULA,"NEPAL, SUDURPASCHIM PROVINCE, DARCHULA",NPL,22357,NP-MA,NA,2022-04-01,2022-04-30,2022,0,Total,Admin2,Month,MOH-NPL-2022-Y04-00,SEARO
NEPAL,BAGMATI PROVINCE,DHADING,"NEPAL, BAGMATI PROVINCE, DHADING",NPL,22351,NP-BA,NA,2022-04-01,2022-04-30,2022,0,Total,Admin2,Month,MOH-NPL-2022-Y04-00,SEARO
NEPAL,KOSHI PROVINCE,DHANKUTA,"NEPAL, KOSHI PROVINCE, DHANKUTA",NPL,22354,NP-KO,NA,2022-04-01,2022-04-30,2022,0,Total,Admin2,Month,MOH-NPL-2022-Y04-00,SEARO
NEPAL,MADHESH PROVINCE,DHANUSA,"NEPAL, MADHESH PROVINCE, DHANUSA",NPL,22352,NP-JA,NA,2022-04-01,2022-04-30,2022,0,Total,Admin2,Month,MOH-NPL-2022-Y04-00,SEARO
NEPAL,BAGMATI PROVINCE,DOLAKHA,"NEPAL, BAGMATI PROVINCE, DOLAKHA",NPL,22351,NP-BA,NA,2022-04-01,2022-04-30,2022,0,Total,Admin2,Month,MOH-NPL-2022-Y04-00,SEARO
NEPAL,KARNALI PROVINCE,DOLPA,"NEPAL, KARNALI PROVINCE, DOLPA",NPL,22359,NP-KA,NA,2022-04-01,2022-04-30,2022,0,Total,Admin2,Month,MOH-NPL-2022-Y04-00,SEARO
NEPAL,SUDURPASCHIM PROVINCE,DOTI,"NEPAL, SUDURPASCHIM PROVINCE, DOTI",NPL,22357,NP-MA,NA,2022-04-01,2022-04-30,2022,0,Total,Admin2,Month,MOH-NPL-2022-Y04-00,SEARO
NEPAL,GANDAKI PROVINCE,GORKHA,"NEPAL, GANDAKI PROVINCE, GORKHA",NPL,22363,NP-GA,NA,2022-04-01,2022-04-30,2022,0,Total,Admin2,Month,MOH-NPL-2022-Y04-00,SEARO
NEPAL,LUMBINI PROVINCE,GULMI,"NEPAL, LUMBINI PROVINCE, GULMI",NPL,22364,NP-LU,NA,2022-04-01,2022-04-30,2022,0,Total,Admin2,Month,MOH-NPL-2022-Y04-00,SEARO
NEPAL,KARNALI PROVINCE,HUMLA,"NEPAL, KARNALI PROVINCE, HUMLA",NPL,22359,NP-KA,NA,2022-04-01,2022-04-30,2022,0,Total,Admin2,Month,MOH-NPL-2022-Y04-00,SEARO
NEPAL,KOSHI PROVINCE,ILAM,"NEPAL, KOSHI PROVINCE, ILAM",NPL,22354,NP-KO,NA,2022-04-01,2022-04-30,2022,0,Total,Admin2,Month,MOH-NPL-2022-Y04-00,SEARO
NEPAL,KARNALI PROVINCE,JAJARKOT,"NEPAL, KARNALI PROVINCE, JAJARKOT",NPL,22359,NP-KA,NA,2022-04-01,2022-04-30,2022,0,Total,Admin2,Month,MOH-NPL-2022-Y04-00,SEARO
NEPAL,KOSHI PROVINCE,JHAPA,"NEPAL, KOSHI PROVINCE, JHAPA",NPL,22354,NP-KO,NA,2022-04-01,2022-04-30,2022,0,Total,Admin2,Month,MOH-NPL-2022-Y04-00,SEARO
NEPAL,KARNALI PROVINCE,JUMLA,"NEPAL, KARNALI PROVINCE, JUMLA",NPL,22359,NP-KA,NA,2022-04-01,2022-04-30,2022,0,Total,Admin2,Month,MOH-NPL-2022-Y04-00,SEARO
NEPAL,SUDURPASCHIM PROVINCE,KAILALI,"NEPAL, SUDURPASCHIM PROVINCE, KAILALI",NPL,22357,NP-MA,NA,2022-04-01,2022-04-30,2022,1,Total,Admin2,Month,MOH-NPL-2022-Y04-00,SEARO
NEPAL,KARNALI PROVINCE,KALIKOT,"NEPAL, KARNALI PROVINCE, KALIKOT",NPL,22359,NP-KA,NA,2022-04-01,2022-04-30,2022,0,Total,Admin2,Month,MOH-NPL-2022-Y04-00,SEARO
NEPAL,SUDURPASCHIM PROVINCE,KANCHANPUR,"NEPAL, SUDURPASCHIM PROVINCE, KANCHANPUR",NPL,22357,NP-MA,NA,2022-04-01,2022-04-30,2022,0,Total,Admin2,Month,MOH-NPL-2022-Y04-00,SEARO
NEPAL,LUMBINI PROVINCE,KAPILBASTU,"NEPAL, LUMBINI PROVINCE, KAPILBASTU",NPL,22364,NP-LU,NA,2022-04-01,2022-04-30,2022,0,Total,Admin2,Month,MOH-NPL-2022-Y04-00,SEARO
NEPAL,GANDAKI PROVINCE,KASKI,"NEPAL, GANDAKI PROVINCE, KASKI",NPL,22363,NP-GA,NA,2022-04-01,2022-04-30,2022,1,Total,Admin2,Month,MOH-NPL-2022-Y04-00,SEARO
NEPAL,BAGMATI PROVINCE,KATHMANDU,"NEPAL, BAGMATI PROVINCE, KATHMANDU",NPL,22351,NP-BA,NA,2022-04-01,2022-04-30,2022,0,Total,Admin2,Month,MOH-NPL-2022-Y04-00,SEARO
NEPAL,BAGMATI PROVINCE,KAVREPALANCHOK,"NEPAL, BAGMATI PROVINCE, KAVREPALANCHOK",NPL,22351,NP-BA,NA,2022-04-01,2022-04-30,2022,0,Total,Admin2,Month,MOH-NPL-2022-Y04-00,SEARO
NEPAL,KOSHI PROVINCE,KHOTANG,"NEPAL, KOSHI PROVINCE, KHOTANG",NPL,22354,NP-KO,NA,2022-04-01,2022-04-30,2022,0,Total,Admin2,Month,MOH-NPL-2022-Y04-00,SEARO
NEPAL,BAGMATI PROVINCE,LALITPUR,"NEPAL, BAGMATI PROVINCE, LALITPUR",NPL,22351,NP-BA,NA,2022-04-01,2022-04-30,2022,0,Total,Admin2,Month,MOH-NPL-2022-Y04-00,SEARO
NEPAL,GANDAKI PROVINCE,LAMJUNG,"NEPAL, GANDAKI PROVINCE, LAMJUNG",NPL,22363,NP-GA,NA,2022-04-01,2022-04-30,2022,1,Total,Admin2,Month,MOH-NPL-2022-Y04-00,SEARO
NEPAL,MADHESH PROVINCE,MAHOTTARI,"NEPAL, MADHESH PROVINCE, MAHOTTARI",NPL,22352,NP-JA,NA,2022-04-01,2022-04-30,2022,0,Total,Admin2,Month,MOH-NPL-2022-Y04-00,SEARO
NEPAL,BAGMATI PROVINCE,MAKWANPUR,"NEPAL, BAGMATI PROVINCE, MAKWANPUR",NPL,22351,NP-BA,NA,2022-04-01,2022-04-30,2022,0,Total,Admin2,Month,MOH-NPL-2022-Y04-00,SEARO
NEPAL,GANDAKI PROVINCE,MANANG,"NEPAL, GANDAKI PROVINCE, MANANG",NPL,22363,NP-GA,NA,2022-04-01,2022-04-30,2022,0,Total,Admin2,Month,MOH-NPL-2022-Y04-00,SEARO
NEPAL,KOSHI PROVINCE,MORANG,"NEPAL, KOSHI PROVINCE, MORANG",NPL,22354,NP-KO,NA,2022-04-01,2022-04-30,2022,1,Total,Admin2,Month,MOH-NPL-2022-Y04-00,SEARO
NEPAL,KARNALI PROVINCE,MUGU,"NEPAL, KARNALI PROVINCE, MUGU",NPL,22359,NP-KA,NA,2022-04-01,2022-04-30,2022,0,Total,Admin2,Month,MOH-NPL-2022-Y04-00,SEARO
NEPAL,GANDAKI PROVINCE,MUSTANG,"NEPAL, GANDAKI PROVINCE, MUSTANG",NPL,22363,NP-GA,NA,2022-04-01,2022-04-30,2022,0,Total,Admin2,Month,MOH-NPL-2022-Y04-00,SEARO
NEPAL,GANDAKI PROVINCE,MYAGDI,"NEPAL, GANDAKI PROVINCE, MYAGDI",NPL,22363,NP-GA,NA,2022-04-01,2022-04-30,2022,1,Total,Admin2,Month,MOH-NPL-2022-Y04-00,SEARO
NEPAL,GANDAKI PROVINCE,NAWALPARASI EAST,"NEPAL, GANDAKI PROVINCE, NAWALPARASI EAST",NPL,22363,NP-GA,NA,2022-04-01,2022-04-30,2022,0,Total,Admin2,Month,MOH-NPL-2022-Y04-00,SEARO
NEPAL,LUMBINI PROVINCE,NAWALPARASI WEST,"NEPAL, LUMBINI PROVINCE, NAWALPARASI WEST",NPL,22364,NP-LU,NA,2022-04-01,2022-04-30,2022,0,Total,Admin2,Month,MOH-NPL-2022-Y04-00,SEARO
NEPAL,BAGMATI PROVINCE,NUWAKOT,"NEPAL, BAGMATI PROVINCE, NUWAKOT",NPL,22351,NP-BA,NA,2022-04-01,2022-04-30,2022,0,Total,Admin2,Month,MOH-NPL-2022-Y04-00,SEARO
NEPAL,KOSHI PROVINCE,OKHALDHUNGA,"NEPAL, KOSHI PROVINCE, OKHALDHUNGA",NPL,22354,NP-KO,NA,2022-04-01,2022-04-30,2022,0,Total,Admin2,Month,MOH-NPL-2022-Y04-00,SEARO
NEPAL,LUMBINI PROVINCE,PALPA,"NEPAL, LUMBINI PROVINCE, PALPA",NPL,22364,NP-LU,NA,2022-04-01,2022-04-30,2022,2,Total,Admin2,Month,MOH-NPL-2022-Y04-00,SEARO
NEPAL,KOSHI PROVINCE,PANCHTHAR,"NEPAL, KOSHI PROVINCE, PANCHTHAR",NPL,22354,NP-KO,NA,2022-04-01,2022-04-30,2022,0,Total,Admin2,Month,MOH-NPL-2022-Y04-00,SEARO
NEPAL,GANDAKI PROVINCE,PARBAT,"NEPAL, GANDAKI PROVINCE, PARBAT",NPL,22363,NP-GA,NA,2022-04-01,2022-04-30,2022,0,Total,Admin2,Month,MOH-NPL-2022-Y04-00,SEARO
NEPAL,MADHESH PROVINCE,PARSA,"NEPAL, MADHESH PROVINCE, PARSA",NPL,22352,NP-JA,NA,2022-04-01,2022-04-30,2022,0,Total,Admin2,Month,MOH-NPL-2022-Y04-00,SEARO
NEPAL,LUMBINI PROVINCE,PYUTHAN,"NEPAL, LUMBINI PROVINCE, PYUTHAN",NPL,22364,NP-LU,NA,2022-04-01,2022-04-30,2022,0,Total,Admin2,Month,MOH-NPL-2022-Y04-00,SEARO
NEPAL,BAGMATI PROVINCE,RAMECHHAP,"NEPAL, BAGMATI PROVINCE, RAMECHHAP",NPL,22351,NP-BA,NA,2022-04-01,2022-04-30,2022,1,Total,Admin2,Month,MOH-NPL-2022-Y04-00,SEARO
NEPAL,BAGMATI PROVINCE,RASUWA,"NEPAL, BAGMATI PROVINCE, RASUWA",NPL,22351,NP-BA,NA,2022-04-01,2022-04-30,2022,0,Total,Admin2,Month,MOH-NPL-2022-Y04-00,SEARO
NEPAL,MADHESH PROVINCE,RAUTAHAT,"NEPAL, MADHESH PROVINCE, RAUTAHAT",NPL,22352,NP-JA,NA,2022-04-01,2022-04-30,2022,0,Total,Admin2,Month,MOH-NPL-2022-Y04-00,SEARO
NEPAL,LUMBINI PROVINCE,ROLPA,"NEPAL, LUMBINI PROVINCE, ROLPA",NPL,22364,NP-LU,NA,2022-04-01,2022-04-30,2022,0,Total,Admin2,Month,MOH-NPL-2022-Y04-00,SEARO
NEPAL,LUMBINI PROVINCE,RUKUM EAST,"NEPAL, LUMBINI PROVINCE, RUKUM EAST",NPL,22364,NP-LU,NA,2022-04-01,2022-04-30,2022,0,Total,Admin2,Month,MOH-NPL-2022-Y04-00,SEARO
NEPAL,KARNALI PROVINCE,RUKUM WEST,"NEPAL, KARNALI PROVINCE, RUKUM WEST",NPL,22359,NP-KA,NA,2022-04-01,2022-04-30,2022,0,Total,Admin2,Month,MOH-NPL-2022-Y04-00,SEARO
NEPAL,LUMBINI PROVINCE,RUPANDEHI,"NEPAL, LUMBINI PROVINCE, RUPANDEHI",NPL,22364,NP-LU,NA,2022-04-01,2022-04-30,2022,1,Total,Admin2,Month,MOH-NPL-2022-Y04-00,SEARO
NEPAL,KARNALI PROVINCE,SALYAN,"NEPAL, KARNALI PROVINCE, SALYAN",NPL,22359,NP-KA,NA,2022-04-01,2022-04-30,2022,0,Total,Admin2,Month,MOH-NPL-2022-Y04-00,SEARO
NEPAL,KOSHI PROVINCE,SANKHUWASABHA,"NEPAL, KOSHI PROVINCE, SANKHUWASABHA",NPL,22354,NP-KO,NA,2022-04-01,2022-04-30,2022,1,Total,Admin2,Month,MOH-NPL-2022-Y04-00,SEARO
NEPAL,MADHESH PROVINCE,SAPTARI,"NEPAL, MADHESH PROVINCE, SAPTARI",NPL,22352,NP-JA,NA,2022-04-01,2022-04-30,2022,0,Total,Admin2,Month,MOH-NPL-2022-Y04-00,SEARO
NEPAL,MADHESH PROVINCE,SARLAHI,"NEPAL, MADHESH PROVINCE, SARLAHI",NPL,22352,NP-JA,NA,2022-04-01,2022-04-30,2022,0,Total,Admin2,Month,MOH-NPL-2022-Y04-00,SEARO
NEPAL,BAGMATI PROVINCE,SINDHULI,"NEPAL, BAGMATI PROVINCE, SINDHULI",NPL,22351,NP-BA,NA,2022-04-01,2022-04-30,2022,0,Total,Admin2,Month,MOH-NPL-2022-Y04-00,SEARO
NEPAL,BAGMATI PROVINCE,SINDHUPALCHOK,"NEPAL, BAGMATI PROVINCE, SINDHUPALCHOK",NPL,22351,NP-BA,NA,2022-04-01,2022-04-30,2022,0,Total,Admin2,Month,MOH-NPL-2022-Y04-00,SEARO
NEPAL,MADHESH PROVINCE,SIRAHA,"NEPAL, MADHESH PROVINCE, SIRAHA",NPL,22352,NP-JA,NA,2022-04-01,2022-04-30,2022,0,Total,Admin2,Month,MOH-NPL-2022-Y04-00,SEARO
NEPAL,KOSHI PROVINCE,SOLUKHUMBU,"NEPAL, KOSHI PROVINCE, SOLUKHUMBU",NPL,22354,NP-KO,NA,2022-04-01,2022-04-30,2022,0,Total,Admin2,Month,MOH-NPL-2022-Y04-00,SEARO
NEPAL,KOSHI PROVINCE,SUNSARI,"NEPAL, KOSHI PROVINCE, SUNSARI",NPL,22354,NP-KO,NA,2022-04-01,2022-04-30,2022,0,Total,Admin2,Month,MOH-NPL-2022-Y04-00,SEARO
NEPAL,KARNALI PROVINCE,SURKHET,"NEPAL, KARNALI PROVINCE, SURKHET",NPL,22359,NP-KA,NA,2022-04-01,2022-04-30,2022,3,Total,Admin2,Month,MOH-NPL-2022-Y04-00,SEARO
NEPAL,GANDAKI PROVINCE,SYANGJA,"NEPAL, GANDAKI PROVINCE, SYANGJA",NPL,22363,NP-GA,NA,2022-04-01,2022-04-30,2022,0,Total,Admin2,Month,MOH-NPL-2022-Y04-00,SEARO
NEPAL,GANDAKI PROVINCE,TANAHU,"NEPAL, GANDAKI PROVINCE, TANAHU",NPL,22363,NP-GA,NA,2022-04-01,2022-04-30,2022,0,Total,Admin2,Month,MOH-NPL-2022-Y04-00,SEARO
NEPAL,KOSHI PROVINCE,TAPLEJUNG,"NEPAL, KOSHI PROVINCE, TAPLEJUNG",NPL,22354,NP-KO,NA,2022-04-01,2022-04-30,2022,0,Total,Admin2,Month,MOH-NPL-2022-Y04-00,SEARO
NEPAL,KOSHI PROVINCE,TERHATHUM,"NEPAL, KOSHI PROVINCE, TERHATHUM",NPL,22354,NP-KO,NA,2022-04-01,2022-04-30,2022,0,Total,Admin2,Month,MOH-NPL-2022-Y04-00,SEARO
NEPAL,KOSHI PROVINCE,UDAYAPUR,"NEPAL, KOSHI PROVINCE, UDAYAPUR",NPL,22354,NP-KO,NA,2022-04-01,2022-04-30,2022,0,Total,Admin2,Month,MOH-NPL-2022-Y04-00,SEARO
NEPAL,NA,NA,NEPAL,NPL,175,NPL,NA,2022-05-01,2022-05-31,2022,15,Total,Admin0,Month,WHO-ALL-2025-Y01-00,SEARO
NEPAL,SUDURPASCHIM PROVINCE,ACHHAM,"NEPAL, SUDURPASCHIM PROVINCE, ACHHAM",NPL,22357,NP-MA,NA,2022-05-01,2022-05-31,2022,1,Total,Admin2,Month,MOH-NPL-2022-Y04-00,SEARO
NEPAL,LUMBINI PROVINCE,ARGHAKHANCHI,"NEPAL, LUMBINI PROVINCE, ARGHAKHANCHI",NPL,22364,NP-LU,NA,2022-05-01,2022-05-31,2022,0,Total,Admin2,Month,MOH-NPL-2022-Y04-00,SEARO
NEPAL,GANDAKI PROVINCE,BAGLUNG,"NEPAL, GANDAKI PROVINCE, BAGLUNG",NPL,22363,NP-GA,NA,2022-05-01,2022-05-31,2022,0,Total,Admin2,Month,MOH-NPL-2022-Y04-00,SEARO
NEPAL,SUDURPASCHIM PROVINCE,BAITADI,"NEPAL, SUDURPASCHIM PROVINCE, BAITADI",NPL,22357,NP-MA,NA,2022-05-01,2022-05-31,2022,0,Total,Admin2,Month,MOH-NPL-2022-Y04-00,SEARO
NEPAL,SUDURPASCHIM PROVINCE,BAJHANG,"NEPAL, SUDURPASCHIM PROVINCE, BAJHANG",NPL,22357,NP-MA,NA,2022-05-01,2022-05-31,2022,0,Total,Admin2,Month,MOH-NPL-2022-Y04-00,SEARO
NEPAL,SUDURPASCHIM PROVINCE,BAJURA,"NEPAL, SUDURPASCHIM PROVINCE, BAJURA",NPL,22357,NP-MA,NA,2022-05-01,2022-05-31,2022,1,Total,Admin2,Month,MOH-NPL-2022-Y04-00,SEARO
NEPAL,LUMBINI PROVINCE,BANKE,"NEPAL, LUMBINI PROVINCE, BANKE",NPL,22364,NP-LU,NA,2022-05-01,2022-05-31,2022,0,Total,Admin2,Month,MOH-NPL-2022-Y04-00,SEARO
NEPAL,MADHESH PROVINCE,BARA,"NEPAL, MADHESH PROVINCE, BARA",NPL,22352,NP-JA,NA,2022-05-01,2022-05-31,2022,2,Total,Admin2,Month,MOH-NPL-2022-Y04-00,SEARO
NEPAL,LUMBINI PROVINCE,BARDIYA,"NEPAL, LUMBINI PROVINCE, BARDIYA",NPL,22364,NP-LU,NA,2022-05-01,2022-05-31,2022,6,Total,Admin2,Month,MOH-NPL-2022-Y04-00,SEARO
NEPAL,BAGMATI PROVINCE,BHAKTAPUR,"NEPAL, BAGMATI PROVINCE, BHAKTAPUR",NPL,22351,NP-BA,NA,2022-05-01,2022-05-31,2022,0,Total,Admin2,Month,MOH-NPL-2022-Y04-00,SEARO
NEPAL,KOSHI PROVINCE,BHOJPUR,"NEPAL, KOSHI PROVINCE, BHOJPUR",NPL,22354,NP-KO,NA,2022-05-01,2022-05-31,2022,0,Total,Admin2,Month,MOH-NPL-2022-Y04-00,SEARO
NEPAL,BAGMATI PROVINCE,CHITAWAN,"NEPAL, BAGMATI PROVINCE, CHITAWAN",NPL,22351,NP-BA,NA,2022-05-01,2022-05-31,2022,0,Total,Admin2,Month,MOH-NPL-2022-Y04-00,SEARO
NEPAL,SUDURPASCHIM PROVINCE,DADELDHURA,"NEPAL, SUDURPASCHIM PROVINCE, DADELDHURA",NPL,22357,NP-MA,NA,2022-05-01,2022-05-31,2022,0,Total,Admin2,Month,MOH-NPL-2022-Y04-00,SEARO
NEPAL,KARNALI PROVINCE,DAILEKH,"NEPAL, KARNALI PROVINCE, DAILEKH",NPL,22359,NP-KA,NA,2022-05-01,2022-05-31,2022,0,Total,Admin2,Month,MOH-NPL-2022-Y04-00,SEARO
NEPAL,LUMBINI PROVINCE,DANG,"NEPAL, LUMBINI PROVINCE, DANG",NPL,22364,NP-LU,NA,2022-05-01,2022-05-31,2022,1,Total,Admin2,Month,MOH-NPL-2022-Y04-00,SEARO
NEPAL,SUDURPASCHIM PROVINCE,DARCHULA,"NEPAL, SUDURPASCHIM PROVINCE, DARCHULA",NPL,22357,NP-MA,NA,2022-05-01,2022-05-31,2022,0,Total,Admin2,Month,MOH-NPL-2022-Y04-00,SEARO
NEPAL,BAGMATI PROVINCE,DHADING,"NEPAL, BAGMATI PROVINCE, DHADING",NPL,22351,NP-BA,NA,2022-05-01,2022-05-31,2022,0,Total,Admin2,Month,MOH-NPL-2022-Y04-00,SEARO
NEPAL,KOSHI PROVINCE,DHANKUTA,"NEPAL, KOSHI PROVINCE, DHANKUTA",NPL,22354,NP-KO,NA,2022-05-01,2022-05-31,2022,0,Total,Admin2,Month,MOH-NPL-2022-Y04-00,SEARO
NEPAL,MADHESH PROVINCE,DHANUSA,"NEPAL, MADHESH PROVINCE, DHANUSA",NPL,22352,NP-JA,NA,2022-05-01,2022-05-31,2022,0,Total,Admin2,Month,MOH-NPL-2022-Y04-00,SEARO
NEPAL,BAGMATI PROVINCE,DOLAKHA,"NEPAL, BAGMATI PROVINCE, DOLAKHA",NPL,22351,NP-BA,NA,2022-05-01,2022-05-31,2022,0,Total,Admin2,Month,MOH-NPL-2022-Y04-00,SEARO
NEPAL,KARNALI PROVINCE,DOLPA,"NEPAL, KARNALI PROVINCE, DOLPA",NPL,22359,NP-KA,NA,2022-05-01,2022-05-31,2022,0,Total,Admin2,Month,MOH-NPL-2022-Y04-00,SEARO
NEPAL,SUDURPASCHIM PROVINCE,DOTI,"NEPAL, SUDURPASCHIM PROVINCE, DOTI",NPL,22357,NP-MA,NA,2022-05-01,2022-05-31,2022,0,Total,Admin2,Month,MOH-NPL-2022-Y04-00,SEARO
NEPAL,GANDAKI PROVINCE,GORKHA,"NEPAL, GANDAKI PROVINCE, GORKHA",NPL,22363,NP-GA,NA,2022-05-01,2022-05-31,2022,0,Total,Admin2,Month,MOH-NPL-2022-Y04-00,SEARO
NEPAL,LUMBINI PROVINCE,GULMI,"NEPAL, LUMBINI PROVINCE, GULMI",NPL,22364,NP-LU,NA,2022-05-01,2022-05-31,2022,2,Total,Admin2,Month,MOH-NPL-2022-Y04-00,SEARO
NEPAL,KARNALI PROVINCE,HUMLA,"NEPAL, KARNALI PROVINCE, HUMLA",NPL,22359,NP-KA,NA,2022-05-01,2022-05-31,2022,0,Total,Admin2,Month,MOH-NPL-2022-Y04-00,SEARO
NEPAL,KOSHI PROVINCE,ILAM,"NEPAL, KOSHI PROVINCE, ILAM",NPL,22354,NP-KO,NA,2022-05-01,2022-05-31,2022,1,Total,Admin2,Month,MOH-NPL-2022-Y04-00,SEARO
NEPAL,KARNALI PROVINCE,JAJARKOT,"NEPAL, KARNALI PROVINCE, JAJARKOT",NPL,22359,NP-KA,NA,2022-05-01,2022-05-31,2022,0,Total,Admin2,Month,MOH-NPL-2022-Y04-00,SEARO
NEPAL,KOSHI PROVINCE,JHAPA,"NEPAL, KOSHI PROVINCE, JHAPA",NPL,22354,NP-KO,NA,2022-05-01,2022-05-31,2022,1,Total,Admin2,Month,MOH-NPL-2022-Y04-00,SEARO
NEPAL,KARNALI PROVINCE,JUMLA,"NEPAL, KARNALI PROVINCE, JUMLA",NPL,22359,NP-KA,NA,2022-05-01,2022-05-31,2022,0,Total,Admin2,Month,MOH-NPL-2022-Y04-00,SEARO
NEPAL,SUDURPASCHIM PROVINCE,KAILALI,"NEPAL, SUDURPASCHIM PROVINCE, KAILALI",NPL,22357,NP-MA,NA,2022-05-01,2022-05-31,2022,0,Total,Admin2,Month,MOH-NPL-2022-Y04-00,SEARO
NEPAL,KARNALI PROVINCE,KALIKOT,"NEPAL, KARNALI PROVINCE, KALIKOT",NPL,22359,NP-KA,NA,2022-05-01,2022-05-31,2022,0,Total,Admin2,Month,MOH-NPL-2022-Y04-00,SEARO
NEPAL,SUDURPASCHIM PROVINCE,KANCHANPUR,"NEPAL, SUDURPASCHIM PROVINCE, KANCHANPUR",NPL,22357,NP-MA,NA,2022-05-01,2022-05-31,2022,2,Total,Admin2,Month,MOH-NPL-2022-Y04-00,SEARO
NEPAL,LUMBINI PROVINCE,KAPILBASTU,"NEPAL, LUMBINI PROVINCE, KAPILBASTU",NPL,22364,NP-LU,NA,2022-05-01,2022-05-31,2022,0,Total,Admin2,Month,MOH-NPL-2022-Y04-00,SEARO
NEPAL,GANDAKI PROVINCE,KASKI,"NEPAL, GANDAKI PROVINCE, KASKI",NPL,22363,NP-GA,NA,2022-05-01,2022-05-31,2022,0,Total,Admin2,Month,MOH-NPL-2022-Y04-00,SEARO
NEPAL,BAGMATI PROVINCE,KATHMANDU,"NEPAL, BAGMATI PROVINCE, KATHMANDU",NPL,22351,NP-BA,NA,2022-05-01,2022-05-31,2022,1,Total,Admin2,Month,MOH-NPL-2022-Y04-00,SEARO
NEPAL,BAGMATI PROVINCE,KAVREPALANCHOK,"NEPAL, BAGMATI PROVINCE, KAVREPALANCHOK",NPL,22351,NP-BA,NA,2022-05-01,2022-05-31,2022,0,Total,Admin2,Month,MOH-NPL-2022-Y04-00,SEARO
NEPAL,KOSHI PROVINCE,KHOTANG,"NEPAL, KOSHI PROVINCE, KHOTANG",NPL,22354,NP-KO,NA,2022-05-01,2022-05-31,2022,1,Total,Admin2,Month,MOH-NPL-2022-Y04-00,SEARO
NEPAL,BAGMATI PROVINCE,LALITPUR,"NEPAL, BAGMATI PROVINCE, LALITPUR",NPL,22351,NP-BA,NA,2022-05-01,2022-05-31,2022,0,Total,Admin2,Month,MOH-NPL-2022-Y04-00,SEARO
NEPAL,GANDAKI PROVINCE,LAMJUNG,"NEPAL, GANDAKI PROVINCE, LAMJUNG",NPL,22363,NP-GA,NA,2022-05-01,2022-05-31,2022,0,Total,Admin2,Month,MOH-NPL-2022-Y04-00,SEARO
NEPAL,MADHESH PROVINCE,MAHOTTARI,"NEPAL, MADHESH PROVINCE, MAHOTTARI",NPL,22352,NP-JA,NA,2022-05-01,2022-05-31,2022,0,Total,Admin2,Month,MOH-NPL-2022-Y04-00,SEARO
NEPAL,BAGMATI PROVINCE,MAKWANPUR,"NEPAL, BAGMATI PROVINCE, MAKWANPUR",NPL,22351,NP-BA,NA,2022-05-01,2022-05-31,2022,0,Total,Admin2,Month,MOH-NPL-2022-Y04-00,SEARO
NEPAL,GANDAKI PROVINCE,MANANG,"NEPAL, GANDAKI PROVINCE, MANANG",NPL,22363,NP-GA,NA,2022-05-01,2022-05-31,2022,0,Total,Admin2,Month,MOH-NPL-2022-Y04-00,SEARO
NEPAL,KOSHI PROVINCE,MORANG,"NEPAL, KOSHI PROVINCE, MORANG",NPL,22354,NP-KO,NA,2022-05-01,2022-05-31,2022,0,Total,Admin2,Month,MOH-NPL-2022-Y04-00,SEARO
NEPAL,KARNALI PROVINCE,MUGU,"NEPAL, KARNALI PROVINCE, MUGU",NPL,22359,NP-KA,NA,2022-05-01,2022-05-31,2022,0,Total,Admin2,Month,MOH-NPL-2022-Y04-00,SEARO
NEPAL,GANDAKI PROVINCE,MUSTANG,"NEPAL, GANDAKI PROVINCE, MUSTANG",NPL,22363,NP-GA,NA,2022-05-01,2022-05-31,2022,0,Total,Admin2,Month,MOH-NPL-2022-Y04-00,SEARO
NEPAL,GANDAKI PROVINCE,MYAGDI,"NEPAL, GANDAKI PROVINCE, MYAGDI",NPL,22363,NP-GA,NA,2022-05-01,2022-05-31,2022,0,Total,Admin2,Month,MOH-NPL-2022-Y04-00,SEARO
NEPAL,GANDAKI PROVINCE,NAWALPARASI EAST,"NEPAL, GANDAKI PROVINCE, NAWALPARASI EAST",NPL,22363,NP-GA,NA,2022-05-01,2022-05-31,2022,0,Total,Admin2,Month,MOH-NPL-2022-Y04-00,SEARO
NEPAL,LUMBINI PROVINCE,NAWALPARASI WEST,"NEPAL, LUMBINI PROVINCE, NAWALPARASI WEST",NPL,22364,NP-LU,NA,2022-05-01,2022-05-31,2022,0,Total,Admin2,Month,MOH-NPL-2022-Y04-00,SEARO
NEPAL,BAGMATI PROVINCE,NUWAKOT,"NEPAL, BAGMATI PROVINCE, NUWAKOT",NPL,22351,NP-BA,NA,2022-05-01,2022-05-31,2022,0,Total,Admin2,Month,MOH-NPL-2022-Y04-00,SEARO
NEPAL,KOSHI PROVINCE,OKHALDHUNGA,"NEPAL, KOSHI PROVINCE, OKHALDHUNGA",NPL,22354,NP-KO,NA,2022-05-01,2022-05-31,2022,0,Total,Admin2,Month,MOH-NPL-2022-Y04-00,SEARO
NEPAL,LUMBINI PROVINCE,PALPA,"NEPAL, LUMBINI PROVINCE, PALPA",NPL,22364,NP-LU,NA,2022-05-01,2022-05-31,2022,0,Total,Admin2,Month,MOH-NPL-2022-Y04-00,SEARO
NEPAL,KOSHI PROVINCE,PANCHTHAR,"NEPAL, KOSHI PROVINCE, PANCHTHAR",NPL,22354,NP-KO,NA,2022-05-01,2022-05-31,2022,0,Total,Admin2,Month,MOH-NPL-2022-Y04-00,SEARO
NEPAL,GANDAKI PROVINCE,PARBAT,"NEPAL, GANDAKI PROVINCE, PARBAT",NPL,22363,NP-GA,NA,2022-05-01,2022-05-31,2022,1,Total,Admin2,Month,MOH-NPL-2022-Y04-00,SEARO
NEPAL,MADHESH PROVINCE,PARSA,"NEPAL, MADHESH PROVINCE, PARSA",NPL,22352,NP-JA,NA,2022-05-01,2022-05-31,2022,0,Total,Admin2,Month,MOH-NPL-2022-Y04-00,SEARO
NEPAL,LUMBINI PROVINCE,PYUTHAN,"NEPAL, LUMBINI PROVINCE, PYUTHAN",NPL,22364,NP-LU,NA,2022-05-01,2022-05-31,2022,0,Total,Admin2,Month,MOH-NPL-2022-Y04-00,SEARO
NEPAL,BAGMATI PROVINCE,RAMECHHAP,"NEPAL, BAGMATI PROVINCE, RAMECHHAP",NPL,22351,NP-BA,NA,2022-05-01,2022-05-31,2022,0,Total,Admin2,Month,MOH-NPL-2022-Y04-00,SEARO
NEPAL,BAGMATI PROVINCE,RASUWA,"NEPAL, BAGMATI PROVINCE, RASUWA",NPL,22351,NP-BA,NA,2022-05-01,2022-05-31,2022,0,Total,Admin2,Month,MOH-NPL-2022-Y04-00,SEARO
NEPAL,MADHESH PROVINCE,RAUTAHAT,"NEPAL, MADHESH PROVINCE, RAUTAHAT",NPL,22352,NP-JA,NA,2022-05-01,2022-05-31,2022,1,Total,Admin2,Month,MOH-NPL-2022-Y04-00,SEARO
NEPAL,LUMBINI PROVINCE,ROLPA,"NEPAL, LUMBINI PROVINCE, ROLPA",NPL,22364,NP-LU,NA,2022-05-01,2022-05-31,2022,0,Total,Admin2,Month,MOH-NPL-2022-Y04-00,SEARO
NEPAL,LUMBINI PROVINCE,RUKUM EAST,"NEPAL, LUMBINI PROVINCE, RUKUM EAST",NPL,22364,NP-LU,NA,2022-05-01,2022-05-31,2022,0,Total,Admin2,Month,MOH-NPL-2022-Y04-00,SEARO
NEPAL,KARNALI PROVINCE,RUKUM WEST,"NEPAL, KARNALI PROVINCE, RUKUM WEST",NPL,22359,NP-KA,NA,2022-05-01,2022-05-31,2022,0,Total,Admin2,Month,MOH-NPL-2022-Y04-00,SEARO
NEPAL,LUMBINI PROVINCE,RUPANDEHI,"NEPAL, LUMBINI PROVINCE, RUPANDEHI",NPL,22364,NP-LU,NA,2022-05-01,2022-05-31,2022,0,Total,Admin2,Month,MOH-NPL-2022-Y04-00,SEARO
NEPAL,KARNALI PROVINCE,SALYAN,"NEPAL, KARNALI PROVINCE, SALYAN",NPL,22359,NP-KA,NA,2022-05-01,2022-05-31,2022,0,Total,Admin2,Month,MOH-NPL-2022-Y04-00,SEARO
NEPAL,KOSHI PROVINCE,SANKHUWASABHA,"NEPAL, KOSHI PROVINCE, SANKHUWASABHA",NPL,22354,NP-KO,NA,2022-05-01,2022-05-31,2022,0,Total,Admin2,Month,MOH-NPL-2022-Y04-00,SEARO
NEPAL,MADHESH PROVINCE,SAPTARI,"NEPAL, MADHESH PROVINCE, SAPTARI",NPL,22352,NP-JA,NA,2022-05-01,2022-05-31,2022,0,Total,Admin2,Month,MOH-NPL-2022-Y04-00,SEARO
NEPAL,MADHESH PROVINCE,SARLAHI,"NEPAL, MADHESH PROVINCE, SARLAHI",NPL,22352,NP-JA,NA,2022-05-01,2022-05-31,2022,2,Total,Admin2,Month,MOH-NPL-2022-Y04-00,SEARO
NEPAL,BAGMATI PROVINCE,SINDHULI,"NEPAL, BAGMATI PROVINCE, SINDHULI",NPL,22351,NP-BA,NA,2022-05-01,2022-05-31,2022,0,Total,Admin2,Month,MOH-NPL-2022-Y04-00,SEARO
NEPAL,BAGMATI PROVINCE,SINDHUPALCHOK,"NEPAL, BAGMATI PROVINCE, SINDHUPALCHOK",NPL,22351,NP-BA,NA,2022-05-01,2022-05-31,2022,0,Total,Admin2,Month,MOH-NPL-2022-Y04-00,SEARO
NEPAL,MADHESH PROVINCE,SIRAHA,"NEPAL, MADHESH PROVINCE, SIRAHA",NPL,22352,NP-JA,NA,2022-05-01,2022-05-31,2022,0,Total,Admin2,Month,MOH-NPL-2022-Y04-00,SEARO
NEPAL,KOSHI PROVINCE,SOLUKHUMBU,"NEPAL, KOSHI PROVINCE, SOLUKHUMBU",NPL,22354,NP-KO,NA,2022-05-01,2022-05-31,2022,0,Total,Admin2,Month,MOH-NPL-2022-Y04-00,SEARO
NEPAL,KOSHI PROVINCE,SUNSARI,"NEPAL, KOSHI PROVINCE, SUNSARI",NPL,22354,NP-KO,NA,2022-05-01,2022-05-31,2022,0,Total,Admin2,Month,MOH-NPL-2022-Y04-00,SEARO
NEPAL,KARNALI PROVINCE,SURKHET,"NEPAL, KARNALI PROVINCE, SURKHET",NPL,22359,NP-KA,NA,2022-05-01,2022-05-31,2022,2,Total,Admin2,Month,MOH-NPL-2022-Y04-00,SEARO
NEPAL,GANDAKI PROVINCE,SYANGJA,"NEPAL, GANDAKI PROVINCE, SYANGJA",NPL,22363,NP-GA,NA,2022-05-01,2022-05-31,2022,0,Total,Admin2,Month,MOH-NPL-2022-Y04-00,SEARO
NEPAL,GANDAKI PROVINCE,TANAHU,"NEPAL, GANDAKI PROVINCE, TANAHU",NPL,22363,NP-GA,NA,2022-05-01,2022-05-31,2022,0,Total,Admin2,Month,MOH-NPL-2022-Y04-00,SEARO
NEPAL,KOSHI PROVINCE,TAPLEJUNG,"NEPAL, KOSHI PROVINCE, TAPLEJUNG",NPL,22354,NP-KO,NA,2022-05-01,2022-05-31,2022,0,Total,Admin2,Month,MOH-NPL-2022-Y04-00,SEARO
NEPAL,KOSHI PROVINCE,TERHATHUM,"NEPAL, KOSHI PROVINCE, TERHATHUM",NPL,22354,NP-KO,NA,2022-05-01,2022-05-31,2022,0,Total,Admin2,Month,MOH-NPL-2022-Y04-00,SEARO
NEPAL,KOSHI PROVINCE,UDAYAPUR,"NEPAL, KOSHI PROVINCE, UDAYAPUR",NPL,22354,NP-KO,NA,2022-05-01,2022-05-31,2022,0,Total,Admin2,Month,MOH-NPL-2022-Y04-00,SEARO
NEPAL,NA,NA,NEPAL,NPL,175,NPL,NA,2022-06-01,2022-06-30,2022,87,Total,Admin0,Month,WHO-ALL-2025-Y01-00,SEARO
NEPAL,SUDURPASCHIM PROVINCE,ACHHAM,"NEPAL, SUDURPASCHIM PROVINCE, ACHHAM",NPL,22357,NP-MA,NA,2022-06-01,2022-06-30,2022,1,Total,Admin2,Month,MOH-NPL-2022-Y04-00,SEARO
NEPAL,LUMBINI PROVINCE,ARGHAKHANCHI,"NEPAL, LUMBINI PROVINCE, ARGHAKHANCHI",NPL,22364,NP-LU,NA,2022-06-01,2022-06-30,2022,1,Total,Admin2,Month,MOH-NPL-2022-Y04-00,SEARO
NEPAL,GANDAKI PROVINCE,BAGLUNG,"NEPAL, GANDAKI PROVINCE, BAGLUNG",NPL,22363,NP-GA,NA,2022-06-01,2022-06-30,2022,0,Total,Admin2,Month,MOH-NPL-2022-Y04-00,SEARO
NEPAL,SUDURPASCHIM PROVINCE,BAITADI,"NEPAL, SUDURPASCHIM PROVINCE, BAITADI",NPL,22357,NP-MA,NA,2022-06-01,2022-06-30,2022,0,Total,Admin2,Month,MOH-NPL-2022-Y04-00,SEARO
NEPAL,SUDURPASCHIM PROVINCE,BAJHANG,"NEPAL, SUDURPASCHIM PROVINCE, BAJHANG",NPL,22357,NP-MA,NA,2022-06-01,2022-06-30,2022,0,Total,Admin2,Month,MOH-NPL-2022-Y04-00,SEARO
NEPAL,SUDURPASCHIM PROVINCE,BAJURA,"NEPAL, SUDURPASCHIM PROVINCE, BAJURA",NPL,22357,NP-MA,NA,2022-06-01,2022-06-30,2022,0,Total,Admin2,Month,MOH-NPL-2022-Y04-00,SEARO
NEPAL,LUMBINI PROVINCE,BANKE,"NEPAL, LUMBINI PROVINCE, BANKE",NPL,22364,NP-LU,NA,2022-06-01,2022-06-30,2022,0,Total,Admin2,Month,MOH-NPL-2022-Y04-00,SEARO
NEPAL,MADHESH PROVINCE,BARA,"NEPAL, MADHESH PROVINCE, BARA",NPL,22352,NP-JA,NA,2022-06-01,2022-06-30,2022,0,Total,Admin2,Month,MOH-NPL-2022-Y04-00,SEARO
NEPAL,LUMBINI PROVINCE,BARDIYA,"NEPAL, LUMBINI PROVINCE, BARDIYA",NPL,22364,NP-LU,NA,2022-06-01,2022-06-30,2022,0,Total,Admin2,Month,MOH-NPL-2022-Y04-00,SEARO
NEPAL,BAGMATI PROVINCE,BHAKTAPUR,"NEPAL, BAGMATI PROVINCE, BHAKTAPUR",NPL,22351,NP-BA,NA,2022-06-01,2022-06-30,2022,0,Total,Admin2,Month,MOH-NPL-2022-Y04-00,SEARO
NEPAL,KOSHI PROVINCE,BHOJPUR,"NEPAL, KOSHI PROVINCE, BHOJPUR",NPL,22354,NP-KO,NA,2022-06-01,2022-06-30,2022,2,Total,Admin2,Month,MOH-NPL-2022-Y04-00,SEARO
NEPAL,BAGMATI PROVINCE,CHITAWAN,"NEPAL, BAGMATI PROVINCE, CHITAWAN",NPL,22351,NP-BA,NA,2022-06-01,2022-06-30,2022,3,Total,Admin2,Month,MOH-NPL-2022-Y04-00,SEARO
NEPAL,SUDURPASCHIM PROVINCE,DADELDHURA,"NEPAL, SUDURPASCHIM PROVINCE, DADELDHURA",NPL,22357,NP-MA,NA,2022-06-01,2022-06-30,2022,1,Total,Admin2,Month,MOH-NPL-2022-Y04-00,SEARO
NEPAL,KARNALI PROVINCE,DAILEKH,"NEPAL, KARNALI PROVINCE, DAILEKH",NPL,22359,NP-KA,NA,2022-06-01,2022-06-30,2022,0,Total,Admin2,Month,MOH-NPL-2022-Y04-00,SEARO
NEPAL,LUMBINI PROVINCE,DANG,"NEPAL, LUMBINI PROVINCE, DANG",NPL,22364,NP-LU,NA,2022-06-01,2022-06-30,2022,1,Total,Admin2,Month,MOH-NPL-2022-Y04-00,SEARO
NEPAL,SUDURPASCHIM PROVINCE,DARCHULA,"NEPAL, SUDURPASCHIM PROVINCE, DARCHULA",NPL,22357,NP-MA,NA,2022-06-01,2022-06-30,2022,2,Total,Admin2,Month,MOH-NPL-2022-Y04-00,SEARO
NEPAL,BAGMATI PROVINCE,DHADING,"NEPAL, BAGMATI PROVINCE, DHADING",NPL,22351,NP-BA,NA,2022-06-01,2022-06-30,2022,32,Total,Admin2,Month,MOH-NPL-2022-Y04-00,SEARO
NEPAL,KOSHI PROVINCE,DHANKUTA,"NEPAL, KOSHI PROVINCE, DHANKUTA",NPL,22354,NP-KO,NA,2022-06-01,2022-06-30,2022,0,Total,Admin2,Month,MOH-NPL-2022-Y04-00,SEARO
NEPAL,MADHESH PROVINCE,DHANUSA,"NEPAL, MADHESH PROVINCE, DHANUSA",NPL,22352,NP-JA,NA,2022-06-01,2022-06-30,2022,0,Total,Admin2,Month,MOH-NPL-2022-Y04-00,SEARO
NEPAL,BAGMATI PROVINCE,DOLAKHA,"NEPAL, BAGMATI PROVINCE, DOLAKHA",NPL,22351,NP-BA,NA,2022-06-01,2022-06-30,2022,0,Total,Admin2,Month,MOH-NPL-2022-Y04-00,SEARO
NEPAL,KARNALI PROVINCE,DOLPA,"NEPAL, KARNALI PROVINCE, DOLPA",NPL,22359,NP-KA,NA,2022-06-01,2022-06-30,2022,0,Total,Admin2,Month,MOH-NPL-2022-Y04-00,SEARO
NEPAL,SUDURPASCHIM PROVINCE,DOTI,"NEPAL, SUDURPASCHIM PROVINCE, DOTI",NPL,22357,NP-MA,NA,2022-06-01,2022-06-30,2022,0,Total,Admin2,Month,MOH-NPL-2022-Y04-00,SEARO
NEPAL,GANDAKI PROVINCE,GORKHA,"NEPAL, GANDAKI PROVINCE, GORKHA",NPL,22363,NP-GA,NA,2022-06-01,2022-06-30,2022,1,Total,Admin2,Month,MOH-NPL-2022-Y04-00,SEARO
NEPAL,LUMBINI PROVINCE,GULMI,"NEPAL, LUMBINI PROVINCE, GULMI",NPL,22364,NP-LU,NA,2022-06-01,2022-06-30,2022,3,Total,Admin2,Month,MOH-NPL-2022-Y04-00,SEARO
NEPAL,KARNALI PROVINCE,HUMLA,"NEPAL, KARNALI PROVINCE, HUMLA",NPL,22359,NP-KA,NA,2022-06-01,2022-06-30,2022,0,Total,Admin2,Month,MOH-NPL-2022-Y04-00,SEARO
NEPAL,KOSHI PROVINCE,ILAM,"NEPAL, KOSHI PROVINCE, ILAM",NPL,22354,NP-KO,NA,2022-06-01,2022-06-30,2022,0,Total,Admin2,Month,MOH-NPL-2022-Y04-00,SEARO
NEPAL,KARNALI PROVINCE,JAJARKOT,"NEPAL, KARNALI PROVINCE, JAJARKOT",NPL,22359,NP-KA,NA,2022-06-01,2022-06-30,2022,1,Total,Admin2,Month,MOH-NPL-2022-Y04-00,SEARO
NEPAL,KOSHI PROVINCE,JHAPA,"NEPAL, KOSHI PROVINCE, JHAPA",NPL,22354,NP-KO,NA,2022-06-01,2022-06-30,2022,1,Total,Admin2,Month,MOH-NPL-2022-Y04-00,SEARO
NEPAL,KARNALI PROVINCE,JUMLA,"NEPAL, KARNALI PROVINCE, JUMLA",NPL,22359,NP-KA,NA,2022-06-01,2022-06-30,2022,0,Total,Admin2,Month,MOH-NPL-2022-Y04-00,SEARO
NEPAL,SUDURPASCHIM PROVINCE,KAILALI,"NEPAL, SUDURPASCHIM PROVINCE, KAILALI",NPL,22357,NP-MA,NA,2022-06-01,2022-06-30,2022,0,Total,Admin2,Month,MOH-NPL-2022-Y04-00,SEARO
NEPAL,KARNALI PROVINCE,KALIKOT,"NEPAL, KARNALI PROVINCE, KALIKOT",NPL,22359,NP-KA,NA,2022-06-01,2022-06-30,2022,1,Total,Admin2,Month,MOH-NPL-2022-Y04-00,SEARO
NEPAL,SUDURPASCHIM PROVINCE,KANCHANPUR,"NEPAL, SUDURPASCHIM PROVINCE, KANCHANPUR",NPL,22357,NP-MA,NA,2022-06-01,2022-06-30,2022,4,Total,Admin2,Month,MOH-NPL-2022-Y04-00,SEARO
NEPAL,LUMBINI PROVINCE,KAPILBASTU,"NEPAL, LUMBINI PROVINCE, KAPILBASTU",NPL,22364,NP-LU,NA,2022-06-01,2022-06-30,2022,2,Total,Admin2,Month,MOH-NPL-2022-Y04-00,SEARO
NEPAL,GANDAKI PROVINCE,KASKI,"NEPAL, GANDAKI PROVINCE, KASKI",NPL,22363,NP-GA,NA,2022-06-01,2022-06-30,2022,0,Total,Admin2,Month,MOH-NPL-2022-Y04-00,SEARO
NEPAL,BAGMATI PROVINCE,KATHMANDU,"NEPAL, BAGMATI PROVINCE, KATHMANDU",NPL,22351,NP-BA,NA,2022-06-01,2022-06-30,2022,1,Total,Admin2,Month,MOH-NPL-2022-Y04-00,SEARO
NEPAL,BAGMATI PROVINCE,KAVREPALANCHOK,"NEPAL, BAGMATI PROVINCE, KAVREPALANCHOK",NPL,22351,NP-BA,NA,2022-06-01,2022-06-30,2022,0,Total,Admin2,Month,MOH-NPL-2022-Y04-00,SEARO
NEPAL,KOSHI PROVINCE,KHOTANG,"NEPAL, KOSHI PROVINCE, KHOTANG",NPL,22354,NP-KO,NA,2022-06-01,2022-06-30,2022,0,Total,Admin2,Month,MOH-NPL-2022-Y04-00,SEARO
NEPAL,BAGMATI PROVINCE,LALITPUR,"NEPAL, BAGMATI PROVINCE, LALITPUR",NPL,22351,NP-BA,NA,2022-06-01,2022-06-30,2022,1,Total,Admin2,Month,MOH-NPL-2022-Y04-00,SEARO
NEPAL,GANDAKI PROVINCE,LAMJUNG,"NEPAL, GANDAKI PROVINCE, LAMJUNG",NPL,22363,NP-GA,NA,2022-06-01,2022-06-30,2022,2,Total,Admin2,Month,MOH-NPL-2022-Y04-00,SEARO
NEPAL,MADHESH PROVINCE,MAHOTTARI,"NEPAL, MADHESH PROVINCE, MAHOTTARI",NPL,22352,NP-JA,NA,2022-06-01,2022-06-30,2022,0,Total,Admin2,Month,MOH-NPL-2022-Y04-00,SEARO
NEPAL,BAGMATI PROVINCE,MAKWANPUR,"NEPAL, BAGMATI PROVINCE, MAKWANPUR",NPL,22351,NP-BA,NA,2022-06-01,2022-06-30,2022,0,Total,Admin2,Month,MOH-NPL-2022-Y04-00,SEARO
NEPAL,GANDAKI PROVINCE,MANANG,"NEPAL, GANDAKI PROVINCE, MANANG",NPL,22363,NP-GA,NA,2022-06-01,2022-06-30,2022,0,Total,Admin2,Month,MOH-NPL-2022-Y04-00,SEARO
NEPAL,KOSHI PROVINCE,MORANG,"NEPAL, KOSHI PROVINCE, MORANG",NPL,22354,NP-KO,NA,2022-06-01,2022-06-30,2022,3,Total,Admin2,Month,MOH-NPL-2022-Y04-00,SEARO
NEPAL,KARNALI PROVINCE,MUGU,"NEPAL, KARNALI PROVINCE, MUGU",NPL,22359,NP-KA,NA,2022-06-01,2022-06-30,2022,0,Total,Admin2,Month,MOH-NPL-2022-Y04-00,SEARO
NEPAL,GANDAKI PROVINCE,MUSTANG,"NEPAL, GANDAKI PROVINCE, MUSTANG",NPL,22363,NP-GA,NA,2022-06-01,2022-06-30,2022,0,Total,Admin2,Month,MOH-NPL-2022-Y04-00,SEARO
NEPAL,GANDAKI PROVINCE,MYAGDI,"NEPAL, GANDAKI PROVINCE, MYAGDI",NPL,22363,NP-GA,NA,2022-06-01,2022-06-30,2022,0,Total,Admin2,Month,MOH-NPL-2022-Y04-00,SEARO
NEPAL,GANDAKI PROVINCE,NAWALPARASI EAST,"NEPAL, GANDAKI PROVINCE, NAWALPARASI EAST",NPL,22363,NP-GA,NA,2022-06-01,2022-06-30,2022,0,Total,Admin2,Month,MOH-NPL-2022-Y04-00,SEARO
NEPAL,LUMBINI PROVINCE,NAWALPARASI WEST,"NEPAL, LUMBINI PROVINCE, NAWALPARASI WEST",NPL,22364,NP-LU,NA,2022-06-01,2022-06-30,2022,1,Total,Admin2,Month,MOH-NPL-2022-Y04-00,SEARO
NEPAL,BAGMATI PROVINCE,NUWAKOT,"NEPAL, BAGMATI PROVINCE, NUWAKOT",NPL,22351,NP-BA,NA,2022-06-01,2022-06-30,2022,0,Total,Admin2,Month,MOH-NPL-2022-Y04-00,SEARO
NEPAL,KOSHI PROVINCE,OKHALDHUNGA,"NEPAL, KOSHI PROVINCE, OKHALDHUNGA",NPL,22354,NP-KO,NA,2022-06-01,2022-06-30,2022,1,Total,Admin2,Month,MOH-NPL-2022-Y04-00,SEARO
NEPAL,LUMBINI PROVINCE,PALPA,"NEPAL, LUMBINI PROVINCE, PALPA",NPL,22364,NP-LU,NA,2022-06-01,2022-06-30,2022,3,Total,Admin2,Month,MOH-NPL-2022-Y04-00,SEARO
NEPAL,KOSHI PROVINCE,PANCHTHAR,"NEPAL, KOSHI PROVINCE, PANCHTHAR",NPL,22354,NP-KO,NA,2022-06-01,2022-06-30,2022,0,Total,Admin2,Month,MOH-NPL-2022-Y04-00,SEARO
NEPAL,GANDAKI PROVINCE,PARBAT,"NEPAL, GANDAKI PROVINCE, PARBAT",NPL,22363,NP-GA,NA,2022-06-01,2022-06-30,2022,0,Total,Admin2,Month,MOH-NPL-2022-Y04-00,SEARO
NEPAL,MADHESH PROVINCE,PARSA,"NEPAL, MADHESH PROVINCE, PARSA",NPL,22352,NP-JA,NA,2022-06-01,2022-06-30,2022,3,Total,Admin2,Month,MOH-NPL-2022-Y04-00,SEARO
NEPAL,LUMBINI PROVINCE,PYUTHAN,"NEPAL, LUMBINI PROVINCE, PYUTHAN",NPL,22364,NP-LU,NA,2022-06-01,2022-06-30,2022,1,Total,Admin2,Month,MOH-NPL-2022-Y04-00,SEARO
NEPAL,BAGMATI PROVINCE,RAMECHHAP,"NEPAL, BAGMATI PROVINCE, RAMECHHAP",NPL,22351,NP-BA,NA,2022-06-01,2022-06-30,2022,0,Total,Admin2,Month,MOH-NPL-2022-Y04-00,SEARO
NEPAL,BAGMATI PROVINCE,RASUWA,"NEPAL, BAGMATI PROVINCE, RASUWA",NPL,22351,NP-BA,NA,2022-06-01,2022-06-30,2022,0,Total,Admin2,Month,MOH-NPL-2022-Y04-00,SEARO
NEPAL,MADHESH PROVINCE,RAUTAHAT,"NEPAL, MADHESH PROVINCE, RAUTAHAT",NPL,22352,NP-JA,NA,2022-06-01,2022-06-30,2022,0,Total,Admin2,Month,MOH-NPL-2022-Y04-00,SEARO
NEPAL,LUMBINI PROVINCE,ROLPA,"NEPAL, LUMBINI PROVINCE, ROLPA",NPL,22364,NP-LU,NA,2022-06-01,2022-06-30,2022,0,Total,Admin2,Month,MOH-NPL-2022-Y04-00,SEARO
NEPAL,LUMBINI PROVINCE,RUKUM EAST,"NEPAL, LUMBINI PROVINCE, RUKUM EAST",NPL,22364,NP-LU,NA,2022-06-01,2022-06-30,2022,0,Total,Admin2,Month,MOH-NPL-2022-Y04-00,SEARO
NEPAL,KARNALI PROVINCE,RUKUM WEST,"NEPAL, KARNALI PROVINCE, RUKUM WEST",NPL,22359,NP-KA,NA,2022-06-01,2022-06-30,2022,0,Total,Admin2,Month,MOH-NPL-2022-Y04-00,SEARO
NEPAL,LUMBINI PROVINCE,RUPANDEHI,"NEPAL, LUMBINI PROVINCE, RUPANDEHI",NPL,22364,NP-LU,NA,2022-06-01,2022-06-30,2022,7,Total,Admin2,Month,MOH-NPL-2022-Y04-00,SEARO
NEPAL,KARNALI PROVINCE,SALYAN,"NEPAL, KARNALI PROVINCE, SALYAN",NPL,22359,NP-KA,NA,2022-06-01,2022-06-30,2022,0,Total,Admin2,Month,MOH-NPL-2022-Y04-00,SEARO
NEPAL,KOSHI PROVINCE,SANKHUWASABHA,"NEPAL, KOSHI PROVINCE, SANKHUWASABHA",NPL,22354,NP-KO,NA,2022-06-01,2022-06-30,2022,11,Total,Admin2,Month,MOH-NPL-2022-Y04-00,SEARO
NEPAL,MADHESH PROVINCE,SAPTARI,"NEPAL, MADHESH PROVINCE, SAPTARI",NPL,22352,NP-JA,NA,2022-06-01,2022-06-30,2022,0,Total,Admin2,Month,MOH-NPL-2022-Y04-00,SEARO
NEPAL,MADHESH PROVINCE,SARLAHI,"NEPAL, MADHESH PROVINCE, SARLAHI",NPL,22352,NP-JA,NA,2022-06-01,2022-06-30,2022,1,Total,Admin2,Month,MOH-NPL-2022-Y04-00,SEARO
NEPAL,BAGMATI PROVINCE,SINDHULI,"NEPAL, BAGMATI PROVINCE, SINDHULI",NPL,22351,NP-BA,NA,2022-06-01,2022-06-30,2022,1,Total,Admin2,Month,MOH-NPL-2022-Y04-00,SEARO
NEPAL,BAGMATI PROVINCE,SINDHUPALCHOK,"NEPAL, BAGMATI PROVINCE, SINDHUPALCHOK",NPL,22351,NP-BA,NA,2022-06-01,2022-06-30,2022,0,Total,Admin2,Month,MOH-NPL-2022-Y04-00,SEARO
NEPAL,MADHESH PROVINCE,SIRAHA,"NEPAL, MADHESH PROVINCE, SIRAHA",NPL,22352,NP-JA,NA,2022-06-01,2022-06-30,2022,1,Total,Admin2,Month,MOH-NPL-2022-Y04-00,SEARO
NEPAL,KOSHI PROVINCE,SOLUKHUMBU,"NEPAL, KOSHI PROVINCE, SOLUKHUMBU",NPL,22354,NP-KO,NA,2022-06-01,2022-06-30,2022,0,Total,Admin2,Month,MOH-NPL-2022-Y04-00,SEARO
NEPAL,KOSHI PROVINCE,SUNSARI,"NEPAL, KOSHI PROVINCE, SUNSARI",NPL,22354,NP-KO,NA,2022-06-01,2022-06-30,2022,0,Total,Admin2,Month,MOH-NPL-2022-Y04-00,SEARO
NEPAL,KARNALI PROVINCE,SURKHET,"NEPAL, KARNALI PROVINCE, SURKHET",NPL,22359,NP-KA,NA,2022-06-01,2022-06-30,2022,0,Total,Admin2,Month,MOH-NPL-2022-Y04-00,SEARO
NEPAL,GANDAKI PROVINCE,SYANGJA,"NEPAL, GANDAKI PROVINCE, SYANGJA",NPL,22363,NP-GA,NA,2022-06-01,2022-06-30,2022,0,Total,Admin2,Month,MOH-NPL-2022-Y04-00,SEARO
NEPAL,GANDAKI PROVINCE,TANAHU,"NEPAL, GANDAKI PROVINCE, TANAHU",NPL,22363,NP-GA,NA,2022-06-01,2022-06-30,2022,0,Total,Admin2,Month,MOH-NPL-2022-Y04-00,SEARO
NEPAL,KOSHI PROVINCE,TAPLEJUNG,"NEPAL, KOSHI PROVINCE, TAPLEJUNG",NPL,22354,NP-KO,NA,2022-06-01,2022-06-30,2022,0,Total,Admin2,Month,MOH-NPL-2022-Y04-00,SEARO
NEPAL,KOSHI PROVINCE,TERHATHUM,"NEPAL, KOSHI PROVINCE, TERHATHUM",NPL,22354,NP-KO,NA,2022-06-01,2022-06-30,2022,0,Total,Admin2,Month,MOH-NPL-2022-Y04-00,SEARO
NEPAL,KOSHI PROVINCE,UDAYAPUR,"NEPAL, KOSHI PROVINCE, UDAYAPUR",NPL,22354,NP-KO,NA,2022-06-01,2022-06-30,2022,0,Total,Admin2,Month,MOH-NPL-2022-Y04-00,SEARO
NEPAL,NA,NA,NEPAL,NPL,175,NPL,NA,2022-07-01,2022-07-31,2022,378,Total,Admin0,Month,WHO-ALL-2025-Y01-00,SEARO
NEPAL,SUDURPASCHIM PROVINCE,ACHHAM,"NEPAL, SUDURPASCHIM PROVINCE, ACHHAM",NPL,22357,NP-MA,NA,2022-07-01,2022-07-31,2022,1,Total,Admin2,Month,MOH-NPL-2022-Y04-00,SEARO
NEPAL,LUMBINI PROVINCE,ARGHAKHANCHI,"NEPAL, LUMBINI PROVINCE, ARGHAKHANCHI",NPL,22364,NP-LU,NA,2022-07-01,2022-07-31,2022,13,Total,Admin2,Month,MOH-NPL-2022-Y04-00,SEARO
NEPAL,GANDAKI PROVINCE,BAGLUNG,"NEPAL, GANDAKI PROVINCE, BAGLUNG",NPL,22363,NP-GA,NA,2022-07-01,2022-07-31,2022,6,Total,Admin2,Month,MOH-NPL-2022-Y04-00,SEARO
NEPAL,SUDURPASCHIM PROVINCE,BAITADI,"NEPAL, SUDURPASCHIM PROVINCE, BAITADI",NPL,22357,NP-MA,NA,2022-07-01,2022-07-31,2022,3,Total,Admin2,Month,MOH-NPL-2022-Y04-00,SEARO
NEPAL,SUDURPASCHIM PROVINCE,BAJHANG,"NEPAL, SUDURPASCHIM PROVINCE, BAJHANG",NPL,22357,NP-MA,NA,2022-07-01,2022-07-31,2022,0,Total,Admin2,Month,MOH-NPL-2022-Y04-00,SEARO
NEPAL,SUDURPASCHIM PROVINCE,BAJURA,"NEPAL, SUDURPASCHIM PROVINCE, BAJURA",NPL,22357,NP-MA,NA,2022-07-01,2022-07-31,2022,1,Total,Admin2,Month,MOH-NPL-2022-Y04-00,SEARO
NEPAL,LUMBINI PROVINCE,BANKE,"NEPAL, LUMBINI PROVINCE, BANKE",NPL,22364,NP-LU,NA,2022-07-01,2022-07-31,2022,2,Total,Admin2,Month,MOH-NPL-2022-Y04-00,SEARO
NEPAL,MADHESH PROVINCE,BARA,"NEPAL, MADHESH PROVINCE, BARA",NPL,22352,NP-JA,NA,2022-07-01,2022-07-31,2022,0,Total,Admin2,Month,MOH-NPL-2022-Y04-00,SEARO
NEPAL,LUMBINI PROVINCE,BARDIYA,"NEPAL, LUMBINI PROVINCE, BARDIYA",NPL,22364,NP-LU,NA,2022-07-01,2022-07-31,2022,4,Total,Admin2,Month,MOH-NPL-2022-Y04-00,SEARO
NEPAL,BAGMATI PROVINCE,BHAKTAPUR,"NEPAL, BAGMATI PROVINCE, BHAKTAPUR",NPL,22351,NP-BA,NA,2022-07-01,2022-07-31,2022,6,Total,Admin2,Month,MOH-NPL-2022-Y04-00,SEARO
NEPAL,KOSHI PROVINCE,BHOJPUR,"NEPAL, KOSHI PROVINCE, BHOJPUR",NPL,22354,NP-KO,NA,2022-07-01,2022-07-31,2022,7,Total,Admin2,Month,MOH-NPL-2022-Y04-00,SEARO
NEPAL,BAGMATI PROVINCE,CHITAWAN,"NEPAL, BAGMATI PROVINCE, CHITAWAN",NPL,22351,NP-BA,NA,2022-07-01,2022-07-31,2022,4,Total,Admin2,Month,MOH-NPL-2022-Y04-00,SEARO
NEPAL,SUDURPASCHIM PROVINCE,DADELDHURA,"NEPAL, SUDURPASCHIM PROVINCE, DADELDHURA",NPL,22357,NP-MA,NA,2022-07-01,2022-07-31,2022,1,Total,Admin2,Month,MOH-NPL-2022-Y04-00,SEARO
NEPAL,KARNALI PROVINCE,DAILEKH,"NEPAL, KARNALI PROVINCE, DAILEKH",NPL,22359,NP-KA,NA,2022-07-01,2022-07-31,2022,1,Total,Admin2,Month,MOH-NPL-2022-Y04-00,SEARO
NEPAL,LUMBINI PROVINCE,DANG,"NEPAL, LUMBINI PROVINCE, DANG",NPL,22364,NP-LU,NA,2022-07-01,2022-07-31,2022,5,Total,Admin2,Month,MOH-NPL-2022-Y04-00,SEARO
NEPAL,SUDURPASCHIM PROVINCE,DARCHULA,"NEPAL, SUDURPASCHIM PROVINCE, DARCHULA",NPL,22357,NP-MA,NA,2022-07-01,2022-07-31,2022,0,Total,Admin2,Month,MOH-NPL-2022-Y04-00,SEARO
NEPAL,BAGMATI PROVINCE,DHADING,"NEPAL, BAGMATI PROVINCE, DHADING",NPL,22351,NP-BA,NA,2022-07-01,2022-07-31,2022,24,Total,Admin2,Month,MOH-NPL-2022-Y04-00,SEARO
NEPAL,KOSHI PROVINCE,DHANKUTA,"NEPAL, KOSHI PROVINCE, DHANKUTA",NPL,22354,NP-KO,NA,2022-07-01,2022-07-31,2022,0,Total,Admin2,Month,MOH-NPL-2022-Y04-00,SEARO
NEPAL,MADHESH PROVINCE,DHANUSA,"NEPAL, MADHESH PROVINCE, DHANUSA",NPL,22352,NP-JA,NA,2022-07-01,2022-07-31,2022,0,Total,Admin2,Month,MOH-NPL-2022-Y04-00,SEARO
NEPAL,BAGMATI PROVINCE,DOLAKHA,"NEPAL, BAGMATI PROVINCE, DOLAKHA",NPL,22351,NP-BA,NA,2022-07-01,2022-07-31,2022,0,Total,Admin2,Month,MOH-NPL-2022-Y04-00,SEARO
NEPAL,KARNALI PROVINCE,DOLPA,"NEPAL, KARNALI PROVINCE, DOLPA",NPL,22359,NP-KA,NA,2022-07-01,2022-07-31,2022,0,Total,Admin2,Month,MOH-NPL-2022-Y04-00,SEARO
NEPAL,SUDURPASCHIM PROVINCE,DOTI,"NEPAL, SUDURPASCHIM PROVINCE, DOTI",NPL,22357,NP-MA,NA,2022-07-01,2022-07-31,2022,1,Total,Admin2,Month,MOH-NPL-2022-Y04-00,SEARO
NEPAL,GANDAKI PROVINCE,GORKHA,"NEPAL, GANDAKI PROVINCE, GORKHA",NPL,22363,NP-GA,NA,2022-07-01,2022-07-31,2022,2,Total,Admin2,Month,MOH-NPL-2022-Y04-00,SEARO
NEPAL,LUMBINI PROVINCE,GULMI,"NEPAL, LUMBINI PROVINCE, GULMI",NPL,22364,NP-LU,NA,2022-07-01,2022-07-31,2022,17,Total,Admin2,Month,MOH-NPL-2022-Y04-00,SEARO
NEPAL,KARNALI PROVINCE,HUMLA,"NEPAL, KARNALI PROVINCE, HUMLA",NPL,22359,NP-KA,NA,2022-07-01,2022-07-31,2022,0,Total,Admin2,Month,MOH-NPL-2022-Y04-00,SEARO
NEPAL,KOSHI PROVINCE,ILAM,"NEPAL, KOSHI PROVINCE, ILAM",NPL,22354,NP-KO,NA,2022-07-01,2022-07-31,2022,1,Total,Admin2,Month,MOH-NPL-2022-Y04-00,SEARO
NEPAL,KARNALI PROVINCE,JAJARKOT,"NEPAL, KARNALI PROVINCE, JAJARKOT",NPL,22359,NP-KA,NA,2022-07-01,2022-07-31,2022,0,Total,Admin2,Month,MOH-NPL-2022-Y04-00,SEARO
NEPAL,KOSHI PROVINCE,JHAPA,"NEPAL, KOSHI PROVINCE, JHAPA",NPL,22354,NP-KO,NA,2022-07-01,2022-07-31,2022,2,Total,Admin2,Month,MOH-NPL-2022-Y04-00,SEARO
NEPAL,KARNALI PROVINCE,JUMLA,"NEPAL, KARNALI PROVINCE, JUMLA",NPL,22359,NP-KA,NA,2022-07-01,2022-07-31,2022,6,Total,Admin2,Month,MOH-NPL-2022-Y04-00,SEARO
NEPAL,SUDURPASCHIM PROVINCE,KAILALI,"NEPAL, SUDURPASCHIM PROVINCE, KAILALI",NPL,22357,NP-MA,NA,2022-07-01,2022-07-31,2022,3,Total,Admin2,Month,MOH-NPL-2022-Y04-00,SEARO
NEPAL,KARNALI PROVINCE,KALIKOT,"NEPAL, KARNALI PROVINCE, KALIKOT",NPL,22359,NP-KA,NA,2022-07-01,2022-07-31,2022,0,Total,Admin2,Month,MOH-NPL-2022-Y04-00,SEARO
NEPAL,SUDURPASCHIM PROVINCE,KANCHANPUR,"NEPAL, SUDURPASCHIM PROVINCE, KANCHANPUR",NPL,22357,NP-MA,NA,2022-07-01,2022-07-31,2022,3,Total,Admin2,Month,MOH-NPL-2022-Y04-00,SEARO
NEPAL,LUMBINI PROVINCE,KAPILBASTU,"NEPAL, LUMBINI PROVINCE, KAPILBASTU",NPL,22364,NP-LU,NA,2022-07-01,2022-07-31,2022,6,Total,Admin2,Month,MOH-NPL-2022-Y04-00,SEARO
NEPAL,GANDAKI PROVINCE,KASKI,"NEPAL, GANDAKI PROVINCE, KASKI",NPL,22363,NP-GA,NA,2022-07-01,2022-07-31,2022,3,Total,Admin2,Month,MOH-NPL-2022-Y04-00,SEARO
NEPAL,BAGMATI PROVINCE,KATHMANDU,"NEPAL, BAGMATI PROVINCE, KATHMANDU",NPL,22351,NP-BA,NA,2022-07-01,2022-07-31,2022,35,Total,Admin2,Month,MOH-NPL-2022-Y04-00,SEARO
NEPAL,BAGMATI PROVINCE,KAVREPALANCHOK,"NEPAL, BAGMATI PROVINCE, KAVREPALANCHOK",NPL,22351,NP-BA,NA,2022-07-01,2022-07-31,2022,5,Total,Admin2,Month,MOH-NPL-2022-Y04-00,SEARO
NEPAL,KOSHI PROVINCE,KHOTANG,"NEPAL, KOSHI PROVINCE, KHOTANG",NPL,22354,NP-KO,NA,2022-07-01,2022-07-31,2022,0,Total,Admin2,Month,MOH-NPL-2022-Y04-00,SEARO
NEPAL,BAGMATI PROVINCE,LALITPUR,"NEPAL, BAGMATI PROVINCE, LALITPUR",NPL,22351,NP-BA,NA,2022-07-01,2022-07-31,2022,99,Total,Admin2,Month,MOH-NPL-2022-Y04-00,SEARO
NEPAL,GANDAKI PROVINCE,LAMJUNG,"NEPAL, GANDAKI PROVINCE, LAMJUNG",NPL,22363,NP-GA,NA,2022-07-01,2022-07-31,2022,8,Total,Admin2,Month,MOH-NPL-2022-Y04-00,SEARO
NEPAL,MADHESH PROVINCE,MAHOTTARI,"NEPAL, MADHESH PROVINCE, MAHOTTARI",NPL,22352,NP-JA,NA,2022-07-01,2022-07-31,2022,0,Total,Admin2,Month,MOH-NPL-2022-Y04-00,SEARO
NEPAL,BAGMATI PROVINCE,MAKWANPUR,"NEPAL, BAGMATI PROVINCE, MAKWANPUR",NPL,22351,NP-BA,NA,2022-07-01,2022-07-31,2022,221,Total,Admin2,Month,MOH-NPL-2022-Y04-00,SEARO
NEPAL,GANDAKI PROVINCE,MANANG,"NEPAL, GANDAKI PROVINCE, MANANG",NPL,22363,NP-GA,NA,2022-07-01,2022-07-31,2022,0,Total,Admin2,Month,MOH-NPL-2022-Y04-00,SEARO
NEPAL,KOSHI PROVINCE,MORANG,"NEPAL, KOSHI PROVINCE, MORANG",NPL,22354,NP-KO,NA,2022-07-01,2022-07-31,2022,2,Total,Admin2,Month,MOH-NPL-2022-Y04-00,SEARO
NEPAL,KARNALI PROVINCE,MUGU,"NEPAL, KARNALI PROVINCE, MUGU",NPL,22359,NP-KA,NA,2022-07-01,2022-07-31,2022,0,Total,Admin2,Month,MOH-NPL-2022-Y04-00,SEARO
NEPAL,GANDAKI PROVINCE,MUSTANG,"NEPAL, GANDAKI PROVINCE, MUSTANG",NPL,22363,NP-GA,NA,2022-07-01,2022-07-31,2022,0,Total,Admin2,Month,MOH-NPL-2022-Y04-00,SEARO
NEPAL,GANDAKI PROVINCE,MYAGDI,"NEPAL, GANDAKI PROVINCE, MYAGDI",NPL,22363,NP-GA,NA,2022-07-01,2022-07-31,2022,1,Total,Admin2,Month,MOH-NPL-2022-Y04-00,SEARO
NEPAL,GANDAKI PROVINCE,NAWALPARASI EAST,"NEPAL, GANDAKI PROVINCE, NAWALPARASI EAST",NPL,22363,NP-GA,NA,2022-07-01,2022-07-31,2022,2,Total,Admin2,Month,MOH-NPL-2022-Y04-00,SEARO
NEPAL,LUMBINI PROVINCE,NAWALPARASI WEST,"NEPAL, LUMBINI PROVINCE, NAWALPARASI WEST",NPL,22364,NP-LU,NA,2022-07-01,2022-07-31,2022,16,Total,Admin2,Month,MOH-NPL-2022-Y04-00,SEARO
NEPAL,BAGMATI PROVINCE,NUWAKOT,"NEPAL, BAGMATI PROVINCE, NUWAKOT",NPL,22351,NP-BA,NA,2022-07-01,2022-07-31,2022,2,Total,Admin2,Month,MOH-NPL-2022-Y04-00,SEARO
NEPAL,KOSHI PROVINCE,OKHALDHUNGA,"NEPAL, KOSHI PROVINCE, OKHALDHUNGA",NPL,22354,NP-KO,NA,2022-07-01,2022-07-31,2022,3,Total,Admin2,Month,MOH-NPL-2022-Y04-00,SEARO
NEPAL,LUMBINI PROVINCE,PALPA,"NEPAL, LUMBINI PROVINCE, PALPA",NPL,22364,NP-LU,NA,2022-07-01,2022-07-31,2022,12,Total,Admin2,Month,MOH-NPL-2022-Y04-00,SEARO
NEPAL,KOSHI PROVINCE,PANCHTHAR,"NEPAL, KOSHI PROVINCE, PANCHTHAR",NPL,22354,NP-KO,NA,2022-07-01,2022-07-31,2022,0,Total,Admin2,Month,MOH-NPL-2022-Y04-00,SEARO
NEPAL,GANDAKI PROVINCE,PARBAT,"NEPAL, GANDAKI PROVINCE, PARBAT",NPL,22363,NP-GA,NA,2022-07-01,2022-07-31,2022,3,Total,Admin2,Month,MOH-NPL-2022-Y04-00,SEARO
NEPAL,MADHESH PROVINCE,PARSA,"NEPAL, MADHESH PROVINCE, PARSA",NPL,22352,NP-JA,NA,2022-07-01,2022-07-31,2022,1,Total,Admin2,Month,MOH-NPL-2022-Y04-00,SEARO
NEPAL,LUMBINI PROVINCE,PYUTHAN,"NEPAL, LUMBINI PROVINCE, PYUTHAN",NPL,22364,NP-LU,NA,2022-07-01,2022-07-31,2022,6,Total,Admin2,Month,MOH-NPL-2022-Y04-00,SEARO
NEPAL,BAGMATI PROVINCE,RAMECHHAP,"NEPAL, BAGMATI PROVINCE, RAMECHHAP",NPL,22351,NP-BA,NA,2022-07-01,2022-07-31,2022,4,Total,Admin2,Month,MOH-NPL-2022-Y04-00,SEARO
NEPAL,BAGMATI PROVINCE,RASUWA,"NEPAL, BAGMATI PROVINCE, RASUWA",NPL,22351,NP-BA,NA,2022-07-01,2022-07-31,2022,0,Total,Admin2,Month,MOH-NPL-2022-Y04-00,SEARO
NEPAL,MADHESH PROVINCE,RAUTAHAT,"NEPAL, MADHESH PROVINCE, RAUTAHAT",NPL,22352,NP-JA,NA,2022-07-01,2022-07-31,2022,2,Total,Admin2,Month,MOH-NPL-2022-Y04-00,SEARO
NEPAL,LUMBINI PROVINCE,ROLPA,"NEPAL, LUMBINI PROVINCE, ROLPA",NPL,22364,NP-LU,NA,2022-07-01,2022-07-31,2022,0,Total,Admin2,Month,MOH-NPL-2022-Y04-00,SEARO
NEPAL,LUMBINI PROVINCE,RUKUM EAST,"NEPAL, LUMBINI PROVINCE, RUKUM EAST",NPL,22364,NP-LU,NA,2022-07-01,2022-07-31,2022,2,Total,Admin2,Month,MOH-NPL-2022-Y04-00,SEARO
NEPAL,KARNALI PROVINCE,RUKUM WEST,"NEPAL, KARNALI PROVINCE, RUKUM WEST",NPL,22359,NP-KA,NA,2022-07-01,2022-07-31,2022,1,Total,Admin2,Month,MOH-NPL-2022-Y04-00,SEARO
NEPAL,LUMBINI PROVINCE,RUPANDEHI,"NEPAL, LUMBINI PROVINCE, RUPANDEHI",NPL,22364,NP-LU,NA,2022-07-01,2022-07-31,2022,109,Total,Admin2,Month,MOH-NPL-2022-Y04-00,SEARO
NEPAL,KARNALI PROVINCE,SALYAN,"NEPAL, KARNALI PROVINCE, SALYAN",NPL,22359,NP-KA,NA,2022-07-01,2022-07-31,2022,1,Total,Admin2,Month,MOH-NPL-2022-Y04-00,SEARO
NEPAL,KOSHI PROVINCE,SANKHUWASABHA,"NEPAL, KOSHI PROVINCE, SANKHUWASABHA",NPL,22354,NP-KO,NA,2022-07-01,2022-07-31,2022,30,Total,Admin2,Month,MOH-NPL-2022-Y04-00,SEARO
NEPAL,MADHESH PROVINCE,SAPTARI,"NEPAL, MADHESH PROVINCE, SAPTARI",NPL,22352,NP-JA,NA,2022-07-01,2022-07-31,2022,0,Total,Admin2,Month,MOH-NPL-2022-Y04-00,SEARO
NEPAL,MADHESH PROVINCE,SARLAHI,"NEPAL, MADHESH PROVINCE, SARLAHI",NPL,22352,NP-JA,NA,2022-07-01,2022-07-31,2022,1,Total,Admin2,Month,MOH-NPL-2022-Y04-00,SEARO
NEPAL,BAGMATI PROVINCE,SINDHULI,"NEPAL, BAGMATI PROVINCE, SINDHULI",NPL,22351,NP-BA,NA,2022-07-01,2022-07-31,2022,27,Total,Admin2,Month,MOH-NPL-2022-Y04-00,SEARO
NEPAL,BAGMATI PROVINCE,SINDHUPALCHOK,"NEPAL, BAGMATI PROVINCE, SINDHUPALCHOK",NPL,22351,NP-BA,NA,2022-07-01,2022-07-31,2022,0,Total,Admin2,Month,MOH-NPL-2022-Y04-00,SEARO
NEPAL,MADHESH PROVINCE,SIRAHA,"NEPAL, MADHESH PROVINCE, SIRAHA",NPL,22352,NP-JA,NA,2022-07-01,2022-07-31,2022,0,Total,Admin2,Month,MOH-NPL-2022-Y04-00,SEARO
NEPAL,KOSHI PROVINCE,SOLUKHUMBU,"NEPAL, KOSHI PROVINCE, SOLUKHUMBU",NPL,22354,NP-KO,NA,2022-07-01,2022-07-31,2022,0,Total,Admin2,Month,MOH-NPL-2022-Y04-00,SEARO
NEPAL,KOSHI PROVINCE,SUNSARI,"NEPAL, KOSHI PROVINCE, SUNSARI",NPL,22354,NP-KO,NA,2022-07-01,2022-07-31,2022,2,Total,Admin2,Month,MOH-NPL-2022-Y04-00,SEARO
NEPAL,KARNALI PROVINCE,SURKHET,"NEPAL, KARNALI PROVINCE, SURKHET",NPL,22359,NP-KA,NA,2022-07-01,2022-07-31,2022,0,Total,Admin2,Month,MOH-NPL-2022-Y04-00,SEARO
NEPAL,GANDAKI PROVINCE,SYANGJA,"NEPAL, GANDAKI PROVINCE, SYANGJA",NPL,22363,NP-GA,NA,2022-07-01,2022-07-31,2022,1,Total,Admin2,Month,MOH-NPL-2022-Y04-00,SEARO
NEPAL,GANDAKI PROVINCE,TANAHU,"NEPAL, GANDAKI PROVINCE, TANAHU",NPL,22363,NP-GA,NA,2022-07-01,2022-07-31,2022,2,Total,Admin2,Month,MOH-NPL-2022-Y04-00,SEARO
NEPAL,KOSHI PROVINCE,TAPLEJUNG,"NEPAL, KOSHI PROVINCE, TAPLEJUNG",NPL,22354,NP-KO,NA,2022-07-01,2022-07-31,2022,0,Total,Admin2,Month,MOH-NPL-2022-Y04-00,SEARO
NEPAL,KOSHI PROVINCE,TERHATHUM,"NEPAL, KOSHI PROVINCE, TERHATHUM",NPL,22354,NP-KO,NA,2022-07-01,2022-07-31,2022,0,Total,Admin2,Month,MOH-NPL-2022-Y04-00,SEARO
NEPAL,KOSHI PROVINCE,UDAYAPUR,"NEPAL, KOSHI PROVINCE, UDAYAPUR",NPL,22354,NP-KO,NA,2022-07-01,2022-07-31,2022,0,Total,Admin2,Month,MOH-NPL-2022-Y04-00,SEARO
NEPAL,NA,NA,NEPAL,NPL,175,NPL,NA,2022-08-01,2022-08-31,2022,1845,Total,Admin0,Month,WHO-ALL-2025-Y01-00,SEARO
NEPAL,SUDURPASCHIM PROVINCE,ACHHAM,"NEPAL, SUDURPASCHIM PROVINCE, ACHHAM",NPL,22357,NP-MA,NA,2022-08-01,2022-08-31,2022,1,Total,Admin2,Month,MOH-NPL-2022-Y04-00,SEARO
NEPAL,LUMBINI PROVINCE,ARGHAKHANCHI,"NEPAL, LUMBINI PROVINCE, ARGHAKHANCHI",NPL,22364,NP-LU,NA,2022-08-01,2022-08-31,2022,36,Total,Admin2,Month,MOH-NPL-2022-Y04-00,SEARO
NEPAL,GANDAKI PROVINCE,BAGLUNG,"NEPAL, GANDAKI PROVINCE, BAGLUNG",NPL,22363,NP-GA,NA,2022-08-01,2022-08-31,2022,12,Total,Admin2,Month,MOH-NPL-2022-Y04-00,SEARO
NEPAL,SUDURPASCHIM PROVINCE,BAITADI,"NEPAL, SUDURPASCHIM PROVINCE, BAITADI",NPL,22357,NP-MA,NA,2022-08-01,2022-08-31,2022,4,Total,Admin2,Month,MOH-NPL-2022-Y04-00,SEARO
NEPAL,SUDURPASCHIM PROVINCE,BAJHANG,"NEPAL, SUDURPASCHIM PROVINCE, BAJHANG",NPL,22357,NP-MA,NA,2022-08-01,2022-08-31,2022,4,Total,Admin2,Month,MOH-NPL-2022-Y04-00,SEARO
NEPAL,SUDURPASCHIM PROVINCE,BAJURA,"NEPAL, SUDURPASCHIM PROVINCE, BAJURA",NPL,22357,NP-MA,NA,2022-08-01,2022-08-31,2022,5,Total,Admin2,Month,MOH-NPL-2022-Y04-00,SEARO
NEPAL,LUMBINI PROVINCE,BANKE,"NEPAL, LUMBINI PROVINCE, BANKE",NPL,22364,NP-LU,NA,2022-08-01,2022-08-31,2022,6,Total,Admin2,Month,MOH-NPL-2022-Y04-00,SEARO
NEPAL,MADHESH PROVINCE,BARA,"NEPAL, MADHESH PROVINCE, BARA",NPL,22352,NP-JA,NA,2022-08-01,2022-08-31,2022,9,Total,Admin2,Month,MOH-NPL-2022-Y04-00,SEARO
NEPAL,LUMBINI PROVINCE,BARDIYA,"NEPAL, LUMBINI PROVINCE, BARDIYA",NPL,22364,NP-LU,NA,2022-08-01,2022-08-31,2022,6,Total,Admin2,Month,MOH-NPL-2022-Y04-00,SEARO
NEPAL,BAGMATI PROVINCE,BHAKTAPUR,"NEPAL, BAGMATI PROVINCE, BHAKTAPUR",NPL,22351,NP-BA,NA,2022-08-01,2022-08-31,2022,86,Total,Admin2,Month,MOH-NPL-2022-Y04-00,SEARO
NEPAL,KOSHI PROVINCE,BHOJPUR,"NEPAL, KOSHI PROVINCE, BHOJPUR",NPL,22354,NP-KO,NA,2022-08-01,2022-08-31,2022,3,Total,Admin2,Month,MOH-NPL-2022-Y04-00,SEARO
NEPAL,BAGMATI PROVINCE,CHITAWAN,"NEPAL, BAGMATI PROVINCE, CHITAWAN",NPL,22351,NP-BA,NA,2022-08-01,2022-08-31,2022,24,Total,Admin2,Month,MOH-NPL-2022-Y04-00,SEARO
NEPAL,SUDURPASCHIM PROVINCE,DADELDHURA,"NEPAL, SUDURPASCHIM PROVINCE, DADELDHURA",NPL,22357,NP-MA,NA,2022-08-01,2022-08-31,2022,5,Total,Admin2,Month,MOH-NPL-2022-Y04-00,SEARO
NEPAL,KARNALI PROVINCE,DAILEKH,"NEPAL, KARNALI PROVINCE, DAILEKH",NPL,22359,NP-KA,NA,2022-08-01,2022-08-31,2022,1,Total,Admin2,Month,MOH-NPL-2022-Y04-00,SEARO
NEPAL,LUMBINI PROVINCE,DANG,"NEPAL, LUMBINI PROVINCE, DANG",NPL,22364,NP-LU,NA,2022-08-01,2022-08-31,2022,19,Total,Admin2,Month,MOH-NPL-2022-Y04-00,SEARO
NEPAL,SUDURPASCHIM PROVINCE,DARCHULA,"NEPAL, SUDURPASCHIM PROVINCE, DARCHULA",NPL,22357,NP-MA,NA,2022-08-01,2022-08-31,2022,10,Total,Admin2,Month,MOH-NPL-2022-Y04-00,SEARO
NEPAL,BAGMATI PROVINCE,DHADING,"NEPAL, BAGMATI PROVINCE, DHADING",NPL,22351,NP-BA,NA,2022-08-01,2022-08-31,2022,54,Total,Admin2,Month,MOH-NPL-2022-Y04-00,SEARO
NEPAL,KOSHI PROVINCE,DHANKUTA,"NEPAL, KOSHI PROVINCE, DHANKUTA",NPL,22354,NP-KO,NA,2022-08-01,2022-08-31,2022,4,Total,Admin2,Month,MOH-NPL-2022-Y04-00,SEARO
NEPAL,MADHESH PROVINCE,DHANUSA,"NEPAL, MADHESH PROVINCE, DHANUSA",NPL,22352,NP-JA,NA,2022-08-01,2022-08-31,2022,2,Total,Admin2,Month,MOH-NPL-2022-Y04-00,SEARO
NEPAL,BAGMATI PROVINCE,DOLAKHA,"NEPAL, BAGMATI PROVINCE, DOLAKHA",NPL,22351,NP-BA,NA,2022-08-01,2022-08-31,2022,10,Total,Admin2,Month,MOH-NPL-2022-Y04-00,SEARO
NEPAL,KARNALI PROVINCE,DOLPA,"NEPAL, KARNALI PROVINCE, DOLPA",NPL,22359,NP-KA,NA,2022-08-01,2022-08-31,2022,1,Total,Admin2,Month,MOH-NPL-2022-Y04-00,SEARO
NEPAL,SUDURPASCHIM PROVINCE,DOTI,"NEPAL, SUDURPASCHIM PROVINCE, DOTI",NPL,22357,NP-MA,NA,2022-08-01,2022-08-31,2022,1,Total,Admin2,Month,MOH-NPL-2022-Y04-00,SEARO
NEPAL,GANDAKI PROVINCE,GORKHA,"NEPAL, GANDAKI PROVINCE, GORKHA",NPL,22363,NP-GA,NA,2022-08-01,2022-08-31,2022,9,Total,Admin2,Month,MOH-NPL-2022-Y04-00,SEARO
NEPAL,LUMBINI PROVINCE,GULMI,"NEPAL, LUMBINI PROVINCE, GULMI",NPL,22364,NP-LU,NA,2022-08-01,2022-08-31,2022,33,Total,Admin2,Month,MOH-NPL-2022-Y04-00,SEARO
NEPAL,KARNALI PROVINCE,HUMLA,"NEPAL, KARNALI PROVINCE, HUMLA",NPL,22359,NP-KA,NA,2022-08-01,2022-08-31,2022,0,Total,Admin2,Month,MOH-NPL-2022-Y04-00,SEARO
NEPAL,KOSHI PROVINCE,ILAM,"NEPAL, KOSHI PROVINCE, ILAM",NPL,22354,NP-KO,NA,2022-08-01,2022-08-31,2022,2,Total,Admin2,Month,MOH-NPL-2022-Y04-00,SEARO
NEPAL,KARNALI PROVINCE,JAJARKOT,"NEPAL, KARNALI PROVINCE, JAJARKOT",NPL,22359,NP-KA,NA,2022-08-01,2022-08-31,2022,0,Total,Admin2,Month,MOH-NPL-2022-Y04-00,SEARO
NEPAL,KOSHI PROVINCE,JHAPA,"NEPAL, KOSHI PROVINCE, JHAPA",NPL,22354,NP-KO,NA,2022-08-01,2022-08-31,2022,5,Total,Admin2,Month,MOH-NPL-2022-Y04-00,SEARO
NEPAL,KARNALI PROVINCE,JUMLA,"NEPAL, KARNALI PROVINCE, JUMLA",NPL,22359,NP-KA,NA,2022-08-01,2022-08-31,2022,6,Total,Admin2,Month,MOH-NPL-2022-Y04-00,SEARO
NEPAL,SUDURPASCHIM PROVINCE,KAILALI,"NEPAL, SUDURPASCHIM PROVINCE, KAILALI",NPL,22357,NP-MA,NA,2022-08-01,2022-08-31,2022,13,Total,Admin2,Month,MOH-NPL-2022-Y04-00,SEARO
NEPAL,KARNALI PROVINCE,KALIKOT,"NEPAL, KARNALI PROVINCE, KALIKOT",NPL,22359,NP-KA,NA,2022-08-01,2022-08-31,2022,0,Total,Admin2,Month,MOH-NPL-2022-Y04-00,SEARO
NEPAL,SUDURPASCHIM PROVINCE,KANCHANPUR,"NEPAL, SUDURPASCHIM PROVINCE, KANCHANPUR",NPL,22357,NP-MA,NA,2022-08-01,2022-08-31,2022,14,Total,Admin2,Month,MOH-NPL-2022-Y04-00,SEARO
NEPAL,LUMBINI PROVINCE,KAPILBASTU,"NEPAL, LUMBINI PROVINCE, KAPILBASTU",NPL,22364,NP-LU,NA,2022-08-01,2022-08-31,2022,21,Total,Admin2,Month,MOH-NPL-2022-Y04-00,SEARO
NEPAL,GANDAKI PROVINCE,KASKI,"NEPAL, GANDAKI PROVINCE, KASKI",NPL,22363,NP-GA,NA,2022-08-01,2022-08-31,2022,6,Total,Admin2,Month,MOH-NPL-2022-Y04-00,SEARO
NEPAL,BAGMATI PROVINCE,KATHMANDU,"NEPAL, BAGMATI PROVINCE, KATHMANDU",NPL,22351,NP-BA,NA,2022-08-01,2022-08-31,2022,727,Total,Admin2,Month,MOH-NPL-2022-Y04-00,SEARO
NEPAL,BAGMATI PROVINCE,KAVREPALANCHOK,"NEPAL, BAGMATI PROVINCE, KAVREPALANCHOK",NPL,22351,NP-BA,NA,2022-08-01,2022-08-31,2022,29,Total,Admin2,Month,MOH-NPL-2022-Y04-00,SEARO
NEPAL,KOSHI PROVINCE,KHOTANG,"NEPAL, KOSHI PROVINCE, KHOTANG",NPL,22354,NP-KO,NA,2022-08-01,2022-08-31,2022,2,Total,Admin2,Month,MOH-NPL-2022-Y04-00,SEARO
NEPAL,BAGMATI PROVINCE,LALITPUR,"NEPAL, BAGMATI PROVINCE, LALITPUR",NPL,22351,NP-BA,NA,2022-08-01,2022-08-31,2022,1558,Total,Admin2,Month,MOH-NPL-2022-Y04-00,SEARO
NEPAL,GANDAKI PROVINCE,LAMJUNG,"NEPAL, GANDAKI PROVINCE, LAMJUNG",NPL,22363,NP-GA,NA,2022-08-01,2022-08-31,2022,6,Total,Admin2,Month,MOH-NPL-2022-Y04-00,SEARO
NEPAL,MADHESH PROVINCE,MAHOTTARI,"NEPAL, MADHESH PROVINCE, MAHOTTARI",NPL,22352,NP-JA,NA,2022-08-01,2022-08-31,2022,5,Total,Admin2,Month,MOH-NPL-2022-Y04-00,SEARO
NEPAL,BAGMATI PROVINCE,MAKWANPUR,"NEPAL, BAGMATI PROVINCE, MAKWANPUR",NPL,22351,NP-BA,NA,2022-08-01,2022-08-31,2022,337,Total,Admin2,Month,MOH-NPL-2022-Y04-00,SEARO
NEPAL,GANDAKI PROVINCE,MANANG,"NEPAL, GANDAKI PROVINCE, MANANG",NPL,22363,NP-GA,NA,2022-08-01,2022-08-31,2022,1,Total,Admin2,Month,MOH-NPL-2022-Y04-00,SEARO
NEPAL,KOSHI PROVINCE,MORANG,"NEPAL, KOSHI PROVINCE, MORANG",NPL,22354,NP-KO,NA,2022-08-01,2022-08-31,2022,3,Total,Admin2,Month,MOH-NPL-2022-Y04-00,SEARO
NEPAL,KARNALI PROVINCE,MUGU,"NEPAL, KARNALI PROVINCE, MUGU",NPL,22359,NP-KA,NA,2022-08-01,2022-08-31,2022,1,Total,Admin2,Month,MOH-NPL-2022-Y04-00,SEARO
NEPAL,GANDAKI PROVINCE,MUSTANG,"NEPAL, GANDAKI PROVINCE, MUSTANG",NPL,22363,NP-GA,NA,2022-08-01,2022-08-31,2022,0,Total,Admin2,Month,MOH-NPL-2022-Y04-00,SEARO
NEPAL,GANDAKI PROVINCE,MYAGDI,"NEPAL, GANDAKI PROVINCE, MYAGDI",NPL,22363,NP-GA,NA,2022-08-01,2022-08-31,2022,1,Total,Admin2,Month,MOH-NPL-2022-Y04-00,SEARO
NEPAL,GANDAKI PROVINCE,NAWALPARASI EAST,"NEPAL, GANDAKI PROVINCE, NAWALPARASI EAST",NPL,22363,NP-GA,NA,2022-08-01,2022-08-31,2022,12,Total,Admin2,Month,MOH-NPL-2022-Y04-00,SEARO
NEPAL,LUMBINI PROVINCE,NAWALPARASI WEST,"NEPAL, LUMBINI PROVINCE, NAWALPARASI WEST",NPL,22364,NP-LU,NA,2022-08-01,2022-08-31,2022,23,Total,Admin2,Month,MOH-NPL-2022-Y04-00,SEARO
NEPAL,BAGMATI PROVINCE,NUWAKOT,"NEPAL, BAGMATI PROVINCE, NUWAKOT",NPL,22351,NP-BA,NA,2022-08-01,2022-08-31,2022,12,Total,Admin2,Month,MOH-NPL-2022-Y04-00,SEARO
NEPAL,KOSHI PROVINCE,OKHALDHUNGA,"NEPAL, KOSHI PROVINCE, OKHALDHUNGA",NPL,22354,NP-KO,NA,2022-08-01,2022-08-31,2022,4,Total,Admin2,Month,MOH-NPL-2022-Y04-00,SEARO
NEPAL,LUMBINI PROVINCE,PALPA,"NEPAL, LUMBINI PROVINCE, PALPA",NPL,22364,NP-LU,NA,2022-08-01,2022-08-31,2022,26,Total,Admin2,Month,MOH-NPL-2022-Y04-00,SEARO
NEPAL,KOSHI PROVINCE,PANCHTHAR,"NEPAL, KOSHI PROVINCE, PANCHTHAR",NPL,22354,NP-KO,NA,2022-08-01,2022-08-31,2022,1,Total,Admin2,Month,MOH-NPL-2022-Y04-00,SEARO
NEPAL,GANDAKI PROVINCE,PARBAT,"NEPAL, GANDAKI PROVINCE, PARBAT",NPL,22363,NP-GA,NA,2022-08-01,2022-08-31,2022,3,Total,Admin2,Month,MOH-NPL-2022-Y04-00,SEARO
NEPAL,MADHESH PROVINCE,PARSA,"NEPAL, MADHESH PROVINCE, PARSA",NPL,22352,NP-JA,NA,2022-08-01,2022-08-31,2022,3,Total,Admin2,Month,MOH-NPL-2022-Y04-00,SEARO
NEPAL,LUMBINI PROVINCE,PYUTHAN,"NEPAL, LUMBINI PROVINCE, PYUTHAN",NPL,22364,NP-LU,NA,2022-08-01,2022-08-31,2022,6,Total,Admin2,Month,MOH-NPL-2022-Y04-00,SEARO
NEPAL,BAGMATI PROVINCE,RAMECHHAP,"NEPAL, BAGMATI PROVINCE, RAMECHHAP",NPL,22351,NP-BA,NA,2022-08-01,2022-08-31,2022,17,Total,Admin2,Month,MOH-NPL-2022-Y04-00,SEARO
NEPAL,BAGMATI PROVINCE,RASUWA,"NEPAL, BAGMATI PROVINCE, RASUWA",NPL,22351,NP-BA,NA,2022-08-01,2022-08-31,2022,0,Total,Admin2,Month,MOH-NPL-2022-Y04-00,SEARO
NEPAL,MADHESH PROVINCE,RAUTAHAT,"NEPAL, MADHESH PROVINCE, RAUTAHAT",NPL,22352,NP-JA,NA,2022-08-01,2022-08-31,2022,5,Total,Admin2,Month,MOH-NPL-2022-Y04-00,SEARO
NEPAL,LUMBINI PROVINCE,ROLPA,"NEPAL, LUMBINI PROVINCE, ROLPA",NPL,22364,NP-LU,NA,2022-08-01,2022-08-31,2022,2,Total,Admin2,Month,MOH-NPL-2022-Y04-00,SEARO
NEPAL,LUMBINI PROVINCE,RUKUM EAST,"NEPAL, LUMBINI PROVINCE, RUKUM EAST",NPL,22364,NP-LU,NA,2022-08-01,2022-08-31,2022,3,Total,Admin2,Month,MOH-NPL-2022-Y04-00,SEARO
NEPAL,KARNALI PROVINCE,RUKUM WEST,"NEPAL, KARNALI PROVINCE, RUKUM WEST",NPL,22359,NP-KA,NA,2022-08-01,2022-08-31,2022,3,Total,Admin2,Month,MOH-NPL-2022-Y04-00,SEARO
NEPAL,LUMBINI PROVINCE,RUPANDEHI,"NEPAL, LUMBINI PROVINCE, RUPANDEHI",NPL,22364,NP-LU,NA,2022-08-01,2022-08-31,2022,315,Total,Admin2,Month,MOH-NPL-2022-Y04-00,SEARO
NEPAL,KARNALI PROVINCE,SALYAN,"NEPAL, KARNALI PROVINCE, SALYAN",NPL,22359,NP-KA,NA,2022-08-01,2022-08-31,2022,0,Total,Admin2,Month,MOH-NPL-2022-Y04-00,SEARO
NEPAL,KOSHI PROVINCE,SANKHUWASABHA,"NEPAL, KOSHI PROVINCE, SANKHUWASABHA",NPL,22354,NP-KO,NA,2022-08-01,2022-08-31,2022,15,Total,Admin2,Month,MOH-NPL-2022-Y04-00,SEARO
NEPAL,MADHESH PROVINCE,SAPTARI,"NEPAL, MADHESH PROVINCE, SAPTARI",NPL,22352,NP-JA,NA,2022-08-01,2022-08-31,2022,3,Total,Admin2,Month,MOH-NPL-2022-Y04-00,SEARO
NEPAL,MADHESH PROVINCE,SARLAHI,"NEPAL, MADHESH PROVINCE, SARLAHI",NPL,22352,NP-JA,NA,2022-08-01,2022-08-31,2022,19,Total,Admin2,Month,MOH-NPL-2022-Y04-00,SEARO
NEPAL,BAGMATI PROVINCE,SINDHULI,"NEPAL, BAGMATI PROVINCE, SINDHULI",NPL,22351,NP-BA,NA,2022-08-01,2022-08-31,2022,38,Total,Admin2,Month,MOH-NPL-2022-Y04-00,SEARO
NEPAL,BAGMATI PROVINCE,SINDHUPALCHOK,"NEPAL, BAGMATI PROVINCE, SINDHUPALCHOK",NPL,22351,NP-BA,NA,2022-08-01,2022-08-31,2022,7,Total,Admin2,Month,MOH-NPL-2022-Y04-00,SEARO
NEPAL,MADHESH PROVINCE,SIRAHA,"NEPAL, MADHESH PROVINCE, SIRAHA",NPL,22352,NP-JA,NA,2022-08-01,2022-08-31,2022,5,Total,Admin2,Month,MOH-NPL-2022-Y04-00,SEARO
NEPAL,KOSHI PROVINCE,SOLUKHUMBU,"NEPAL, KOSHI PROVINCE, SOLUKHUMBU",NPL,22354,NP-KO,NA,2022-08-01,2022-08-31,2022,2,Total,Admin2,Month,MOH-NPL-2022-Y04-00,SEARO
NEPAL,KOSHI PROVINCE,SUNSARI,"NEPAL, KOSHI PROVINCE, SUNSARI",NPL,22354,NP-KO,NA,2022-08-01,2022-08-31,2022,4,Total,Admin2,Month,MOH-NPL-2022-Y04-00,SEARO
NEPAL,KARNALI PROVINCE,SURKHET,"NEPAL, KARNALI PROVINCE, SURKHET",NPL,22359,NP-KA,NA,2022-08-01,2022-08-31,2022,1,Total,Admin2,Month,MOH-NPL-2022-Y04-00,SEARO
NEPAL,GANDAKI PROVINCE,SYANGJA,"NEPAL, GANDAKI PROVINCE, SYANGJA",NPL,22363,NP-GA,NA,2022-08-01,2022-08-31,2022,5,Total,Admin2,Month,MOH-NPL-2022-Y04-00,SEARO
NEPAL,GANDAKI PROVINCE,TANAHU,"NEPAL, GANDAKI PROVINCE, TANAHU",NPL,22363,NP-GA,NA,2022-08-01,2022-08-31,2022,1,Total,Admin2,Month,MOH-NPL-2022-Y04-00,SEARO
NEPAL,KOSHI PROVINCE,TAPLEJUNG,"NEPAL, KOSHI PROVINCE, TAPLEJUNG",NPL,22354,NP-KO,NA,2022-08-01,2022-08-31,2022,0,Total,Admin2,Month,MOH-NPL-2022-Y04-00,SEARO
NEPAL,KOSHI PROVINCE,TERHATHUM,"NEPAL, KOSHI PROVINCE, TERHATHUM",NPL,22354,NP-KO,NA,2022-08-01,2022-08-31,2022,88,Total,Admin2,Month,MOH-NPL-2022-Y04-00,SEARO
NEPAL,KOSHI PROVINCE,UDAYAPUR,"NEPAL, KOSHI PROVINCE, UDAYAPUR",NPL,22354,NP-KO,NA,2022-08-01,2022-08-31,2022,3,Total,Admin2,Month,MOH-NPL-2022-Y04-00,SEARO
NEPAL,NA,NA,NEPAL,NPL,175,NPL,NA,2022-09-01,2022-09-30,2022,10790,Total,Admin0,Month,WHO-ALL-2025-Y01-00,SEARO
NEPAL,SUDURPASCHIM PROVINCE,ACHHAM,"NEPAL, SUDURPASCHIM PROVINCE, ACHHAM",NPL,22357,NP-MA,NA,2022-09-01,2022-09-30,2022,21,Total,Admin2,Month,MOH-NPL-2022-Y04-00,SEARO
NEPAL,LUMBINI PROVINCE,ARGHAKHANCHI,"NEPAL, LUMBINI PROVINCE, ARGHAKHANCHI",NPL,22364,NP-LU,NA,2022-09-01,2022-09-30,2022,87,Total,Admin2,Month,MOH-NPL-2022-Y04-00,SEARO
NEPAL,GANDAKI PROVINCE,BAGLUNG,"NEPAL, GANDAKI PROVINCE, BAGLUNG",NPL,22363,NP-GA,NA,2022-09-01,2022-09-30,2022,70,Total,Admin2,Month,MOH-NPL-2022-Y04-00,SEARO
NEPAL,SUDURPASCHIM PROVINCE,BAITADI,"NEPAL, SUDURPASCHIM PROVINCE, BAITADI",NPL,22357,NP-MA,NA,2022-09-01,2022-09-30,2022,34,Total,Admin2,Month,MOH-NPL-2022-Y04-00,SEARO
NEPAL,SUDURPASCHIM PROVINCE,BAJHANG,"NEPAL, SUDURPASCHIM PROVINCE, BAJHANG",NPL,22357,NP-MA,NA,2022-09-01,2022-09-30,2022,17,Total,Admin2,Month,MOH-NPL-2022-Y04-00,SEARO
NEPAL,SUDURPASCHIM PROVINCE,BAJURA,"NEPAL, SUDURPASCHIM PROVINCE, BAJURA",NPL,22357,NP-MA,NA,2022-09-01,2022-09-30,2022,11,Total,Admin2,Month,MOH-NPL-2022-Y04-00,SEARO
NEPAL,LUMBINI PROVINCE,BANKE,"NEPAL, LUMBINI PROVINCE, BANKE",NPL,22364,NP-LU,NA,2022-09-01,2022-09-30,2022,49,Total,Admin2,Month,MOH-NPL-2022-Y04-00,SEARO
NEPAL,MADHESH PROVINCE,BARA,"NEPAL, MADHESH PROVINCE, BARA",NPL,22352,NP-JA,NA,2022-09-01,2022-09-30,2022,87,Total,Admin2,Month,MOH-NPL-2022-Y04-00,SEARO
NEPAL,LUMBINI PROVINCE,BARDIYA,"NEPAL, LUMBINI PROVINCE, BARDIYA",NPL,22364,NP-LU,NA,2022-09-01,2022-09-30,2022,68,Total,Admin2,Month,MOH-NPL-2022-Y04-00,SEARO
NEPAL,BAGMATI PROVINCE,BHAKTAPUR,"NEPAL, BAGMATI PROVINCE, BHAKTAPUR",NPL,22351,NP-BA,NA,2022-09-01,2022-09-30,2022,1151,Total,Admin2,Month,MOH-NPL-2022-Y04-00,SEARO
NEPAL,KOSHI PROVINCE,BHOJPUR,"NEPAL, KOSHI PROVINCE, BHOJPUR",NPL,22354,NP-KO,NA,2022-09-01,2022-09-30,2022,29,Total,Admin2,Month,MOH-NPL-2022-Y04-00,SEARO
NEPAL,BAGMATI PROVINCE,CHITAWAN,"NEPAL, BAGMATI PROVINCE, CHITAWAN",NPL,22351,NP-BA,NA,2022-09-01,2022-09-30,2022,995,Total,Admin2,Month,MOH-NPL-2022-Y04-00,SEARO
NEPAL,SUDURPASCHIM PROVINCE,DADELDHURA,"NEPAL, SUDURPASCHIM PROVINCE, DADELDHURA",NPL,22357,NP-MA,NA,2022-09-01,2022-09-30,2022,23,Total,Admin2,Month,MOH-NPL-2022-Y04-00,SEARO
NEPAL,KARNALI PROVINCE,DAILEKH,"NEPAL, KARNALI PROVINCE, DAILEKH",NPL,22359,NP-KA,NA,2022-09-01,2022-09-30,2022,13,Total,Admin2,Month,MOH-NPL-2022-Y04-00,SEARO
NEPAL,LUMBINI PROVINCE,DANG,"NEPAL, LUMBINI PROVINCE, DANG",NPL,22364,NP-LU,NA,2022-09-01,2022-09-30,2022,1702,Total,Admin2,Month,MOH-NPL-2022-Y04-00,SEARO
NEPAL,SUDURPASCHIM PROVINCE,DARCHULA,"NEPAL, SUDURPASCHIM PROVINCE, DARCHULA",NPL,22357,NP-MA,NA,2022-09-01,2022-09-30,2022,270,Total,Admin2,Month,MOH-NPL-2022-Y04-00,SEARO
NEPAL,BAGMATI PROVINCE,DHADING,"NEPAL, BAGMATI PROVINCE, DHADING",NPL,22351,NP-BA,NA,2022-09-01,2022-09-30,2022,483,Total,Admin2,Month,MOH-NPL-2022-Y04-00,SEARO
NEPAL,KOSHI PROVINCE,DHANKUTA,"NEPAL, KOSHI PROVINCE, DHANKUTA",NPL,22354,NP-KO,NA,2022-09-01,2022-09-30,2022,54,Total,Admin2,Month,MOH-NPL-2022-Y04-00,SEARO
NEPAL,MADHESH PROVINCE,DHANUSA,"NEPAL, MADHESH PROVINCE, DHANUSA",NPL,22352,NP-JA,NA,2022-09-01,2022-09-30,2022,15,Total,Admin2,Month,MOH-NPL-2022-Y04-00,SEARO
NEPAL,BAGMATI PROVINCE,DOLAKHA,"NEPAL, BAGMATI PROVINCE, DOLAKHA",NPL,22351,NP-BA,NA,2022-09-01,2022-09-30,2022,56,Total,Admin2,Month,MOH-NPL-2022-Y04-00,SEARO
NEPAL,KARNALI PROVINCE,DOLPA,"NEPAL, KARNALI PROVINCE, DOLPA",NPL,22359,NP-KA,NA,2022-09-01,2022-09-30,2022,1,Total,Admin2,Month,MOH-NPL-2022-Y04-00,SEARO
NEPAL,SUDURPASCHIM PROVINCE,DOTI,"NEPAL, SUDURPASCHIM PROVINCE, DOTI",NPL,22357,NP-MA,NA,2022-09-01,2022-09-30,2022,72,Total,Admin2,Month,MOH-NPL-2022-Y04-00,SEARO
NEPAL,GANDAKI PROVINCE,GORKHA,"NEPAL, GANDAKI PROVINCE, GORKHA",NPL,22363,NP-GA,NA,2022-09-01,2022-09-30,2022,81,Total,Admin2,Month,MOH-NPL-2022-Y04-00,SEARO
NEPAL,LUMBINI PROVINCE,GULMI,"NEPAL, LUMBINI PROVINCE, GULMI",NPL,22364,NP-LU,NA,2022-09-01,2022-09-30,2022,244,Total,Admin2,Month,MOH-NPL-2022-Y04-00,SEARO
NEPAL,KARNALI PROVINCE,HUMLA,"NEPAL, KARNALI PROVINCE, HUMLA",NPL,22359,NP-KA,NA,2022-09-01,2022-09-30,2022,2,Total,Admin2,Month,MOH-NPL-2022-Y04-00,SEARO
NEPAL,KOSHI PROVINCE,ILAM,"NEPAL, KOSHI PROVINCE, ILAM",NPL,22354,NP-KO,NA,2022-09-01,2022-09-30,2022,29,Total,Admin2,Month,MOH-NPL-2022-Y04-00,SEARO
NEPAL,KARNALI PROVINCE,JAJARKOT,"NEPAL, KARNALI PROVINCE, JAJARKOT",NPL,22359,NP-KA,NA,2022-09-01,2022-09-30,2022,11,Total,Admin2,Month,MOH-NPL-2022-Y04-00,SEARO
NEPAL,KOSHI PROVINCE,JHAPA,"NEPAL, KOSHI PROVINCE, JHAPA",NPL,22354,NP-KO,NA,2022-09-01,2022-09-30,2022,68,Total,Admin2,Month,MOH-NPL-2022-Y04-00,SEARO
NEPAL,KARNALI PROVINCE,JUMLA,"NEPAL, KARNALI PROVINCE, JUMLA",NPL,22359,NP-KA,NA,2022-09-01,2022-09-30,2022,10,Total,Admin2,Month,MOH-NPL-2022-Y04-00,SEARO
NEPAL,SUDURPASCHIM PROVINCE,KAILALI,"NEPAL, SUDURPASCHIM PROVINCE, KAILALI",NPL,22357,NP-MA,NA,2022-09-01,2022-09-30,2022,395,Total,Admin2,Month,MOH-NPL-2022-Y04-00,SEARO
NEPAL,KARNALI PROVINCE,KALIKOT,"NEPAL, KARNALI PROVINCE, KALIKOT",NPL,22359,NP-KA,NA,2022-09-01,2022-09-30,2022,20,Total,Admin2,Month,MOH-NPL-2022-Y04-00,SEARO
NEPAL,SUDURPASCHIM PROVINCE,KANCHANPUR,"NEPAL, SUDURPASCHIM PROVINCE, KANCHANPUR",NPL,22357,NP-MA,NA,2022-09-01,2022-09-30,2022,121,Total,Admin2,Month,MOH-NPL-2022-Y04-00,SEARO
NEPAL,LUMBINI PROVINCE,KAPILBASTU,"NEPAL, LUMBINI PROVINCE, KAPILBASTU",NPL,22364,NP-LU,NA,2022-09-01,2022-09-30,2022,53,Total,Admin2,Month,MOH-NPL-2022-Y04-00,SEARO
NEPAL,GANDAKI PROVINCE,KASKI,"NEPAL, GANDAKI PROVINCE, KASKI",NPL,22363,NP-GA,NA,2022-09-01,2022-09-30,2022,84,Total,Admin2,Month,MOH-NPL-2022-Y04-00,SEARO
NEPAL,BAGMATI PROVINCE,KATHMANDU,"NEPAL, BAGMATI PROVINCE, KATHMANDU",NPL,22351,NP-BA,NA,2022-09-01,2022-09-30,2022,9891,Total,Admin2,Month,MOH-NPL-2022-Y04-00,SEARO
NEPAL,BAGMATI PROVINCE,KAVREPALANCHOK,"NEPAL, BAGMATI PROVINCE, KAVREPALANCHOK",NPL,22351,NP-BA,NA,2022-09-01,2022-09-30,2022,177,Total,Admin2,Month,MOH-NPL-2022-Y04-00,SEARO
NEPAL,KOSHI PROVINCE,KHOTANG,"NEPAL, KOSHI PROVINCE, KHOTANG",NPL,22354,NP-KO,NA,2022-09-01,2022-09-30,2022,75,Total,Admin2,Month,MOH-NPL-2022-Y04-00,SEARO
NEPAL,BAGMATI PROVINCE,LALITPUR,"NEPAL, BAGMATI PROVINCE, LALITPUR",NPL,22351,NP-BA,NA,2022-09-01,2022-09-30,2022,6016,Total,Admin2,Month,MOH-NPL-2022-Y04-00,SEARO
NEPAL,GANDAKI PROVINCE,LAMJUNG,"NEPAL, GANDAKI PROVINCE, LAMJUNG",NPL,22363,NP-GA,NA,2022-09-01,2022-09-30,2022,44,Total,Admin2,Month,MOH-NPL-2022-Y04-00,SEARO
NEPAL,MADHESH PROVINCE,MAHOTTARI,"NEPAL, MADHESH PROVINCE, MAHOTTARI",NPL,22352,NP-JA,NA,2022-09-01,2022-09-30,2022,36,Total,Admin2,Month,MOH-NPL-2022-Y04-00,SEARO
NEPAL,BAGMATI PROVINCE,MAKWANPUR,"NEPAL, BAGMATI PROVINCE, MAKWANPUR",NPL,22351,NP-BA,NA,2022-09-01,2022-09-30,2022,2452,Total,Admin2,Month,MOH-NPL-2022-Y04-00,SEARO
NEPAL,GANDAKI PROVINCE,MANANG,"NEPAL, GANDAKI PROVINCE, MANANG",NPL,22363,NP-GA,NA,2022-09-01,2022-09-30,2022,5,Total,Admin2,Month,MOH-NPL-2022-Y04-00,SEARO
NEPAL,KOSHI PROVINCE,MORANG,"NEPAL, KOSHI PROVINCE, MORANG",NPL,22354,NP-KO,NA,2022-09-01,2022-09-30,2022,65,Total,Admin2,Month,MOH-NPL-2022-Y04-00,SEARO
NEPAL,KARNALI PROVINCE,MUGU,"NEPAL, KARNALI PROVINCE, MUGU",NPL,22359,NP-KA,NA,2022-09-01,2022-09-30,2022,7,Total,Admin2,Month,MOH-NPL-2022-Y04-00,SEARO
NEPAL,GANDAKI PROVINCE,MUSTANG,"NEPAL, GANDAKI PROVINCE, MUSTANG",NPL,22363,NP-GA,NA,2022-09-01,2022-09-30,2022,2,Total,Admin2,Month,MOH-NPL-2022-Y04-00,SEARO
NEPAL,GANDAKI PROVINCE,MYAGDI,"NEPAL, GANDAKI PROVINCE, MYAGDI",NPL,22363,NP-GA,NA,2022-09-01,2022-09-30,2022,43,Total,Admin2,Month,MOH-NPL-2022-Y04-00,SEARO
NEPAL,GANDAKI PROVINCE,NAWALPARASI EAST,"NEPAL, GANDAKI PROVINCE, NAWALPARASI EAST",NPL,22363,NP-GA,NA,2022-09-01,2022-09-30,2022,64,Total,Admin2,Month,MOH-NPL-2022-Y04-00,SEARO
NEPAL,LUMBINI PROVINCE,NAWALPARASI WEST,"NEPAL, LUMBINI PROVINCE, NAWALPARASI WEST",NPL,22364,NP-LU,NA,2022-09-01,2022-09-30,2022,33,Total,Admin2,Month,MOH-NPL-2022-Y04-00,SEARO
NEPAL,BAGMATI PROVINCE,NUWAKOT,"NEPAL, BAGMATI PROVINCE, NUWAKOT",NPL,22351,NP-BA,NA,2022-09-01,2022-09-30,2022,113,Total,Admin2,Month,MOH-NPL-2022-Y04-00,SEARO
NEPAL,KOSHI PROVINCE,OKHALDHUNGA,"NEPAL, KOSHI PROVINCE, OKHALDHUNGA",NPL,22354,NP-KO,NA,2022-09-01,2022-09-30,2022,27,Total,Admin2,Month,MOH-NPL-2022-Y04-00,SEARO
NEPAL,LUMBINI PROVINCE,PALPA,"NEPAL, LUMBINI PROVINCE, PALPA",NPL,22364,NP-LU,NA,2022-09-01,2022-09-30,2022,82,Total,Admin2,Month,MOH-NPL-2022-Y04-00,SEARO
NEPAL,KOSHI PROVINCE,PANCHTHAR,"NEPAL, KOSHI PROVINCE, PANCHTHAR",NPL,22354,NP-KO,NA,2022-09-01,2022-09-30,2022,23,Total,Admin2,Month,MOH-NPL-2022-Y04-00,SEARO
NEPAL,GANDAKI PROVINCE,PARBAT,"NEPAL, GANDAKI PROVINCE, PARBAT",NPL,22363,NP-GA,NA,2022-09-01,2022-09-30,2022,77,Total,Admin2,Month,MOH-NPL-2022-Y04-00,SEARO
NEPAL,MADHESH PROVINCE,PARSA,"NEPAL, MADHESH PROVINCE, PARSA",NPL,22352,NP-JA,NA,2022-09-01,2022-09-30,2022,68,Total,Admin2,Month,MOH-NPL-2022-Y04-00,SEARO
NEPAL,LUMBINI PROVINCE,PYUTHAN,"NEPAL, LUMBINI PROVINCE, PYUTHAN",NPL,22364,NP-LU,NA,2022-09-01,2022-09-30,2022,25,Total,Admin2,Month,MOH-NPL-2022-Y04-00,SEARO
NEPAL,BAGMATI PROVINCE,RAMECHHAP,"NEPAL, BAGMATI PROVINCE, RAMECHHAP",NPL,22351,NP-BA,NA,2022-09-01,2022-09-30,2022,93,Total,Admin2,Month,MOH-NPL-2022-Y04-00,SEARO
NEPAL,BAGMATI PROVINCE,RASUWA,"NEPAL, BAGMATI PROVINCE, RASUWA",NPL,22351,NP-BA,NA,2022-09-01,2022-09-30,2022,6,Total,Admin2,Month,MOH-NPL-2022-Y04-00,SEARO
NEPAL,MADHESH PROVINCE,RAUTAHAT,"NEPAL, MADHESH PROVINCE, RAUTAHAT",NPL,22352,NP-JA,NA,2022-09-01,2022-09-30,2022,70,Total,Admin2,Month,MOH-NPL-2022-Y04-00,SEARO
NEPAL,LUMBINI PROVINCE,ROLPA,"NEPAL, LUMBINI PROVINCE, ROLPA",NPL,22364,NP-LU,NA,2022-09-01,2022-09-30,2022,12,Total,Admin2,Month,MOH-NPL-2022-Y04-00,SEARO
NEPAL,LUMBINI PROVINCE,RUKUM EAST,"NEPAL, LUMBINI PROVINCE, RUKUM EAST",NPL,22364,NP-LU,NA,2022-09-01,2022-09-30,2022,15,Total,Admin2,Month,MOH-NPL-2022-Y04-00,SEARO
NEPAL,KARNALI PROVINCE,RUKUM WEST,"NEPAL, KARNALI PROVINCE, RUKUM WEST",NPL,22359,NP-KA,NA,2022-09-01,2022-09-30,2022,25,Total,Admin2,Month,MOH-NPL-2022-Y04-00,SEARO
NEPAL,LUMBINI PROVINCE,RUPANDEHI,"NEPAL, LUMBINI PROVINCE, RUPANDEHI",NPL,22364,NP-LU,NA,2022-09-01,2022-09-30,2022,374,Total,Admin2,Month,MOH-NPL-2022-Y04-00,SEARO
NEPAL,KARNALI PROVINCE,SALYAN,"NEPAL, KARNALI PROVINCE, SALYAN",NPL,22359,NP-KA,NA,2022-09-01,2022-09-30,2022,26,Total,Admin2,Month,MOH-NPL-2022-Y04-00,SEARO
NEPAL,KOSHI PROVINCE,SANKHUWASABHA,"NEPAL, KOSHI PROVINCE, SANKHUWASABHA",NPL,22354,NP-KO,NA,2022-09-01,2022-09-30,2022,64,Total,Admin2,Month,MOH-NPL-2022-Y04-00,SEARO
NEPAL,MADHESH PROVINCE,SAPTARI,"NEPAL, MADHESH PROVINCE, SAPTARI",NPL,22352,NP-JA,NA,2022-09-01,2022-09-30,2022,24,Total,Admin2,Month,MOH-NPL-2022-Y04-00,SEARO
NEPAL,MADHESH PROVINCE,SARLAHI,"NEPAL, MADHESH PROVINCE, SARLAHI",NPL,22352,NP-JA,NA,2022-09-01,2022-09-30,2022,63,Total,Admin2,Month,MOH-NPL-2022-Y04-00,SEARO
NEPAL,BAGMATI PROVINCE,SINDHULI,"NEPAL, BAGMATI PROVINCE, SINDHULI",NPL,22351,NP-BA,NA,2022-09-01,2022-09-30,2022,46,Total,Admin2,Month,MOH-NPL-2022-Y04-00,SEARO
NEPAL,BAGMATI PROVINCE,SINDHUPALCHOK,"NEPAL, BAGMATI PROVINCE, SINDHUPALCHOK",NPL,22351,NP-BA,NA,2022-09-01,2022-09-30,2022,89,Total,Admin2,Month,MOH-NPL-2022-Y04-00,SEARO
NEPAL,MADHESH PROVINCE,SIRAHA,"NEPAL, MADHESH PROVINCE, SIRAHA",NPL,22352,NP-JA,NA,2022-09-01,2022-09-30,2022,17,Total,Admin2,Month,MOH-NPL-2022-Y04-00,SEARO
NEPAL,KOSHI PROVINCE,SOLUKHUMBU,"NEPAL, KOSHI PROVINCE, SOLUKHUMBU",NPL,22354,NP-KO,NA,2022-09-01,2022-09-30,2022,14,Total,Admin2,Month,MOH-NPL-2022-Y04-00,SEARO
NEPAL,KOSHI PROVINCE,SUNSARI,"NEPAL, KOSHI PROVINCE, SUNSARI",NPL,22354,NP-KO,NA,2022-09-01,2022-09-30,2022,114,Total,Admin2,Month,MOH-NPL-2022-Y04-00,SEARO
NEPAL,KARNALI PROVINCE,SURKHET,"NEPAL, KARNALI PROVINCE, SURKHET",NPL,22359,NP-KA,NA,2022-09-01,2022-09-30,2022,451,Total,Admin2,Month,MOH-NPL-2022-Y04-00,SEARO
NEPAL,GANDAKI PROVINCE,SYANGJA,"NEPAL, GANDAKI PROVINCE, SYANGJA",NPL,22363,NP-GA,NA,2022-09-01,2022-09-30,2022,80,Total,Admin2,Month,MOH-NPL-2022-Y04-00,SEARO
NEPAL,GANDAKI PROVINCE,TANAHU,"NEPAL, GANDAKI PROVINCE, TANAHU",NPL,22363,NP-GA,NA,2022-09-01,2022-09-30,2022,86,Total,Admin2,Month,MOH-NPL-2022-Y04-00,SEARO
NEPAL,KOSHI PROVINCE,TAPLEJUNG,"NEPAL, KOSHI PROVINCE, TAPLEJUNG",NPL,22354,NP-KO,NA,2022-09-01,2022-09-30,2022,6,Total,Admin2,Month,MOH-NPL-2022-Y04-00,SEARO
NEPAL,KOSHI PROVINCE,TERHATHUM,"NEPAL, KOSHI PROVINCE, TERHATHUM",NPL,22354,NP-KO,NA,2022-09-01,2022-09-30,2022,50,Total,Admin2,Month,MOH-NPL-2022-Y04-00,SEARO
NEPAL,KOSHI PROVINCE,UDAYAPUR,"NEPAL, KOSHI PROVINCE, UDAYAPUR",NPL,22354,NP-KO,NA,2022-09-01,2022-09-30,2022,53,Total,Admin2,Month,MOH-NPL-2022-Y04-00,SEARO
NEPAL,NA,NA,NEPAL,NPL,175,NPL,NA,2022-10-01,2022-10-31,2022,6593,Total,Admin0,Month,WHO-ALL-2025-Y01-00,SEARO
NEPAL,SUDURPASCHIM PROVINCE,ACHHAM,"NEPAL, SUDURPASCHIM PROVINCE, ACHHAM",NPL,22357,NP-MA,NA,2022-10-01,2022-10-31,2022,12,Total,Admin2,Month,MOH-NPL-2022-Y04-00,SEARO
NEPAL,LUMBINI PROVINCE,ARGHAKHANCHI,"NEPAL, LUMBINI PROVINCE, ARGHAKHANCHI",NPL,22364,NP-LU,NA,2022-10-01,2022-10-31,2022,15,Total,Admin2,Month,MOH-NPL-2022-Y04-00,SEARO
NEPAL,GANDAKI PROVINCE,BAGLUNG,"NEPAL, GANDAKI PROVINCE, BAGLUNG",NPL,22363,NP-GA,NA,2022-10-01,2022-10-31,2022,57,Total,Admin2,Month,MOH-NPL-2022-Y04-00,SEARO
NEPAL,SUDURPASCHIM PROVINCE,BAITADI,"NEPAL, SUDURPASCHIM PROVINCE, BAITADI",NPL,22357,NP-MA,NA,2022-10-01,2022-10-31,2022,22,Total,Admin2,Month,MOH-NPL-2022-Y04-00,SEARO
NEPAL,SUDURPASCHIM PROVINCE,BAJHANG,"NEPAL, SUDURPASCHIM PROVINCE, BAJHANG",NPL,22357,NP-MA,NA,2022-10-01,2022-10-31,2022,7,Total,Admin2,Month,MOH-NPL-2022-Y04-00,SEARO
NEPAL,SUDURPASCHIM PROVINCE,BAJURA,"NEPAL, SUDURPASCHIM PROVINCE, BAJURA",NPL,22357,NP-MA,NA,2022-10-01,2022-10-31,2022,7,Total,Admin2,Month,MOH-NPL-2022-Y04-00,SEARO
NEPAL,LUMBINI PROVINCE,BANKE,"NEPAL, LUMBINI PROVINCE, BANKE",NPL,22364,NP-LU,NA,2022-10-01,2022-10-31,2022,95,Total,Admin2,Month,MOH-NPL-2022-Y04-00,SEARO
NEPAL,MADHESH PROVINCE,BARA,"NEPAL, MADHESH PROVINCE, BARA",NPL,22352,NP-JA,NA,2022-10-01,2022-10-31,2022,186,Total,Admin2,Month,MOH-NPL-2022-Y04-00,SEARO
NEPAL,LUMBINI PROVINCE,BARDIYA,"NEPAL, LUMBINI PROVINCE, BARDIYA",NPL,22364,NP-LU,NA,2022-10-01,2022-10-31,2022,92,Total,Admin2,Month,MOH-NPL-2022-Y04-00,SEARO
NEPAL,BAGMATI PROVINCE,BHAKTAPUR,"NEPAL, BAGMATI PROVINCE, BHAKTAPUR",NPL,22351,NP-BA,NA,2022-10-01,2022-10-31,2022,4204,Total,Admin2,Month,MOH-NPL-2022-Y04-00,SEARO
NEPAL,KOSHI PROVINCE,BHOJPUR,"NEPAL, KOSHI PROVINCE, BHOJPUR",NPL,22354,NP-KO,NA,2022-10-01,2022-10-31,2022,55,Total,Admin2,Month,MOH-NPL-2022-Y04-00,SEARO
NEPAL,BAGMATI PROVINCE,CHITAWAN,"NEPAL, BAGMATI PROVINCE, CHITAWAN",NPL,22351,NP-BA,NA,2022-10-01,2022-10-31,2022,1509,Total,Admin2,Month,MOH-NPL-2022-Y04-00,SEARO
NEPAL,SUDURPASCHIM PROVINCE,DADELDHURA,"NEPAL, SUDURPASCHIM PROVINCE, DADELDHURA",NPL,22357,NP-MA,NA,2022-10-01,2022-10-31,2022,8,Total,Admin2,Month,MOH-NPL-2022-Y04-00,SEARO
NEPAL,KARNALI PROVINCE,DAILEKH,"NEPAL, KARNALI PROVINCE, DAILEKH",NPL,22359,NP-KA,NA,2022-10-01,2022-10-31,2022,18,Total,Admin2,Month,MOH-NPL-2022-Y04-00,SEARO
NEPAL,LUMBINI PROVINCE,DANG,"NEPAL, LUMBINI PROVINCE, DANG",NPL,22364,NP-LU,NA,2022-10-01,2022-10-31,2022,575,Total,Admin2,Month,MOH-NPL-2022-Y04-00,SEARO
NEPAL,SUDURPASCHIM PROVINCE,DARCHULA,"NEPAL, SUDURPASCHIM PROVINCE, DARCHULA",NPL,22357,NP-MA,NA,2022-10-01,2022-10-31,2022,44,Total,Admin2,Month,MOH-NPL-2022-Y04-00,SEARO
NEPAL,BAGMATI PROVINCE,DHADING,"NEPAL, BAGMATI PROVINCE, DHADING",NPL,22351,NP-BA,NA,2022-10-01,2022-10-31,2022,674,Total,Admin2,Month,MOH-NPL-2022-Y04-00,SEARO
NEPAL,KOSHI PROVINCE,DHANKUTA,"NEPAL, KOSHI PROVINCE, DHANKUTA",NPL,22354,NP-KO,NA,2022-10-01,2022-10-31,2022,77,Total,Admin2,Month,MOH-NPL-2022-Y04-00,SEARO
NEPAL,MADHESH PROVINCE,DHANUSA,"NEPAL, MADHESH PROVINCE, DHANUSA",NPL,22352,NP-JA,NA,2022-10-01,2022-10-31,2022,13,Total,Admin2,Month,MOH-NPL-2022-Y04-00,SEARO
NEPAL,BAGMATI PROVINCE,DOLAKHA,"NEPAL, BAGMATI PROVINCE, DOLAKHA",NPL,22351,NP-BA,NA,2022-10-01,2022-10-31,2022,32,Total,Admin2,Month,MOH-NPL-2022-Y04-00,SEARO
NEPAL,KARNALI PROVINCE,DOLPA,"NEPAL, KARNALI PROVINCE, DOLPA",NPL,22359,NP-KA,NA,2022-10-01,2022-10-31,2022,2,Total,Admin2,Month,MOH-NPL-2022-Y04-00,SEARO
NEPAL,SUDURPASCHIM PROVINCE,DOTI,"NEPAL, SUDURPASCHIM PROVINCE, DOTI",NPL,22357,NP-MA,NA,2022-10-01,2022-10-31,2022,8,Total,Admin2,Month,MOH-NPL-2022-Y04-00,SEARO
NEPAL,GANDAKI PROVINCE,GORKHA,"NEPAL, GANDAKI PROVINCE, GORKHA",NPL,22363,NP-GA,NA,2022-10-01,2022-10-31,2022,170,Total,Admin2,Month,MOH-NPL-2022-Y04-00,SEARO
NEPAL,LUMBINI PROVINCE,GULMI,"NEPAL, LUMBINI PROVINCE, GULMI",NPL,22364,NP-LU,NA,2022-10-01,2022-10-31,2022,6,Total,Admin2,Month,MOH-NPL-2022-Y04-00,SEARO
NEPAL,KARNALI PROVINCE,HUMLA,"NEPAL, KARNALI PROVINCE, HUMLA",NPL,22359,NP-KA,NA,2022-10-01,2022-10-31,2022,1,Total,Admin2,Month,MOH-NPL-2022-Y04-00,SEARO
NEPAL,KOSHI PROVINCE,ILAM,"NEPAL, KOSHI PROVINCE, ILAM",NPL,22354,NP-KO,NA,2022-10-01,2022-10-31,2022,55,Total,Admin2,Month,MOH-NPL-2022-Y04-00,SEARO
NEPAL,KARNALI PROVINCE,JAJARKOT,"NEPAL, KARNALI PROVINCE, JAJARKOT",NPL,22359,NP-KA,NA,2022-10-01,2022-10-31,2022,1,Total,Admin2,Month,MOH-NPL-2022-Y04-00,SEARO
NEPAL,KOSHI PROVINCE,JHAPA,"NEPAL, KOSHI PROVINCE, JHAPA",NPL,22354,NP-KO,NA,2022-10-01,2022-10-31,2022,125,Total,Admin2,Month,MOH-NPL-2022-Y04-00,SEARO
NEPAL,KARNALI PROVINCE,JUMLA,"NEPAL, KARNALI PROVINCE, JUMLA",NPL,22359,NP-KA,NA,2022-10-01,2022-10-31,2022,4,Total,Admin2,Month,MOH-NPL-2022-Y04-00,SEARO
NEPAL,SUDURPASCHIM PROVINCE,KAILALI,"NEPAL, SUDURPASCHIM PROVINCE, KAILALI",NPL,22357,NP-MA,NA,2022-10-01,2022-10-31,2022,11,Total,Admin2,Month,MOH-NPL-2022-Y04-00,SEARO
NEPAL,KARNALI PROVINCE,KALIKOT,"NEPAL, KARNALI PROVINCE, KALIKOT",NPL,22359,NP-KA,NA,2022-10-01,2022-10-31,2022,10,Total,Admin2,Month,MOH-NPL-2022-Y04-00,SEARO
NEPAL,SUDURPASCHIM PROVINCE,KANCHANPUR,"NEPAL, SUDURPASCHIM PROVINCE, KANCHANPUR",NPL,22357,NP-MA,NA,2022-10-01,2022-10-31,2022,40,Total,Admin2,Month,MOH-NPL-2022-Y04-00,SEARO
NEPAL,LUMBINI PROVINCE,KAPILBASTU,"NEPAL, LUMBINI PROVINCE, KAPILBASTU",NPL,22364,NP-LU,NA,2022-10-01,2022-10-31,2022,32,Total,Admin2,Month,MOH-NPL-2022-Y04-00,SEARO
NEPAL,GANDAKI PROVINCE,KASKI,"NEPAL, GANDAKI PROVINCE, KASKI",NPL,22363,NP-GA,NA,2022-10-01,2022-10-31,2022,130,Total,Admin2,Month,MOH-NPL-2022-Y04-00,SEARO
NEPAL,BAGMATI PROVINCE,KATHMANDU,"NEPAL, BAGMATI PROVINCE, KATHMANDU",NPL,22351,NP-BA,NA,2022-10-01,2022-10-31,2022,2911,Total,Admin2,Month,MOH-NPL-2022-Y04-00,SEARO
NEPAL,BAGMATI PROVINCE,KAVREPALANCHOK,"NEPAL, BAGMATI PROVINCE, KAVREPALANCHOK",NPL,22351,NP-BA,NA,2022-10-01,2022-10-31,2022,301,Total,Admin2,Month,MOH-NPL-2022-Y04-00,SEARO
NEPAL,KOSHI PROVINCE,KHOTANG,"NEPAL, KOSHI PROVINCE, KHOTANG",NPL,22354,NP-KO,NA,2022-10-01,2022-10-31,2022,192,Total,Admin2,Month,MOH-NPL-2022-Y04-00,SEARO
NEPAL,BAGMATI PROVINCE,LALITPUR,"NEPAL, BAGMATI PROVINCE, LALITPUR",NPL,22351,NP-BA,NA,2022-10-01,2022-10-31,2022,1809,Total,Admin2,Month,MOH-NPL-2022-Y04-00,SEARO
NEPAL,GANDAKI PROVINCE,LAMJUNG,"NEPAL, GANDAKI PROVINCE, LAMJUNG",NPL,22363,NP-GA,NA,2022-10-01,2022-10-31,2022,7,Total,Admin2,Month,MOH-NPL-2022-Y04-00,SEARO
NEPAL,MADHESH PROVINCE,MAHOTTARI,"NEPAL, MADHESH PROVINCE, MAHOTTARI",NPL,22352,NP-JA,NA,2022-10-01,2022-10-31,2022,0,Total,Admin2,Month,MOH-NPL-2022-Y04-00,SEARO
NEPAL,BAGMATI PROVINCE,MAKWANPUR,"NEPAL, BAGMATI PROVINCE, MAKWANPUR",NPL,22351,NP-BA,NA,2022-10-01,2022-10-31,2022,2220,Total,Admin2,Month,MOH-NPL-2022-Y04-00,SEARO
NEPAL,GANDAKI PROVINCE,MANANG,"NEPAL, GANDAKI PROVINCE, MANANG",NPL,22363,NP-GA,NA,2022-10-01,2022-10-31,2022,2,Total,Admin2,Month,MOH-NPL-2022-Y04-00,SEARO
NEPAL,KOSHI PROVINCE,MORANG,"NEPAL, KOSHI PROVINCE, MORANG",NPL,22354,NP-KO,NA,2022-10-01,2022-10-31,2022,54,Total,Admin2,Month,MOH-NPL-2022-Y04-00,SEARO
NEPAL,KARNALI PROVINCE,MUGU,"NEPAL, KARNALI PROVINCE, MUGU",NPL,22359,NP-KA,NA,2022-10-01,2022-10-31,2022,4,Total,Admin2,Month,MOH-NPL-2022-Y04-00,SEARO
NEPAL,GANDAKI PROVINCE,MUSTANG,"NEPAL, GANDAKI PROVINCE, MUSTANG",NPL,22363,NP-GA,NA,2022-10-01,2022-10-31,2022,6,Total,Admin2,Month,MOH-NPL-2022-Y04-00,SEARO
NEPAL,GANDAKI PROVINCE,MYAGDI,"NEPAL, GANDAKI PROVINCE, MYAGDI",NPL,22363,NP-GA,NA,2022-10-01,2022-10-31,2022,6,Total,Admin2,Month,MOH-NPL-2022-Y04-00,SEARO
NEPAL,GANDAKI PROVINCE,NAWALPARASI EAST,"NEPAL, GANDAKI PROVINCE, NAWALPARASI EAST",NPL,22363,NP-GA,NA,2022-10-01,2022-10-31,2022,42,Total,Admin2,Month,MOH-NPL-2022-Y04-00,SEARO
NEPAL,LUMBINI PROVINCE,NAWALPARASI WEST,"NEPAL, LUMBINI PROVINCE, NAWALPARASI WEST",NPL,22364,NP-LU,NA,2022-10-01,2022-10-31,2022,33,Total,Admin2,Month,MOH-NPL-2022-Y04-00,SEARO
NEPAL,BAGMATI PROVINCE,NUWAKOT,"NEPAL, BAGMATI PROVINCE, NUWAKOT",NPL,22351,NP-BA,NA,2022-10-01,2022-10-31,2022,107,Total,Admin2,Month,MOH-NPL-2022-Y04-00,SEARO
NEPAL,KOSHI PROVINCE,OKHALDHUNGA,"NEPAL, KOSHI PROVINCE, OKHALDHUNGA",NPL,22354,NP-KO,NA,2022-10-01,2022-10-31,2022,15,Total,Admin2,Month,MOH-NPL-2022-Y04-00,SEARO
NEPAL,LUMBINI PROVINCE,PALPA,"NEPAL, LUMBINI PROVINCE, PALPA",NPL,22364,NP-LU,NA,2022-10-01,2022-10-31,2022,51,Total,Admin2,Month,MOH-NPL-2022-Y04-00,SEARO
NEPAL,KOSHI PROVINCE,PANCHTHAR,"NEPAL, KOSHI PROVINCE, PANCHTHAR",NPL,22354,NP-KO,NA,2022-10-01,2022-10-31,2022,43,Total,Admin2,Month,MOH-NPL-2022-Y04-00,SEARO
NEPAL,GANDAKI PROVINCE,PARBAT,"NEPAL, GANDAKI PROVINCE, PARBAT",NPL,22363,NP-GA,NA,2022-10-01,2022-10-31,2022,150,Total,Admin2,Month,MOH-NPL-2022-Y04-00,SEARO
NEPAL,MADHESH PROVINCE,PARSA,"NEPAL, MADHESH PROVINCE, PARSA",NPL,22352,NP-JA,NA,2022-10-01,2022-10-31,2022,94,Total,Admin2,Month,MOH-NPL-2022-Y04-00,SEARO
NEPAL,LUMBINI PROVINCE,PYUTHAN,"NEPAL, LUMBINI PROVINCE, PYUTHAN",NPL,22364,NP-LU,NA,2022-10-01,2022-10-31,2022,6,Total,Admin2,Month,MOH-NPL-2022-Y04-00,SEARO
NEPAL,BAGMATI PROVINCE,RAMECHHAP,"NEPAL, BAGMATI PROVINCE, RAMECHHAP",NPL,22351,NP-BA,NA,2022-10-01,2022-10-31,2022,63,Total,Admin2,Month,MOH-NPL-2022-Y04-00,SEARO
NEPAL,BAGMATI PROVINCE,RASUWA,"NEPAL, BAGMATI PROVINCE, RASUWA",NPL,22351,NP-BA,NA,2022-10-01,2022-10-31,2022,5,Total,Admin2,Month,MOH-NPL-2022-Y04-00,SEARO
NEPAL,MADHESH PROVINCE,RAUTAHAT,"NEPAL, MADHESH PROVINCE, RAUTAHAT",NPL,22352,NP-JA,NA,2022-10-01,2022-10-31,2022,45,Total,Admin2,Month,MOH-NPL-2022-Y04-00,SEARO
NEPAL,LUMBINI PROVINCE,ROLPA,"NEPAL, LUMBINI PROVINCE, ROLPA",NPL,22364,NP-LU,NA,2022-10-01,2022-10-31,2022,7,Total,Admin2,Month,MOH-NPL-2022-Y04-00,SEARO
NEPAL,LUMBINI PROVINCE,RUKUM EAST,"NEPAL, LUMBINI PROVINCE, RUKUM EAST",NPL,22364,NP-LU,NA,2022-10-01,2022-10-31,2022,4,Total,Admin2,Month,MOH-NPL-2022-Y04-00,SEARO
NEPAL,KARNALI PROVINCE,RUKUM WEST,"NEPAL, KARNALI PROVINCE, RUKUM WEST",NPL,22359,NP-KA,NA,2022-10-01,2022-10-31,2022,14,Total,Admin2,Month,MOH-NPL-2022-Y04-00,SEARO
NEPAL,LUMBINI PROVINCE,RUPANDEHI,"NEPAL, LUMBINI PROVINCE, RUPANDEHI",NPL,22364,NP-LU,NA,2022-10-01,2022-10-31,2022,370,Total,Admin2,Month,MOH-NPL-2022-Y04-00,SEARO
NEPAL,KARNALI PROVINCE,SALYAN,"NEPAL, KARNALI PROVINCE, SALYAN",NPL,22359,NP-KA,NA,2022-10-01,2022-10-31,2022,4,Total,Admin2,Month,MOH-NPL-2022-Y04-00,SEARO
NEPAL,KOSHI PROVINCE,SANKHUWASABHA,"NEPAL, KOSHI PROVINCE, SANKHUWASABHA",NPL,22354,NP-KO,NA,2022-10-01,2022-10-31,2022,144,Total,Admin2,Month,MOH-NPL-2022-Y04-00,SEARO
NEPAL,MADHESH PROVINCE,SAPTARI,"NEPAL, MADHESH PROVINCE, SAPTARI",NPL,22352,NP-JA,NA,2022-10-01,2022-10-31,2022,9,Total,Admin2,Month,MOH-NPL-2022-Y04-00,SEARO
NEPAL,MADHESH PROVINCE,SARLAHI,"NEPAL, MADHESH PROVINCE, SARLAHI",NPL,22352,NP-JA,NA,2022-10-01,2022-10-31,2022,37,Total,Admin2,Month,MOH-NPL-2022-Y04-00,SEARO
NEPAL,BAGMATI PROVINCE,SINDHULI,"NEPAL, BAGMATI PROVINCE, SINDHULI",NPL,22351,NP-BA,NA,2022-10-01,2022-10-31,2022,46,Total,Admin2,Month,MOH-NPL-2022-Y04-00,SEARO
NEPAL,BAGMATI PROVINCE,SINDHUPALCHOK,"NEPAL, BAGMATI PROVINCE, SINDHUPALCHOK",NPL,22351,NP-BA,NA,2022-10-01,2022-10-31,2022,104,Total,Admin2,Month,MOH-NPL-2022-Y04-00,SEARO
NEPAL,MADHESH PROVINCE,SIRAHA,"NEPAL, MADHESH PROVINCE, SIRAHA",NPL,22352,NP-JA,NA,2022-10-01,2022-10-31,2022,6,Total,Admin2,Month,MOH-NPL-2022-Y04-00,SEARO
NEPAL,KOSHI PROVINCE,SOLUKHUMBU,"NEPAL, KOSHI PROVINCE, SOLUKHUMBU",NPL,22354,NP-KO,NA,2022-10-01,2022-10-31,2022,5,Total,Admin2,Month,MOH-NPL-2022-Y04-00,SEARO
NEPAL,KOSHI PROVINCE,SUNSARI,"NEPAL, KOSHI PROVINCE, SUNSARI",NPL,22354,NP-KO,NA,2022-10-01,2022-10-31,2022,252,Total,Admin2,Month,MOH-NPL-2022-Y04-00,SEARO
NEPAL,KARNALI PROVINCE,SURKHET,"NEPAL, KARNALI PROVINCE, SURKHET",NPL,22359,NP-KA,NA,2022-10-01,2022-10-31,2022,13,Total,Admin2,Month,MOH-NPL-2022-Y04-00,SEARO
NEPAL,GANDAKI PROVINCE,SYANGJA,"NEPAL, GANDAKI PROVINCE, SYANGJA",NPL,22363,NP-GA,NA,2022-10-01,2022-10-31,2022,105,Total,Admin2,Month,MOH-NPL-2022-Y04-00,SEARO
NEPAL,GANDAKI PROVINCE,TANAHU,"NEPAL, GANDAKI PROVINCE, TANAHU",NPL,22363,NP-GA,NA,2022-10-01,2022-10-31,2022,182,Total,Admin2,Month,MOH-NPL-2022-Y04-00,SEARO
NEPAL,KOSHI PROVINCE,TAPLEJUNG,"NEPAL, KOSHI PROVINCE, TAPLEJUNG",NPL,22354,NP-KO,NA,2022-10-01,2022-10-31,2022,10,Total,Admin2,Month,MOH-NPL-2022-Y04-00,SEARO
NEPAL,KOSHI PROVINCE,TERHATHUM,"NEPAL, KOSHI PROVINCE, TERHATHUM",NPL,22354,NP-KO,NA,2022-10-01,2022-10-31,2022,33,Total,Admin2,Month,MOH-NPL-2022-Y04-00,SEARO
NEPAL,KOSHI PROVINCE,UDAYAPUR,"NEPAL, KOSHI PROVINCE, UDAYAPUR",NPL,22354,NP-KO,NA,2022-10-01,2022-10-31,2022,81,Total,Admin2,Month,MOH-NPL-2022-Y04-00,SEARO
NEPAL,NA,NA,NEPAL,NPL,175,NPL,NA,2022-11-01,2022-11-30,2022,2515,Total,Admin0,Month,WHO-ALL-2025-Y01-00,SEARO
NEPAL,SUDURPASCHIM PROVINCE,ACHHAM,"NEPAL, SUDURPASCHIM PROVINCE, ACHHAM",NPL,22357,NP-MA,NA,2022-11-01,2022-11-30,2022,3,Total,Admin2,Month,MOH-NPL-2022-Y04-00,SEARO
NEPAL,LUMBINI PROVINCE,ARGHAKHANCHI,"NEPAL, LUMBINI PROVINCE, ARGHAKHANCHI",NPL,22364,NP-LU,NA,2022-11-01,2022-11-30,2022,9,Total,Admin2,Month,MOH-NPL-2022-Y04-00,SEARO
NEPAL,GANDAKI PROVINCE,BAGLUNG,"NEPAL, GANDAKI PROVINCE, BAGLUNG",NPL,22363,NP-GA,NA,2022-11-01,2022-11-30,2022,32,Total,Admin2,Month,MOH-NPL-2022-Y04-00,SEARO
NEPAL,SUDURPASCHIM PROVINCE,BAITADI,"NEPAL, SUDURPASCHIM PROVINCE, BAITADI",NPL,22357,NP-MA,NA,2022-11-01,2022-11-30,2022,10,Total,Admin2,Month,MOH-NPL-2022-Y04-00,SEARO
NEPAL,SUDURPASCHIM PROVINCE,BAJHANG,"NEPAL, SUDURPASCHIM PROVINCE, BAJHANG",NPL,22357,NP-MA,NA,2022-11-01,2022-11-30,2022,4,Total,Admin2,Month,MOH-NPL-2022-Y04-00,SEARO
NEPAL,SUDURPASCHIM PROVINCE,BAJURA,"NEPAL, SUDURPASCHIM PROVINCE, BAJURA",NPL,22357,NP-MA,NA,2022-11-01,2022-11-30,2022,1,Total,Admin2,Month,MOH-NPL-2022-Y04-00,SEARO
NEPAL,LUMBINI PROVINCE,BANKE,"NEPAL, LUMBINI PROVINCE, BANKE",NPL,22364,NP-LU,NA,2022-11-01,2022-11-30,2022,2,Total,Admin2,Month,MOH-NPL-2022-Y04-00,SEARO
NEPAL,MADHESH PROVINCE,BARA,"NEPAL, MADHESH PROVINCE, BARA",NPL,22352,NP-JA,NA,2022-11-01,2022-11-30,2022,45,Total,Admin2,Month,MOH-NPL-2022-Y04-00,SEARO
NEPAL,LUMBINI PROVINCE,BARDIYA,"NEPAL, LUMBINI PROVINCE, BARDIYA",NPL,22364,NP-LU,NA,2022-11-01,2022-11-30,2022,18,Total,Admin2,Month,MOH-NPL-2022-Y04-00,SEARO
NEPAL,BAGMATI PROVINCE,BHAKTAPUR,"NEPAL, BAGMATI PROVINCE, BHAKTAPUR",NPL,22351,NP-BA,NA,2022-11-01,2022-11-30,2022,677,Total,Admin2,Month,MOH-NPL-2022-Y04-00,SEARO
NEPAL,KOSHI PROVINCE,BHOJPUR,"NEPAL, KOSHI PROVINCE, BHOJPUR",NPL,22354,NP-KO,NA,2022-11-01,2022-11-30,2022,9,Total,Admin2,Month,MOH-NPL-2022-Y04-00,SEARO
NEPAL,BAGMATI PROVINCE,CHITAWAN,"NEPAL, BAGMATI PROVINCE, CHITAWAN",NPL,22351,NP-BA,NA,2022-11-01,2022-11-30,2022,638,Total,Admin2,Month,MOH-NPL-2022-Y04-00,SEARO
NEPAL,SUDURPASCHIM PROVINCE,DADELDHURA,"NEPAL, SUDURPASCHIM PROVINCE, DADELDHURA",NPL,22357,NP-MA,NA,2022-11-01,2022-11-30,2022,4,Total,Admin2,Month,MOH-NPL-2022-Y04-00,SEARO
NEPAL,KARNALI PROVINCE,DAILEKH,"NEPAL, KARNALI PROVINCE, DAILEKH",NPL,22359,NP-KA,NA,2022-11-01,2022-11-30,2022,0,Total,Admin2,Month,MOH-NPL-2022-Y04-00,SEARO
NEPAL,LUMBINI PROVINCE,DANG,"NEPAL, LUMBINI PROVINCE, DANG",NPL,22364,NP-LU,NA,2022-11-01,2022-11-30,2022,120,Total,Admin2,Month,MOH-NPL-2022-Y04-00,SEARO
NEPAL,SUDURPASCHIM PROVINCE,DARCHULA,"NEPAL, SUDURPASCHIM PROVINCE, DARCHULA",NPL,22357,NP-MA,NA,2022-11-01,2022-11-30,2022,12,Total,Admin2,Month,MOH-NPL-2022-Y04-00,SEARO
NEPAL,BAGMATI PROVINCE,DHADING,"NEPAL, BAGMATI PROVINCE, DHADING",NPL,22351,NP-BA,NA,2022-11-01,2022-11-30,2022,378,Total,Admin2,Month,MOH-NPL-2022-Y04-00,SEARO
NEPAL,KOSHI PROVINCE,DHANKUTA,"NEPAL, KOSHI PROVINCE, DHANKUTA",NPL,22354,NP-KO,NA,2022-11-01,2022-11-30,2022,8,Total,Admin2,Month,MOH-NPL-2022-Y04-00,SEARO
NEPAL,MADHESH PROVINCE,DHANUSA,"NEPAL, MADHESH PROVINCE, DHANUSA",NPL,22352,NP-JA,NA,2022-11-01,2022-11-30,2022,4,Total,Admin2,Month,MOH-NPL-2022-Y04-00,SEARO
NEPAL,BAGMATI PROVINCE,DOLAKHA,"NEPAL, BAGMATI PROVINCE, DOLAKHA",NPL,22351,NP-BA,NA,2022-11-01,2022-11-30,2022,6,Total,Admin2,Month,MOH-NPL-2022-Y04-00,SEARO
NEPAL,KARNALI PROVINCE,DOLPA,"NEPAL, KARNALI PROVINCE, DOLPA",NPL,22359,NP-KA,NA,2022-11-01,2022-11-30,2022,1,Total,Admin2,Month,MOH-NPL-2022-Y04-00,SEARO
NEPAL,SUDURPASCHIM PROVINCE,DOTI,"NEPAL, SUDURPASCHIM PROVINCE, DOTI",NPL,22357,NP-MA,NA,2022-11-01,2022-11-30,2022,2,Total,Admin2,Month,MOH-NPL-2022-Y04-00,SEARO
NEPAL,GANDAKI PROVINCE,GORKHA,"NEPAL, GANDAKI PROVINCE, GORKHA",NPL,22363,NP-GA,NA,2022-11-01,2022-11-30,2022,26,Total,Admin2,Month,MOH-NPL-2022-Y04-00,SEARO
NEPAL,LUMBINI PROVINCE,GULMI,"NEPAL, LUMBINI PROVINCE, GULMI",NPL,22364,NP-LU,NA,2022-11-01,2022-11-30,2022,0,Total,Admin2,Month,MOH-NPL-2022-Y04-00,SEARO
NEPAL,KARNALI PROVINCE,HUMLA,"NEPAL, KARNALI PROVINCE, HUMLA",NPL,22359,NP-KA,NA,2022-11-01,2022-11-30,2022,0,Total,Admin2,Month,MOH-NPL-2022-Y04-00,SEARO
NEPAL,KOSHI PROVINCE,ILAM,"NEPAL, KOSHI PROVINCE, ILAM",NPL,22354,NP-KO,NA,2022-11-01,2022-11-30,2022,21,Total,Admin2,Month,MOH-NPL-2022-Y04-00,SEARO
NEPAL,KARNALI PROVINCE,JAJARKOT,"NEPAL, KARNALI PROVINCE, JAJARKOT",NPL,22359,NP-KA,NA,2022-11-01,2022-11-30,2022,0,Total,Admin2,Month,MOH-NPL-2022-Y04-00,SEARO
NEPAL,KOSHI PROVINCE,JHAPA,"NEPAL, KOSHI PROVINCE, JHAPA",NPL,22354,NP-KO,NA,2022-11-01,2022-11-30,2022,35,Total,Admin2,Month,MOH-NPL-2022-Y04-00,SEARO
NEPAL,KARNALI PROVINCE,JUMLA,"NEPAL, KARNALI PROVINCE, JUMLA",NPL,22359,NP-KA,NA,2022-11-01,2022-11-30,2022,1,Total,Admin2,Month,MOH-NPL-2022-Y04-00,SEARO
NEPAL,SUDURPASCHIM PROVINCE,KAILALI,"NEPAL, SUDURPASCHIM PROVINCE, KAILALI",NPL,22357,NP-MA,NA,2022-11-01,2022-11-30,2022,4,Total,Admin2,Month,MOH-NPL-2022-Y04-00,SEARO
NEPAL,KARNALI PROVINCE,KALIKOT,"NEPAL, KARNALI PROVINCE, KALIKOT",NPL,22359,NP-KA,NA,2022-11-01,2022-11-30,2022,0,Total,Admin2,Month,MOH-NPL-2022-Y04-00,SEARO
NEPAL,SUDURPASCHIM PROVINCE,KANCHANPUR,"NEPAL, SUDURPASCHIM PROVINCE, KANCHANPUR",NPL,22357,NP-MA,NA,2022-11-01,2022-11-30,2022,65,Total,Admin2,Month,MOH-NPL-2022-Y04-00,SEARO
NEPAL,LUMBINI PROVINCE,KAPILBASTU,"NEPAL, LUMBINI PROVINCE, KAPILBASTU",NPL,22364,NP-LU,NA,2022-11-01,2022-11-30,2022,17,Total,Admin2,Month,MOH-NPL-2022-Y04-00,SEARO
NEPAL,GANDAKI PROVINCE,KASKI,"NEPAL, GANDAKI PROVINCE, KASKI",NPL,22363,NP-GA,NA,2022-11-01,2022-11-30,2022,37,Total,Admin2,Month,MOH-NPL-2022-Y04-00,SEARO
NEPAL,BAGMATI PROVINCE,KATHMANDU,"NEPAL, BAGMATI PROVINCE, KATHMANDU",NPL,22351,NP-BA,NA,2022-11-01,2022-11-30,2022,761,Total,Admin2,Month,MOH-NPL-2022-Y04-00,SEARO
NEPAL,BAGMATI PROVINCE,KAVREPALANCHOK,"NEPAL, BAGMATI PROVINCE, KAVREPALANCHOK",NPL,22351,NP-BA,NA,2022-11-01,2022-11-30,2022,24,Total,Admin2,Month,MOH-NPL-2022-Y04-00,SEARO
NEPAL,KOSHI PROVINCE,KHOTANG,"NEPAL, KOSHI PROVINCE, KHOTANG",NPL,22354,NP-KO,NA,2022-11-01,2022-11-30,2022,8,Total,Admin2,Month,MOH-NPL-2022-Y04-00,SEARO
NEPAL,BAGMATI PROVINCE,LALITPUR,"NEPAL, BAGMATI PROVINCE, LALITPUR",NPL,22351,NP-BA,NA,2022-11-01,2022-11-30,2022,120,Total,Admin2,Month,MOH-NPL-2022-Y04-00,SEARO
NEPAL,GANDAKI PROVINCE,LAMJUNG,"NEPAL, GANDAKI PROVINCE, LAMJUNG",NPL,22363,NP-GA,NA,2022-11-01,2022-11-30,2022,20,Total,Admin2,Month,MOH-NPL-2022-Y04-00,SEARO
NEPAL,MADHESH PROVINCE,MAHOTTARI,"NEPAL, MADHESH PROVINCE, MAHOTTARI",NPL,22352,NP-JA,NA,2022-11-01,2022-11-30,2022,16,Total,Admin2,Month,MOH-NPL-2022-Y04-00,SEARO
NEPAL,BAGMATI PROVINCE,MAKWANPUR,"NEPAL, BAGMATI PROVINCE, MAKWANPUR",NPL,22351,NP-BA,NA,2022-11-01,2022-11-30,2022,590,Total,Admin2,Month,MOH-NPL-2022-Y04-00,SEARO
NEPAL,GANDAKI PROVINCE,MANANG,"NEPAL, GANDAKI PROVINCE, MANANG",NPL,22363,NP-GA,NA,2022-11-01,2022-11-30,2022,4,Total,Admin2,Month,MOH-NPL-2022-Y04-00,SEARO
NEPAL,KOSHI PROVINCE,MORANG,"NEPAL, KOSHI PROVINCE, MORANG",NPL,22354,NP-KO,NA,2022-11-01,2022-11-30,2022,37,Total,Admin2,Month,MOH-NPL-2022-Y04-00,SEARO
NEPAL,KARNALI PROVINCE,MUGU,"NEPAL, KARNALI PROVINCE, MUGU",NPL,22359,NP-KA,NA,2022-11-01,2022-11-30,2022,0,Total,Admin2,Month,MOH-NPL-2022-Y04-00,SEARO
NEPAL,GANDAKI PROVINCE,MUSTANG,"NEPAL, GANDAKI PROVINCE, MUSTANG",NPL,22363,NP-GA,NA,2022-11-01,2022-11-30,2022,0,Total,Admin2,Month,MOH-NPL-2022-Y04-00,SEARO
NEPAL,GANDAKI PROVINCE,MYAGDI,"NEPAL, GANDAKI PROVINCE, MYAGDI",NPL,22363,NP-GA,NA,2022-11-01,2022-11-30,2022,14,Total,Admin2,Month,MOH-NPL-2022-Y04-00,SEARO
NEPAL,GANDAKI PROVINCE,NAWALPARASI EAST,"NEPAL, GANDAKI PROVINCE, NAWALPARASI EAST",NPL,22363,NP-GA,NA,2022-11-01,2022-11-30,2022,37,Total,Admin2,Month,MOH-NPL-2022-Y04-00,SEARO
NEPAL,LUMBINI PROVINCE,NAWALPARASI WEST,"NEPAL, LUMBINI PROVINCE, NAWALPARASI WEST",NPL,22364,NP-LU,NA,2022-11-01,2022-11-30,2022,15,Total,Admin2,Month,MOH-NPL-2022-Y04-00,SEARO
NEPAL,BAGMATI PROVINCE,NUWAKOT,"NEPAL, BAGMATI PROVINCE, NUWAKOT",NPL,22351,NP-BA,NA,2022-11-01,2022-11-30,2022,40,Total,Admin2,Month,MOH-NPL-2022-Y04-00,SEARO
NEPAL,KOSHI PROVINCE,OKHALDHUNGA,"NEPAL, KOSHI PROVINCE, OKHALDHUNGA",NPL,22354,NP-KO,NA,2022-11-01,2022-11-30,2022,6,Total,Admin2,Month,MOH-NPL-2022-Y04-00,SEARO
NEPAL,LUMBINI PROVINCE,PALPA,"NEPAL, LUMBINI PROVINCE, PALPA",NPL,22364,NP-LU,NA,2022-11-01,2022-11-30,2022,14,Total,Admin2,Month,MOH-NPL-2022-Y04-00,SEARO
NEPAL,KOSHI PROVINCE,PANCHTHAR,"NEPAL, KOSHI PROVINCE, PANCHTHAR",NPL,22354,NP-KO,NA,2022-11-01,2022-11-30,2022,10,Total,Admin2,Month,MOH-NPL-2022-Y04-00,SEARO
NEPAL,GANDAKI PROVINCE,PARBAT,"NEPAL, GANDAKI PROVINCE, PARBAT",NPL,22363,NP-GA,NA,2022-11-01,2022-11-30,2022,31,Total,Admin2,Month,MOH-NPL-2022-Y04-00,SEARO
NEPAL,MADHESH PROVINCE,PARSA,"NEPAL, MADHESH PROVINCE, PARSA",NPL,22352,NP-JA,NA,2022-11-01,2022-11-30,2022,37,Total,Admin2,Month,MOH-NPL-2022-Y04-00,SEARO
NEPAL,LUMBINI PROVINCE,PYUTHAN,"NEPAL, LUMBINI PROVINCE, PYUTHAN",NPL,22364,NP-LU,NA,2022-11-01,2022-11-30,2022,4,Total,Admin2,Month,MOH-NPL-2022-Y04-00,SEARO
NEPAL,BAGMATI PROVINCE,RAMECHHAP,"NEPAL, BAGMATI PROVINCE, RAMECHHAP",NPL,22351,NP-BA,NA,2022-11-01,2022-11-30,2022,21,Total,Admin2,Month,MOH-NPL-2022-Y04-00,SEARO
NEPAL,BAGMATI PROVINCE,RASUWA,"NEPAL, BAGMATI PROVINCE, RASUWA",NPL,22351,NP-BA,NA,2022-11-01,2022-11-30,2022,0,Total,Admin2,Month,MOH-NPL-2022-Y04-00,SEARO
NEPAL,MADHESH PROVINCE,RAUTAHAT,"NEPAL, MADHESH PROVINCE, RAUTAHAT",NPL,22352,NP-JA,NA,2022-11-01,2022-11-30,2022,15,Total,Admin2,Month,MOH-NPL-2022-Y04-00,SEARO
NEPAL,LUMBINI PROVINCE,ROLPA,"NEPAL, LUMBINI PROVINCE, ROLPA",NPL,22364,NP-LU,NA,2022-11-01,2022-11-30,2022,2,Total,Admin2,Month,MOH-NPL-2022-Y04-00,SEARO
NEPAL,LUMBINI PROVINCE,RUKUM EAST,"NEPAL, LUMBINI PROVINCE, RUKUM EAST",NPL,22364,NP-LU,NA,2022-11-01,2022-11-30,2022,3,Total,Admin2,Month,MOH-NPL-2022-Y04-00,SEARO
NEPAL,KARNALI PROVINCE,RUKUM WEST,"NEPAL, KARNALI PROVINCE, RUKUM WEST",NPL,22359,NP-KA,NA,2022-11-01,2022-11-30,2022,3,Total,Admin2,Month,MOH-NPL-2022-Y04-00,SEARO
NEPAL,LUMBINI PROVINCE,RUPANDEHI,"NEPAL, LUMBINI PROVINCE, RUPANDEHI",NPL,22364,NP-LU,NA,2022-11-01,2022-11-30,2022,20,Total,Admin2,Month,MOH-NPL-2022-Y04-00,SEARO
NEPAL,KARNALI PROVINCE,SALYAN,"NEPAL, KARNALI PROVINCE, SALYAN",NPL,22359,NP-KA,NA,2022-11-01,2022-11-30,2022,5,Total,Admin2,Month,MOH-NPL-2022-Y04-00,SEARO
NEPAL,KOSHI PROVINCE,SANKHUWASABHA,"NEPAL, KOSHI PROVINCE, SANKHUWASABHA",NPL,22354,NP-KO,NA,2022-11-01,2022-11-30,2022,39,Total,Admin2,Month,MOH-NPL-2022-Y04-00,SEARO
NEPAL,MADHESH PROVINCE,SAPTARI,"NEPAL, MADHESH PROVINCE, SAPTARI",NPL,22352,NP-JA,NA,2022-11-01,2022-11-30,2022,6,Total,Admin2,Month,MOH-NPL-2022-Y04-00,SEARO
NEPAL,MADHESH PROVINCE,SARLAHI,"NEPAL, MADHESH PROVINCE, SARLAHI",NPL,22352,NP-JA,NA,2022-11-01,2022-11-30,2022,30,Total,Admin2,Month,MOH-NPL-2022-Y04-00,SEARO
NEPAL,BAGMATI PROVINCE,SINDHULI,"NEPAL, BAGMATI PROVINCE, SINDHULI",NPL,22351,NP-BA,NA,2022-11-01,2022-11-30,2022,12,Total,Admin2,Month,MOH-NPL-2022-Y04-00,SEARO
NEPAL,BAGMATI PROVINCE,SINDHUPALCHOK,"NEPAL, BAGMATI PROVINCE, SINDHUPALCHOK",NPL,22351,NP-BA,NA,2022-11-01,2022-11-30,2022,19,Total,Admin2,Month,MOH-NPL-2022-Y04-00,SEARO
NEPAL,MADHESH PROVINCE,SIRAHA,"NEPAL, MADHESH PROVINCE, SIRAHA",NPL,22352,NP-JA,NA,2022-11-01,2022-11-30,2022,2,Total,Admin2,Month,MOH-NPL-2022-Y04-00,SEARO
NEPAL,KOSHI PROVINCE,SOLUKHUMBU,"NEPAL, KOSHI PROVINCE, SOLUKHUMBU",NPL,22354,NP-KO,NA,2022-11-01,2022-11-30,2022,3,Total,Admin2,Month,MOH-NPL-2022-Y04-00,SEARO
NEPAL,KOSHI PROVINCE,SUNSARI,"NEPAL, KOSHI PROVINCE, SUNSARI",NPL,22354,NP-KO,NA,2022-11-01,2022-11-30,2022,18,Total,Admin2,Month,MOH-NPL-2022-Y04-00,SEARO
NEPAL,KARNALI PROVINCE,SURKHET,"NEPAL, KARNALI PROVINCE, SURKHET",NPL,22359,NP-KA,NA,2022-11-01,2022-11-30,2022,0,Total,Admin2,Month,MOH-NPL-2022-Y04-00,SEARO
NEPAL,GANDAKI PROVINCE,SYANGJA,"NEPAL, GANDAKI PROVINCE, SYANGJA",NPL,22363,NP-GA,NA,2022-11-01,2022-11-30,2022,20,Total,Admin2,Month,MOH-NPL-2022-Y04-00,SEARO
NEPAL,GANDAKI PROVINCE,TANAHU,"NEPAL, GANDAKI PROVINCE, TANAHU",NPL,22363,NP-GA,NA,2022-11-01,2022-11-30,2022,78,Total,Admin2,Month,MOH-NPL-2022-Y04-00,SEARO
NEPAL,KOSHI PROVINCE,TAPLEJUNG,"NEPAL, KOSHI PROVINCE, TAPLEJUNG",NPL,22354,NP-KO,NA,2022-11-01,2022-11-30,2022,3,Total,Admin2,Month,MOH-NPL-2022-Y04-00,SEARO
NEPAL,KOSHI PROVINCE,TERHATHUM,"NEPAL, KOSHI PROVINCE, TERHATHUM",NPL,22354,NP-KO,NA,2022-11-01,2022-11-30,2022,0,Total,Admin2,Month,MOH-NPL-2022-Y04-00,SEARO
NEPAL,KOSHI PROVINCE,UDAYAPUR,"NEPAL, KOSHI PROVINCE, UDAYAPUR",NPL,22354,NP-KO,NA,2022-11-01,2022-11-30,2022,14,Total,Admin2,Month,MOH-NPL-2022-Y04-00,SEARO
NEPAL,NA,NA,NEPAL,NPL,175,NPL,NA,2022-12-01,2022-12-31,2022,603,Total,Admin0,Month,WHO-ALL-2025-Y01-00,SEARO
NEPAL,SUDURPASCHIM PROVINCE,ACHHAM,"NEPAL, SUDURPASCHIM PROVINCE, ACHHAM",NPL,22357,NP-MA,NA,2022-12-01,2022-12-31,2022,0,Total,Admin2,Month,MOH-NPL-2022-Y04-00,SEARO
NEPAL,LUMBINI PROVINCE,ARGHAKHANCHI,"NEPAL, LUMBINI PROVINCE, ARGHAKHANCHI",NPL,22364,NP-LU,NA,2022-12-01,2022-12-31,2022,3,Total,Admin2,Month,MOH-NPL-2022-Y04-00,SEARO
NEPAL,GANDAKI PROVINCE,BAGLUNG,"NEPAL, GANDAKI PROVINCE, BAGLUNG",NPL,22363,NP-GA,NA,2022-12-01,2022-12-31,2022,4,Total,Admin2,Month,MOH-NPL-2022-Y04-00,SEARO
NEPAL,SUDURPASCHIM PROVINCE,BAITADI,"NEPAL, SUDURPASCHIM PROVINCE, BAITADI",NPL,22357,NP-MA,NA,2022-12-01,2022-12-31,2022,0,Total,Admin2,Month,MOH-NPL-2022-Y04-00,SEARO
NEPAL,SUDURPASCHIM PROVINCE,BAJHANG,"NEPAL, SUDURPASCHIM PROVINCE, BAJHANG",NPL,22357,NP-MA,NA,2022-12-01,2022-12-31,2022,0,Total,Admin2,Month,MOH-NPL-2022-Y04-00,SEARO
NEPAL,SUDURPASCHIM PROVINCE,BAJURA,"NEPAL, SUDURPASCHIM PROVINCE, BAJURA",NPL,22357,NP-MA,NA,2022-12-01,2022-12-31,2022,0,Total,Admin2,Month,MOH-NPL-2022-Y04-00,SEARO
NEPAL,LUMBINI PROVINCE,BANKE,"NEPAL, LUMBINI PROVINCE, BANKE",NPL,22364,NP-LU,NA,2022-12-01,2022-12-31,2022,1,Total,Admin2,Month,MOH-NPL-2022-Y04-00,SEARO
NEPAL,MADHESH PROVINCE,BARA,"NEPAL, MADHESH PROVINCE, BARA",NPL,22352,NP-JA,NA,2022-12-01,2022-12-31,2022,5,Total,Admin2,Month,MOH-NPL-2022-Y04-00,SEARO
NEPAL,LUMBINI PROVINCE,BARDIYA,"NEPAL, LUMBINI PROVINCE, BARDIYA",NPL,22364,NP-LU,NA,2022-12-01,2022-12-31,2022,10,Total,Admin2,Month,MOH-NPL-2022-Y04-00,SEARO
NEPAL,BAGMATI PROVINCE,BHAKTAPUR,"NEPAL, BAGMATI PROVINCE, BHAKTAPUR",NPL,22351,NP-BA,NA,2022-12-01,2022-12-31,2022,21,Total,Admin2,Month,MOH-NPL-2022-Y04-00,SEARO
NEPAL,KOSHI PROVINCE,BHOJPUR,"NEPAL, KOSHI PROVINCE, BHOJPUR",NPL,22354,NP-KO,NA,2022-12-01,2022-12-31,2022,1,Total,Admin2,Month,MOH-NPL-2022-Y04-00,SEARO
NEPAL,BAGMATI PROVINCE,CHITAWAN,"NEPAL, BAGMATI PROVINCE, CHITAWAN",NPL,22351,NP-BA,NA,2022-12-01,2022-12-31,2022,40,Total,Admin2,Month,MOH-NPL-2022-Y04-00,SEARO
NEPAL,SUDURPASCHIM PROVINCE,DADELDHURA,"NEPAL, SUDURPASCHIM PROVINCE, DADELDHURA",NPL,22357,NP-MA,NA,2022-12-01,2022-12-31,2022,0,Total,Admin2,Month,MOH-NPL-2022-Y04-00,SEARO
NEPAL,KARNALI PROVINCE,DAILEKH,"NEPAL, KARNALI PROVINCE, DAILEKH",NPL,22359,NP-KA,NA,2022-12-01,2022-12-31,2022,0,Total,Admin2,Month,MOH-NPL-2022-Y04-00,SEARO
NEPAL,LUMBINI PROVINCE,DANG,"NEPAL, LUMBINI PROVINCE, DANG",NPL,22364,NP-LU,NA,2022-12-01,2022-12-31,2022,5,Total,Admin2,Month,MOH-NPL-2022-Y04-00,SEARO
NEPAL,SUDURPASCHIM PROVINCE,DARCHULA,"NEPAL, SUDURPASCHIM PROVINCE, DARCHULA",NPL,22357,NP-MA,NA,2022-12-01,2022-12-31,2022,11,Total,Admin2,Month,MOH-NPL-2022-Y04-00,SEARO
NEPAL,BAGMATI PROVINCE,DHADING,"NEPAL, BAGMATI PROVINCE, DHADING",NPL,22351,NP-BA,NA,2022-12-01,2022-12-31,2022,38,Total,Admin2,Month,MOH-NPL-2022-Y04-00,SEARO
NEPAL,KOSHI PROVINCE,DHANKUTA,"NEPAL, KOSHI PROVINCE, DHANKUTA",NPL,22354,NP-KO,NA,2022-12-01,2022-12-31,2022,2,Total,Admin2,Month,MOH-NPL-2022-Y04-00,SEARO
NEPAL,MADHESH PROVINCE,DHANUSA,"NEPAL, MADHESH PROVINCE, DHANUSA",NPL,22352,NP-JA,NA,2022-12-01,2022-12-31,2022,2,Total,Admin2,Month,MOH-NPL-2022-Y04-00,SEARO
NEPAL,BAGMATI PROVINCE,DOLAKHA,"NEPAL, BAGMATI PROVINCE, DOLAKHA",NPL,22351,NP-BA,NA,2022-12-01,2022-12-31,2022,2,Total,Admin2,Month,MOH-NPL-2022-Y04-00,SEARO
NEPAL,KARNALI PROVINCE,DOLPA,"NEPAL, KARNALI PROVINCE, DOLPA",NPL,22359,NP-KA,NA,2022-12-01,2022-12-31,2022,0,Total,Admin2,Month,MOH-NPL-2022-Y04-00,SEARO
NEPAL,SUDURPASCHIM PROVINCE,DOTI,"NEPAL, SUDURPASCHIM PROVINCE, DOTI",NPL,22357,NP-MA,NA,2022-12-01,2022-12-31,2022,1,Total,Admin2,Month,MOH-NPL-2022-Y04-00,SEARO
NEPAL,GANDAKI PROVINCE,GORKHA,"NEPAL, GANDAKI PROVINCE, GORKHA",NPL,22363,NP-GA,NA,2022-12-01,2022-12-31,2022,2,Total,Admin2,Month,MOH-NPL-2022-Y04-00,SEARO
NEPAL,LUMBINI PROVINCE,GULMI,"NEPAL, LUMBINI PROVINCE, GULMI",NPL,22364,NP-LU,NA,2022-12-01,2022-12-31,2022,0,Total,Admin2,Month,MOH-NPL-2022-Y04-00,SEARO
NEPAL,KARNALI PROVINCE,HUMLA,"NEPAL, KARNALI PROVINCE, HUMLA",NPL,22359,NP-KA,NA,2022-12-01,2022-12-31,2022,0,Total,Admin2,Month,MOH-NPL-2022-Y04-00,SEARO
NEPAL,KOSHI PROVINCE,ILAM,"NEPAL, KOSHI PROVINCE, ILAM",NPL,22354,NP-KO,NA,2022-12-01,2022-12-31,2022,1,Total,Admin2,Month,MOH-NPL-2022-Y04-00,SEARO
NEPAL,KARNALI PROVINCE,JAJARKOT,"NEPAL, KARNALI PROVINCE, JAJARKOT",NPL,22359,NP-KA,NA,2022-12-01,2022-12-31,2022,0,Total,Admin2,Month,MOH-NPL-2022-Y04-00,SEARO
NEPAL,KOSHI PROVINCE,JHAPA,"NEPAL, KOSHI PROVINCE, JHAPA",NPL,22354,NP-KO,NA,2022-12-01,2022-12-31,2022,16,Total,Admin2,Month,MOH-NPL-2022-Y04-00,SEARO
NEPAL,KARNALI PROVINCE,JUMLA,"NEPAL, KARNALI PROVINCE, JUMLA",NPL,22359,NP-KA,NA,2022-12-01,2022-12-31,2022,3,Total,Admin2,Month,MOH-NPL-2022-Y04-00,SEARO
NEPAL,SUDURPASCHIM PROVINCE,KAILALI,"NEPAL, SUDURPASCHIM PROVINCE, KAILALI",NPL,22357,NP-MA,NA,2022-12-01,2022-12-31,2022,2,Total,Admin2,Month,MOH-NPL-2022-Y04-00,SEARO
NEPAL,KARNALI PROVINCE,KALIKOT,"NEPAL, KARNALI PROVINCE, KALIKOT",NPL,22359,NP-KA,NA,2022-12-01,2022-12-31,2022,0,Total,Admin2,Month,MOH-NPL-2022-Y04-00,SEARO
NEPAL,SUDURPASCHIM PROVINCE,KANCHANPUR,"NEPAL, SUDURPASCHIM PROVINCE, KANCHANPUR",NPL,22357,NP-MA,NA,2022-12-01,2022-12-31,2022,22,Total,Admin2,Month,MOH-NPL-2022-Y04-00,SEARO
NEPAL,LUMBINI PROVINCE,KAPILBASTU,"NEPAL, LUMBINI PROVINCE, KAPILBASTU",NPL,22364,NP-LU,NA,2022-12-01,2022-12-31,2022,2,Total,Admin2,Month,MOH-NPL-2022-Y04-00,SEARO
NEPAL,GANDAKI PROVINCE,KASKI,"NEPAL, GANDAKI PROVINCE, KASKI",NPL,22363,NP-GA,NA,2022-12-01,2022-12-31,2022,9,Total,Admin2,Month,MOH-NPL-2022-Y04-00,SEARO
NEPAL,BAGMATI PROVINCE,KATHMANDU,"NEPAL, BAGMATI PROVINCE, KATHMANDU",NPL,22351,NP-BA,NA,2022-12-01,2022-12-31,2022,49,Total,Admin2,Month,MOH-NPL-2022-Y04-00,SEARO
NEPAL,BAGMATI PROVINCE,KAVREPALANCHOK,"NEPAL, BAGMATI PROVINCE, KAVREPALANCHOK",NPL,22351,NP-BA,NA,2022-12-01,2022-12-31,2022,21,Total,Admin2,Month,MOH-NPL-2022-Y04-00,SEARO
NEPAL,KOSHI PROVINCE,KHOTANG,"NEPAL, KOSHI PROVINCE, KHOTANG",NPL,22354,NP-KO,NA,2022-12-01,2022-12-31,2022,0,Total,Admin2,Month,MOH-NPL-2022-Y04-00,SEARO
NEPAL,BAGMATI PROVINCE,LALITPUR,"NEPAL, BAGMATI PROVINCE, LALITPUR",NPL,22351,NP-BA,NA,2022-12-01,2022-12-31,2022,11,Total,Admin2,Month,MOH-NPL-2022-Y04-00,SEARO
NEPAL,GANDAKI PROVINCE,LAMJUNG,"NEPAL, GANDAKI PROVINCE, LAMJUNG",NPL,22363,NP-GA,NA,2022-12-01,2022-12-31,2022,9,Total,Admin2,Month,MOH-NPL-2022-Y04-00,SEARO
NEPAL,MADHESH PROVINCE,MAHOTTARI,"NEPAL, MADHESH PROVINCE, MAHOTTARI",NPL,22352,NP-JA,NA,2022-12-01,2022-12-31,2022,4,Total,Admin2,Month,MOH-NPL-2022-Y04-00,SEARO
NEPAL,BAGMATI PROVINCE,MAKWANPUR,"NEPAL, BAGMATI PROVINCE, MAKWANPUR",NPL,22351,NP-BA,NA,2022-12-01,2022-12-31,2022,17,Total,Admin2,Month,MOH-NPL-2022-Y04-00,SEARO
NEPAL,GANDAKI PROVINCE,MANANG,"NEPAL, GANDAKI PROVINCE, MANANG",NPL,22363,NP-GA,NA,2022-12-01,2022-12-31,2022,0,Total,Admin2,Month,MOH-NPL-2022-Y04-00,SEARO
NEPAL,KOSHI PROVINCE,MORANG,"NEPAL, KOSHI PROVINCE, MORANG",NPL,22354,NP-KO,NA,2022-12-01,2022-12-31,2022,11,Total,Admin2,Month,MOH-NPL-2022-Y04-00,SEARO
NEPAL,KARNALI PROVINCE,MUGU,"NEPAL, KARNALI PROVINCE, MUGU",NPL,22359,NP-KA,NA,2022-12-01,2022-12-31,2022,0,Total,Admin2,Month,MOH-NPL-2022-Y04-00,SEARO
NEPAL,GANDAKI PROVINCE,MUSTANG,"NEPAL, GANDAKI PROVINCE, MUSTANG",NPL,22363,NP-GA,NA,2022-12-01,2022-12-31,2022,0,Total,Admin2,Month,MOH-NPL-2022-Y04-00,SEARO
NEPAL,GANDAKI PROVINCE,MYAGDI,"NEPAL, GANDAKI PROVINCE, MYAGDI",NPL,22363,NP-GA,NA,2022-12-01,2022-12-31,2022,5,Total,Admin2,Month,MOH-NPL-2022-Y04-00,SEARO
NEPAL,GANDAKI PROVINCE,NAWALPARASI EAST,"NEPAL, GANDAKI PROVINCE, NAWALPARASI EAST",NPL,22363,NP-GA,NA,2022-12-01,2022-12-31,2022,18,Total,Admin2,Month,MOH-NPL-2022-Y04-00,SEARO
NEPAL,LUMBINI PROVINCE,NAWALPARASI WEST,"NEPAL, LUMBINI PROVINCE, NAWALPARASI WEST",NPL,22364,NP-LU,NA,2022-12-01,2022-12-31,2022,2,Total,Admin2,Month,MOH-NPL-2022-Y04-00,SEARO
NEPAL,BAGMATI PROVINCE,NUWAKOT,"NEPAL, BAGMATI PROVINCE, NUWAKOT",NPL,22351,NP-BA,NA,2022-12-01,2022-12-31,2022,0,Total,Admin2,Month,MOH-NPL-2022-Y04-00,SEARO
NEPAL,KOSHI PROVINCE,OKHALDHUNGA,"NEPAL, KOSHI PROVINCE, OKHALDHUNGA",NPL,22354,NP-KO,NA,2022-12-01,2022-12-31,2022,0,Total,Admin2,Month,MOH-NPL-2022-Y04-00,SEARO
NEPAL,LUMBINI PROVINCE,PALPA,"NEPAL, LUMBINI PROVINCE, PALPA",NPL,22364,NP-LU,NA,2022-12-01,2022-12-31,2022,5,Total,Admin2,Month,MOH-NPL-2022-Y04-00,SEARO
NEPAL,KOSHI PROVINCE,PANCHTHAR,"NEPAL, KOSHI PROVINCE, PANCHTHAR",NPL,22354,NP-KO,NA,2022-12-01,2022-12-31,2022,2,Total,Admin2,Month,MOH-NPL-2022-Y04-00,SEARO
NEPAL,GANDAKI PROVINCE,PARBAT,"NEPAL, GANDAKI PROVINCE, PARBAT",NPL,22363,NP-GA,NA,2022-12-01,2022-12-31,2022,10,Total,Admin2,Month,MOH-NPL-2022-Y04-00,SEARO
NEPAL,MADHESH PROVINCE,PARSA,"NEPAL, MADHESH PROVINCE, PARSA",NPL,22352,NP-JA,NA,2022-12-01,2022-12-31,2022,8,Total,Admin2,Month,MOH-NPL-2022-Y04-00,SEARO
NEPAL,LUMBINI PROVINCE,PYUTHAN,"NEPAL, LUMBINI PROVINCE, PYUTHAN",NPL,22364,NP-LU,NA,2022-12-01,2022-12-31,2022,0,Total,Admin2,Month,MOH-NPL-2022-Y04-00,SEARO
NEPAL,BAGMATI PROVINCE,RAMECHHAP,"NEPAL, BAGMATI PROVINCE, RAMECHHAP",NPL,22351,NP-BA,NA,2022-12-01,2022-12-31,2022,20,Total,Admin2,Month,MOH-NPL-2022-Y04-00,SEARO
NEPAL,BAGMATI PROVINCE,RASUWA,"NEPAL, BAGMATI PROVINCE, RASUWA",NPL,22351,NP-BA,NA,2022-12-01,2022-12-31,2022,0,Total,Admin2,Month,MOH-NPL-2022-Y04-00,SEARO
NEPAL,MADHESH PROVINCE,RAUTAHAT,"NEPAL, MADHESH PROVINCE, RAUTAHAT",NPL,22352,NP-JA,NA,2022-12-01,2022-12-31,2022,3,Total,Admin2,Month,MOH-NPL-2022-Y04-00,SEARO
NEPAL,LUMBINI PROVINCE,ROLPA,"NEPAL, LUMBINI PROVINCE, ROLPA",NPL,22364,NP-LU,NA,2022-12-01,2022-12-31,2022,0,Total,Admin2,Month,MOH-NPL-2022-Y04-00,SEARO
NEPAL,LUMBINI PROVINCE,RUKUM EAST,"NEPAL, LUMBINI PROVINCE, RUKUM EAST",NPL,22364,NP-LU,NA,2022-12-01,2022-12-31,2022,0,Total,Admin2,Month,MOH-NPL-2022-Y04-00,SEARO
NEPAL,KARNALI PROVINCE,RUKUM WEST,"NEPAL, KARNALI PROVINCE, RUKUM WEST",NPL,22359,NP-KA,NA,2022-12-01,2022-12-31,2022,0,Total,Admin2,Month,MOH-NPL-2022-Y04-00,SEARO
NEPAL,LUMBINI PROVINCE,RUPANDEHI,"NEPAL, LUMBINI PROVINCE, RUPANDEHI",NPL,22364,NP-LU,NA,2022-12-01,2022-12-31,2022,16,Total,Admin2,Month,MOH-NPL-2022-Y04-00,SEARO
NEPAL,KARNALI PROVINCE,SALYAN,"NEPAL, KARNALI PROVINCE, SALYAN",NPL,22359,NP-KA,NA,2022-12-01,2022-12-31,2022,0,Total,Admin2,Month,MOH-NPL-2022-Y04-00,SEARO
NEPAL,KOSHI PROVINCE,SANKHUWASABHA,"NEPAL, KOSHI PROVINCE, SANKHUWASABHA",NPL,22354,NP-KO,NA,2022-12-01,2022-12-31,2022,14,Total,Admin2,Month,MOH-NPL-2022-Y04-00,SEARO
NEPAL,MADHESH PROVINCE,SAPTARI,"NEPAL, MADHESH PROVINCE, SAPTARI",NPL,22352,NP-JA,NA,2022-12-01,2022-12-31,2022,0,Total,Admin2,Month,MOH-NPL-2022-Y04-00,SEARO
NEPAL,MADHESH PROVINCE,SARLAHI,"NEPAL, MADHESH PROVINCE, SARLAHI",NPL,22352,NP-JA,NA,2022-12-01,2022-12-31,2022,1,Total,Admin2,Month,MOH-NPL-2022-Y04-00,SEARO
NEPAL,BAGMATI PROVINCE,SINDHULI,"NEPAL, BAGMATI PROVINCE, SINDHULI",NPL,22351,NP-BA,NA,2022-12-01,2022-12-31,2022,2,Total,Admin2,Month,MOH-NPL-2022-Y04-00,SEARO
NEPAL,BAGMATI PROVINCE,SINDHUPALCHOK,"NEPAL, BAGMATI PROVINCE, SINDHUPALCHOK",NPL,22351,NP-BA,NA,2022-12-01,2022-12-31,2022,0,Total,Admin2,Month,MOH-NPL-2022-Y04-00,SEARO
NEPAL,MADHESH PROVINCE,SIRAHA,"NEPAL, MADHESH PROVINCE, SIRAHA",NPL,22352,NP-JA,NA,2022-12-01,2022-12-31,2022,3,Total,Admin2,Month,MOH-NPL-2022-Y04-00,SEARO
NEPAL,KOSHI PROVINCE,SOLUKHUMBU,"NEPAL, KOSHI PROVINCE, SOLUKHUMBU",NPL,22354,NP-KO,NA,2022-12-01,2022-12-31,2022,2,Total,Admin2,Month,MOH-NPL-2022-Y04-00,SEARO
NEPAL,KOSHI PROVINCE,SUNSARI,"NEPAL, KOSHI PROVINCE, SUNSARI",NPL,22354,NP-KO,NA,2022-12-01,2022-12-31,2022,26,Total,Admin2,Month,MOH-NPL-2022-Y04-00,SEARO
NEPAL,KARNALI PROVINCE,SURKHET,"NEPAL, KARNALI PROVINCE, SURKHET",NPL,22359,NP-KA,NA,2022-12-01,2022-12-31,2022,2,Total,Admin2,Month,MOH-NPL-2022-Y04-00,SEARO
NEPAL,GANDAKI PROVINCE,SYANGJA,"NEPAL, GANDAKI PROVINCE, SYANGJA",NPL,22363,NP-GA,NA,2022-12-01,2022-12-31,2022,7,Total,Admin2,Month,MOH-NPL-2022-Y04-00,SEARO
NEPAL,GANDAKI PROVINCE,TANAHU,"NEPAL, GANDAKI PROVINCE, TANAHU",NPL,22363,NP-GA,NA,2022-12-01,2022-12-31,2022,10,Total,Admin2,Month,MOH-NPL-2022-Y04-00,SEARO
NEPAL,KOSHI PROVINCE,TAPLEJUNG,"NEPAL, KOSHI PROVINCE, TAPLEJUNG",NPL,22354,NP-KO,NA,2022-12-01,2022-12-31,2022,0,Total,Admin2,Month,MOH-NPL-2022-Y04-00,SEARO
NEPAL,KOSHI PROVINCE,TERHATHUM,"NEPAL, KOSHI PROVINCE, TERHATHUM",NPL,22354,NP-KO,NA,2022-12-01,2022-12-31,2022,1,Total,Admin2,Month,MOH-NPL-2022-Y04-00,SEARO
NEPAL,KOSHI PROVINCE,UDAYAPUR,"NEPAL, KOSHI PROVINCE, UDAYAPUR",NPL,22354,NP-KO,NA,2022-12-01,2022-12-31,2022,1,Total,Admin2,Month,MOH-NPL-2022-Y04-00,SEARO
NEPAL,NA,NA,NEPAL,NPL,175,NPL,NA,2023-01-01,2023-01-31,2023,133,Total,Admin0,Month,WHO-ALL-2025-Y01-00,SEARO
NEPAL,KOSHI PROVINCE,TAPLEJUNG,"NEPAL, KOSHI PROVINCE, TAPLEJUNG",NPL,22354,NP-KO,NA,2023-01-01,2023-01-31,2023,0,Total,Admin2,Month,MOH-NPL-2023-Y04-01,SEARO
NEPAL,KOSHI PROVINCE,SANKHUWASABHA,"NEPAL, KOSHI PROVINCE, SANKHUWASABHA",NPL,22354,NP-KO,NA,2023-01-01,2023-01-31,2023,0,Total,Admin2,Month,MOH-NPL-2023-Y04-01,SEARO
NEPAL,KOSHI PROVINCE,SOLUKHUMBU,"NEPAL, KOSHI PROVINCE, SOLUKHUMBU",NPL,22354,NP-KO,NA,2023-01-01,2023-01-31,2023,0,Total,Admin2,Month,MOH-NPL-2023-Y04-01,SEARO
NEPAL,KOSHI PROVINCE,OKHALDHUNGA,"NEPAL, KOSHI PROVINCE, OKHALDHUNGA",NPL,22354,NP-KO,NA,2023-01-01,2023-01-31,2023,0,Total,Admin2,Month,MOH-NPL-2023-Y04-01,SEARO
NEPAL,KOSHI PROVINCE,KHOTANG,"NEPAL, KOSHI PROVINCE, KHOTANG",NPL,22354,NP-KO,NA,2023-01-01,2023-01-31,2023,0,Total,Admin2,Month,MOH-NPL-2023-Y04-01,SEARO
NEPAL,KOSHI PROVINCE,BHOJPUR,"NEPAL, KOSHI PROVINCE, BHOJPUR",NPL,22354,NP-KO,NA,2023-01-01,2023-01-31,2023,0,Total,Admin2,Month,MOH-NPL-2023-Y04-01,SEARO
NEPAL,KOSHI PROVINCE,DHANKUTA,"NEPAL, KOSHI PROVINCE, DHANKUTA",NPL,22354,NP-KO,NA,2023-01-01,2023-01-31,2023,0,Total,Admin2,Month,MOH-NPL-2023-Y04-01,SEARO
NEPAL,KOSHI PROVINCE,TERHATHUM,"NEPAL, KOSHI PROVINCE, TERHATHUM",NPL,22354,NP-KO,NA,2023-01-01,2023-01-31,2023,0,Total,Admin2,Month,MOH-NPL-2023-Y04-01,SEARO
NEPAL,KOSHI PROVINCE,PANCHTHAR,"NEPAL, KOSHI PROVINCE, PANCHTHAR",NPL,22354,NP-KO,NA,2023-01-01,2023-01-31,2023,0,Total,Admin2,Month,MOH-NPL-2023-Y04-01,SEARO
NEPAL,KOSHI PROVINCE,ILAM,"NEPAL, KOSHI PROVINCE, ILAM",NPL,22354,NP-KO,NA,2023-01-01,2023-01-31,2023,0,Total,Admin2,Month,MOH-NPL-2023-Y04-01,SEARO
NEPAL,KOSHI PROVINCE,JHAPA,"NEPAL, KOSHI PROVINCE, JHAPA",NPL,22354,NP-KO,NA,2023-01-01,2023-01-31,2023,5,Total,Admin2,Month,MOH-NPL-2023-Y04-01,SEARO
NEPAL,KOSHI PROVINCE,MORANG,"NEPAL, KOSHI PROVINCE, MORANG",NPL,22354,NP-KO,NA,2023-01-01,2023-01-31,2023,2,Total,Admin2,Month,MOH-NPL-2023-Y04-01,SEARO
NEPAL,KOSHI PROVINCE,SUNSARI,"NEPAL, KOSHI PROVINCE, SUNSARI",NPL,22354,NP-KO,NA,2023-01-01,2023-01-31,2023,6,Total,Admin2,Month,MOH-NPL-2023-Y04-01,SEARO
NEPAL,KOSHI PROVINCE,UDAYAPUR,"NEPAL, KOSHI PROVINCE, UDAYAPUR",NPL,22354,NP-KO,NA,2023-01-01,2023-01-31,2023,0,Total,Admin2,Month,MOH-NPL-2023-Y04-01,SEARO
NEPAL,MADHESH PROVINCE,SAPTARI,"NEPAL, MADHESH PROVINCE, SAPTARI",NPL,22352,NP-JA,NA,2023-01-01,2023-01-31,2023,0,Total,Admin2,Month,MOH-NPL-2023-Y04-01,SEARO
NEPAL,MADHESH PROVINCE,SIRAHA,"NEPAL, MADHESH PROVINCE, SIRAHA",NPL,22352,NP-JA,NA,2023-01-01,2023-01-31,2023,1,Total,Admin2,Month,MOH-NPL-2023-Y04-01,SEARO
NEPAL,MADHESH PROVINCE,DHANUSA,"NEPAL, MADHESH PROVINCE, DHANUSA",NPL,22352,NP-JA,NA,2023-01-01,2023-01-31,2023,0,Total,Admin2,Month,MOH-NPL-2023-Y04-01,SEARO
NEPAL,MADHESH PROVINCE,MAHOTTARI,"NEPAL, MADHESH PROVINCE, MAHOTTARI",NPL,22352,NP-JA,NA,2023-01-01,2023-01-31,2023,1,Total,Admin2,Month,MOH-NPL-2023-Y04-01,SEARO
NEPAL,MADHESH PROVINCE,SARLAHI,"NEPAL, MADHESH PROVINCE, SARLAHI",NPL,22352,NP-JA,NA,2023-01-01,2023-01-31,2023,0,Total,Admin2,Month,MOH-NPL-2023-Y04-01,SEARO
NEPAL,MADHESH PROVINCE,RAUTAHAT,"NEPAL, MADHESH PROVINCE, RAUTAHAT",NPL,22352,NP-JA,NA,2023-01-01,2023-01-31,2023,0,Total,Admin2,Month,MOH-NPL-2023-Y04-01,SEARO
NEPAL,MADHESH PROVINCE,BARA,"NEPAL, MADHESH PROVINCE, BARA",NPL,22352,NP-JA,NA,2023-01-01,2023-01-31,2023,1,Total,Admin2,Month,MOH-NPL-2023-Y04-01,SEARO
NEPAL,MADHESH PROVINCE,PARSA,"NEPAL, MADHESH PROVINCE, PARSA",NPL,22352,NP-JA,NA,2023-01-01,2023-01-31,2023,1,Total,Admin2,Month,MOH-NPL-2023-Y04-01,SEARO
NEPAL,BAGMATI PROVINCE,DOLAKHA,"NEPAL, BAGMATI PROVINCE, DOLAKHA",NPL,22351,NP-BA,NA,2023-01-01,2023-01-31,2023,2,Total,Admin2,Month,MOH-NPL-2023-Y04-01,SEARO
NEPAL,BAGMATI PROVINCE,SINDHUPALCHOK,"NEPAL, BAGMATI PROVINCE, SINDHUPALCHOK",NPL,22351,NP-BA,NA,2023-01-01,2023-01-31,2023,1,Total,Admin2,Month,MOH-NPL-2023-Y04-01,SEARO
NEPAL,BAGMATI PROVINCE,RASUWA,"NEPAL, BAGMATI PROVINCE, RASUWA",NPL,22351,NP-BA,NA,2023-01-01,2023-01-31,2023,0,Total,Admin2,Month,MOH-NPL-2023-Y04-01,SEARO
NEPAL,BAGMATI PROVINCE,DHADING,"NEPAL, BAGMATI PROVINCE, DHADING",NPL,22351,NP-BA,NA,2023-01-01,2023-01-31,2023,2,Total,Admin2,Month,MOH-NPL-2023-Y04-01,SEARO
NEPAL,BAGMATI PROVINCE,NUWAKOT,"NEPAL, BAGMATI PROVINCE, NUWAKOT",NPL,22351,NP-BA,NA,2023-01-01,2023-01-31,2023,0,Total,Admin2,Month,MOH-NPL-2023-Y04-01,SEARO
NEPAL,BAGMATI PROVINCE,KATHMANDU,"NEPAL, BAGMATI PROVINCE, KATHMANDU",NPL,22351,NP-BA,NA,2023-01-01,2023-01-31,2023,10,Total,Admin2,Month,MOH-NPL-2023-Y04-01,SEARO
NEPAL,BAGMATI PROVINCE,BHAKTAPUR,"NEPAL, BAGMATI PROVINCE, BHAKTAPUR",NPL,22351,NP-BA,NA,2023-01-01,2023-01-31,2023,5,Total,Admin2,Month,MOH-NPL-2023-Y04-01,SEARO
NEPAL,BAGMATI PROVINCE,LALITPUR,"NEPAL, BAGMATI PROVINCE, LALITPUR",NPL,22351,NP-BA,NA,2023-01-01,2023-01-31,2023,4,Total,Admin2,Month,MOH-NPL-2023-Y04-01,SEARO
NEPAL,BAGMATI PROVINCE,KAVREPALANCHOK,"NEPAL, BAGMATI PROVINCE, KAVREPALANCHOK",NPL,22351,NP-BA,NA,2023-01-01,2023-01-31,2023,7,Total,Admin2,Month,MOH-NPL-2023-Y04-01,SEARO
NEPAL,BAGMATI PROVINCE,RAMECHHAP,"NEPAL, BAGMATI PROVINCE, RAMECHHAP",NPL,22351,NP-BA,NA,2023-01-01,2023-01-31,2023,11,Total,Admin2,Month,MOH-NPL-2023-Y04-01,SEARO
NEPAL,BAGMATI PROVINCE,SINDHULI,"NEPAL, BAGMATI PROVINCE, SINDHULI",NPL,22351,NP-BA,NA,2023-01-01,2023-01-31,2023,1,Total,Admin2,Month,MOH-NPL-2023-Y04-01,SEARO
NEPAL,BAGMATI PROVINCE,MAKWANPUR,"NEPAL, BAGMATI PROVINCE, MAKWANPUR",NPL,22351,NP-BA,NA,2023-01-01,2023-01-31,2023,1,Total,Admin2,Month,MOH-NPL-2023-Y04-01,SEARO
NEPAL,BAGMATI PROVINCE,CHITAWAN,"NEPAL, BAGMATI PROVINCE, CHITAWAN",NPL,22351,NP-BA,NA,2023-01-01,2023-01-31,2023,14,Total,Admin2,Month,MOH-NPL-2023-Y04-01,SEARO
NEPAL,GANDAKI PROVINCE,GORKHA,"NEPAL, GANDAKI PROVINCE, GORKHA",NPL,22363,NP-GA,NA,2023-01-01,2023-01-31,2023,1,Total,Admin2,Month,MOH-NPL-2023-Y04-01,SEARO
NEPAL,GANDAKI PROVINCE,MANANG,"NEPAL, GANDAKI PROVINCE, MANANG",NPL,22363,NP-GA,NA,2023-01-01,2023-01-31,2023,0,Total,Admin2,Month,MOH-NPL-2023-Y04-01,SEARO
NEPAL,GANDAKI PROVINCE,MUSTANG,"NEPAL, GANDAKI PROVINCE, MUSTANG",NPL,22363,NP-GA,NA,2023-01-01,2023-01-31,2023,0,Total,Admin2,Month,MOH-NPL-2023-Y04-01,SEARO
NEPAL,GANDAKI PROVINCE,MYAGDI,"NEPAL, GANDAKI PROVINCE, MYAGDI",NPL,22363,NP-GA,NA,2023-01-01,2023-01-31,2023,7,Total,Admin2,Month,MOH-NPL-2023-Y04-01,SEARO
NEPAL,GANDAKI PROVINCE,KASKI,"NEPAL, GANDAKI PROVINCE, KASKI",NPL,22363,NP-GA,NA,2023-01-01,2023-01-31,2023,2,Total,Admin2,Month,MOH-NPL-2023-Y04-01,SEARO
NEPAL,GANDAKI PROVINCE,LAMJUNG,"NEPAL, GANDAKI PROVINCE, LAMJUNG",NPL,22363,NP-GA,NA,2023-01-01,2023-01-31,2023,0,Total,Admin2,Month,MOH-NPL-2023-Y04-01,SEARO
NEPAL,GANDAKI PROVINCE,TANAHU,"NEPAL, GANDAKI PROVINCE, TANAHU",NPL,22363,NP-GA,NA,2023-01-01,2023-01-31,2023,0,Total,Admin2,Month,MOH-NPL-2023-Y04-01,SEARO
NEPAL,GANDAKI PROVINCE,NAWALPARASI EAST,"NEPAL, GANDAKI PROVINCE, NAWALPARASI EAST",NPL,22363,NP-GA,NA,2023-01-01,2023-01-31,2023,5,Total,Admin2,Month,MOH-NPL-2023-Y04-01,SEARO
NEPAL,GANDAKI PROVINCE,SYANGJA,"NEPAL, GANDAKI PROVINCE, SYANGJA",NPL,22363,NP-GA,NA,2023-01-01,2023-01-31,2023,1,Total,Admin2,Month,MOH-NPL-2023-Y04-01,SEARO
NEPAL,GANDAKI PROVINCE,PARBAT,"NEPAL, GANDAKI PROVINCE, PARBAT",NPL,22363,NP-GA,NA,2023-01-01,2023-01-31,2023,2,Total,Admin2,Month,MOH-NPL-2023-Y04-01,SEARO
NEPAL,GANDAKI PROVINCE,BAGLUNG,"NEPAL, GANDAKI PROVINCE, BAGLUNG",NPL,22363,NP-GA,NA,2023-01-01,2023-01-31,2023,0,Total,Admin2,Month,MOH-NPL-2023-Y04-01,SEARO
NEPAL,LUMBINI PROVINCE,RUKUM EAST,"NEPAL, LUMBINI PROVINCE, RUKUM EAST",NPL,22364,NP-LU,NA,2023-01-01,2023-01-31,2023,0,Total,Admin2,Month,MOH-NPL-2023-Y04-01,SEARO
NEPAL,LUMBINI PROVINCE,ROLPA,"NEPAL, LUMBINI PROVINCE, ROLPA",NPL,22364,NP-LU,NA,2023-01-01,2023-01-31,2023,0,Total,Admin2,Month,MOH-NPL-2023-Y04-01,SEARO
NEPAL,LUMBINI PROVINCE,PYUTHAN,"NEPAL, LUMBINI PROVINCE, PYUTHAN",NPL,22364,NP-LU,NA,2023-01-01,2023-01-31,2023,0,Total,Admin2,Month,MOH-NPL-2023-Y04-01,SEARO
NEPAL,LUMBINI PROVINCE,GULMI,"NEPAL, LUMBINI PROVINCE, GULMI",NPL,22364,NP-LU,NA,2023-01-01,2023-01-31,2023,1,Total,Admin2,Month,MOH-NPL-2023-Y04-01,SEARO
NEPAL,LUMBINI PROVINCE,ARGHAKHANCHI,"NEPAL, LUMBINI PROVINCE, ARGHAKHANCHI",NPL,22364,NP-LU,NA,2023-01-01,2023-01-31,2023,0,Total,Admin2,Month,MOH-NPL-2023-Y04-01,SEARO
NEPAL,LUMBINI PROVINCE,PALPA,"NEPAL, LUMBINI PROVINCE, PALPA",NPL,22364,NP-LU,NA,2023-01-01,2023-01-31,2023,1,Total,Admin2,Month,MOH-NPL-2023-Y04-01,SEARO
NEPAL,LUMBINI PROVINCE,NAWALPARASI WEST,"NEPAL, LUMBINI PROVINCE, NAWALPARASI WEST",NPL,22364,NP-LU,NA,2023-01-01,2023-01-31,2023,0,Total,Admin2,Month,MOH-NPL-2023-Y04-01,SEARO
NEPAL,LUMBINI PROVINCE,RUPANDEHI,"NEPAL, LUMBINI PROVINCE, RUPANDEHI",NPL,22364,NP-LU,NA,2023-01-01,2023-01-31,2023,7,Total,Admin2,Month,MOH-NPL-2023-Y04-01,SEARO
NEPAL,LUMBINI PROVINCE,KAPILBASTU,"NEPAL, LUMBINI PROVINCE, KAPILBASTU",NPL,22364,NP-LU,NA,2023-01-01,2023-01-31,2023,3,Total,Admin2,Month,MOH-NPL-2023-Y04-01,SEARO
NEPAL,LUMBINI PROVINCE,DANG,"NEPAL, LUMBINI PROVINCE, DANG",NPL,22364,NP-LU,NA,2023-01-01,2023-01-31,2023,4,Total,Admin2,Month,MOH-NPL-2023-Y04-01,SEARO
NEPAL,LUMBINI PROVINCE,BANKE,"NEPAL, LUMBINI PROVINCE, BANKE",NPL,22364,NP-LU,NA,2023-01-01,2023-01-31,2023,1,Total,Admin2,Month,MOH-NPL-2023-Y04-01,SEARO
NEPAL,LUMBINI PROVINCE,BARDIYA,"NEPAL, LUMBINI PROVINCE, BARDIYA",NPL,22364,NP-LU,NA,2023-01-01,2023-01-31,2023,5,Total,Admin2,Month,MOH-NPL-2023-Y04-01,SEARO
NEPAL,KARNALI PROVINCE,DOLPA,"NEPAL, KARNALI PROVINCE, DOLPA",NPL,22359,NP-KA,NA,2023-01-01,2023-01-31,2023,0,Total,Admin2,Month,MOH-NPL-2023-Y04-01,SEARO
NEPAL,KARNALI PROVINCE,MUGU,"NEPAL, KARNALI PROVINCE, MUGU",NPL,22359,NP-KA,NA,2023-01-01,2023-01-31,2023,0,Total,Admin2,Month,MOH-NPL-2023-Y04-01,SEARO
NEPAL,KARNALI PROVINCE,HUMLA,"NEPAL, KARNALI PROVINCE, HUMLA",NPL,22359,NP-KA,NA,2023-01-01,2023-01-31,2023,0,Total,Admin2,Month,MOH-NPL-2023-Y04-01,SEARO
NEPAL,KARNALI PROVINCE,JUMLA,"NEPAL, KARNALI PROVINCE, JUMLA",NPL,22359,NP-KA,NA,2023-01-01,2023-01-31,2023,0,Total,Admin2,Month,MOH-NPL-2023-Y04-01,SEARO
NEPAL,KARNALI PROVINCE,KALIKOT,"NEPAL, KARNALI PROVINCE, KALIKOT",NPL,22359,NP-KA,NA,2023-01-01,2023-01-31,2023,0,Total,Admin2,Month,MOH-NPL-2023-Y04-01,SEARO
NEPAL,KARNALI PROVINCE,DAILEKH,"NEPAL, KARNALI PROVINCE, DAILEKH",NPL,22359,NP-KA,NA,2023-01-01,2023-01-31,2023,0,Total,Admin2,Month,MOH-NPL-2023-Y04-01,SEARO
NEPAL,KARNALI PROVINCE,JAJARKOT,"NEPAL, KARNALI PROVINCE, JAJARKOT",NPL,22359,NP-KA,NA,2023-01-01,2023-01-31,2023,0,Total,Admin2,Month,MOH-NPL-2023-Y04-01,SEARO
NEPAL,KARNALI PROVINCE,RUKUM WEST,"NEPAL, KARNALI PROVINCE, RUKUM WEST",NPL,22359,NP-KA,NA,2023-01-01,2023-01-31,2023,0,Total,Admin2,Month,MOH-NPL-2023-Y04-01,SEARO
NEPAL,KARNALI PROVINCE,SALYAN,"NEPAL, KARNALI PROVINCE, SALYAN",NPL,22359,NP-KA,NA,2023-01-01,2023-01-31,2023,0,Total,Admin2,Month,MOH-NPL-2023-Y04-01,SEARO
NEPAL,KARNALI PROVINCE,SURKHET,"NEPAL, KARNALI PROVINCE, SURKHET",NPL,22359,NP-KA,NA,2023-01-01,2023-01-31,2023,0,Total,Admin2,Month,MOH-NPL-2023-Y04-01,SEARO
NEPAL,SUDURPASCHIM PROVINCE,BAJURA,"NEPAL, SUDURPASCHIM PROVINCE, BAJURA",NPL,22357,NP-MA,NA,2023-01-01,2023-01-31,2023,1,Total,Admin2,Month,MOH-NPL-2023-Y04-01,SEARO
NEPAL,SUDURPASCHIM PROVINCE,BAJHANG,"NEPAL, SUDURPASCHIM PROVINCE, BAJHANG",NPL,22357,NP-MA,NA,2023-01-01,2023-01-31,2023,0,Total,Admin2,Month,MOH-NPL-2023-Y04-01,SEARO
NEPAL,SUDURPASCHIM PROVINCE,DARCHULA,"NEPAL, SUDURPASCHIM PROVINCE, DARCHULA",NPL,22357,NP-MA,NA,2023-01-01,2023-01-31,2023,9,Total,Admin2,Month,MOH-NPL-2023-Y04-01,SEARO
NEPAL,SUDURPASCHIM PROVINCE,BAITADI,"NEPAL, SUDURPASCHIM PROVINCE, BAITADI",NPL,22357,NP-MA,NA,2023-01-01,2023-01-31,2023,0,Total,Admin2,Month,MOH-NPL-2023-Y04-01,SEARO
NEPAL,SUDURPASCHIM PROVINCE,DADELDHURA,"NEPAL, SUDURPASCHIM PROVINCE, DADELDHURA",NPL,22357,NP-MA,NA,2023-01-01,2023-01-31,2023,0,Total,Admin2,Month,MOH-NPL-2023-Y04-01,SEARO
NEPAL,SUDURPASCHIM PROVINCE,DOTI,"NEPAL, SUDURPASCHIM PROVINCE, DOTI",NPL,22357,NP-MA,NA,2023-01-01,2023-01-31,2023,0,Total,Admin2,Month,MOH-NPL-2023-Y04-01,SEARO
NEPAL,SUDURPASCHIM PROVINCE,ACHHAM,"NEPAL, SUDURPASCHIM PROVINCE, ACHHAM",NPL,22357,NP-MA,NA,2023-01-01,2023-01-31,2023,1,Total,Admin2,Month,MOH-NPL-2023-Y04-01,SEARO
NEPAL,SUDURPASCHIM PROVINCE,KAILALI,"NEPAL, SUDURPASCHIM PROVINCE, KAILALI",NPL,22357,NP-MA,NA,2023-01-01,2023-01-31,2023,4,Total,Admin2,Month,MOH-NPL-2023-Y04-01,SEARO
NEPAL,SUDURPASCHIM PROVINCE,KANCHANPUR,"NEPAL, SUDURPASCHIM PROVINCE, KANCHANPUR",NPL,22357,NP-MA,NA,2023-01-01,2023-01-31,2023,2,Total,Admin2,Month,MOH-NPL-2023-Y04-01,SEARO
NEPAL,NA,NA,NEPAL,NPL,175,NPL,NA,2023-02-01,2023-02-28,2023,130,Total,Admin0,Month,WHO-ALL-2025-Y01-00,SEARO
NEPAL,KOSHI PROVINCE,TAPLEJUNG,"NEPAL, KOSHI PROVINCE, TAPLEJUNG",NPL,22354,NP-KO,NA,2023-02-01,2023-02-28,2023,0,Total,Admin2,Month,MOH-NPL-2023-Y04-01,SEARO
NEPAL,KOSHI PROVINCE,SANKHUWASABHA,"NEPAL, KOSHI PROVINCE, SANKHUWASABHA",NPL,22354,NP-KO,NA,2023-02-01,2023-02-28,2023,1,Total,Admin2,Month,MOH-NPL-2023-Y04-01,SEARO
NEPAL,KOSHI PROVINCE,SOLUKHUMBU,"NEPAL, KOSHI PROVINCE, SOLUKHUMBU",NPL,22354,NP-KO,NA,2023-02-01,2023-02-28,2023,0,Total,Admin2,Month,MOH-NPL-2023-Y04-01,SEARO
NEPAL,KOSHI PROVINCE,OKHALDHUNGA,"NEPAL, KOSHI PROVINCE, OKHALDHUNGA",NPL,22354,NP-KO,NA,2023-02-01,2023-02-28,2023,0,Total,Admin2,Month,MOH-NPL-2023-Y04-01,SEARO
NEPAL,KOSHI PROVINCE,KHOTANG,"NEPAL, KOSHI PROVINCE, KHOTANG",NPL,22354,NP-KO,NA,2023-02-01,2023-02-28,2023,2,Total,Admin2,Month,MOH-NPL-2023-Y04-01,SEARO
NEPAL,KOSHI PROVINCE,BHOJPUR,"NEPAL, KOSHI PROVINCE, BHOJPUR",NPL,22354,NP-KO,NA,2023-02-01,2023-02-28,2023,0,Total,Admin2,Month,MOH-NPL-2023-Y04-01,SEARO
NEPAL,KOSHI PROVINCE,DHANKUTA,"NEPAL, KOSHI PROVINCE, DHANKUTA",NPL,22354,NP-KO,NA,2023-02-01,2023-02-28,2023,0,Total,Admin2,Month,MOH-NPL-2023-Y04-01,SEARO
NEPAL,KOSHI PROVINCE,TERHATHUM,"NEPAL, KOSHI PROVINCE, TERHATHUM",NPL,22354,NP-KO,NA,2023-02-01,2023-02-28,2023,2,Total,Admin2,Month,MOH-NPL-2023-Y04-01,SEARO
NEPAL,KOSHI PROVINCE,PANCHTHAR,"NEPAL, KOSHI PROVINCE, PANCHTHAR",NPL,22354,NP-KO,NA,2023-02-01,2023-02-28,2023,1,Total,Admin2,Month,MOH-NPL-2023-Y04-01,SEARO
NEPAL,KOSHI PROVINCE,ILAM,"NEPAL, KOSHI PROVINCE, ILAM",NPL,22354,NP-KO,NA,2023-02-01,2023-02-28,2023,0,Total,Admin2,Month,MOH-NPL-2023-Y04-01,SEARO
NEPAL,KOSHI PROVINCE,JHAPA,"NEPAL, KOSHI PROVINCE, JHAPA",NPL,22354,NP-KO,NA,2023-02-01,2023-02-28,2023,2,Total,Admin2,Month,MOH-NPL-2023-Y04-01,SEARO
NEPAL,KOSHI PROVINCE,MORANG,"NEPAL, KOSHI PROVINCE, MORANG",NPL,22354,NP-KO,NA,2023-02-01,2023-02-28,2023,2,Total,Admin2,Month,MOH-NPL-2023-Y04-01,SEARO
NEPAL,KOSHI PROVINCE,SUNSARI,"NEPAL, KOSHI PROVINCE, SUNSARI",NPL,22354,NP-KO,NA,2023-02-01,2023-02-28,2023,2,Total,Admin2,Month,MOH-NPL-2023-Y04-01,SEARO
NEPAL,KOSHI PROVINCE,UDAYAPUR,"NEPAL, KOSHI PROVINCE, UDAYAPUR",NPL,22354,NP-KO,NA,2023-02-01,2023-02-28,2023,1,Total,Admin2,Month,MOH-NPL-2023-Y04-01,SEARO
NEPAL,MADHESH PROVINCE,SAPTARI,"NEPAL, MADHESH PROVINCE, SAPTARI",NPL,22352,NP-JA,NA,2023-02-01,2023-02-28,2023,0,Total,Admin2,Month,MOH-NPL-2023-Y04-01,SEARO
NEPAL,MADHESH PROVINCE,SIRAHA,"NEPAL, MADHESH PROVINCE, SIRAHA",NPL,22352,NP-JA,NA,2023-02-01,2023-02-28,2023,1,Total,Admin2,Month,MOH-NPL-2023-Y04-01,SEARO
NEPAL,MADHESH PROVINCE,DHANUSA,"NEPAL, MADHESH PROVINCE, DHANUSA",NPL,22352,NP-JA,NA,2023-02-01,2023-02-28,2023,0,Total,Admin2,Month,MOH-NPL-2023-Y04-01,SEARO
NEPAL,MADHESH PROVINCE,MAHOTTARI,"NEPAL, MADHESH PROVINCE, MAHOTTARI",NPL,22352,NP-JA,NA,2023-02-01,2023-02-28,2023,0,Total,Admin2,Month,MOH-NPL-2023-Y04-01,SEARO
NEPAL,MADHESH PROVINCE,SARLAHI,"NEPAL, MADHESH PROVINCE, SARLAHI",NPL,22352,NP-JA,NA,2023-02-01,2023-02-28,2023,1,Total,Admin2,Month,MOH-NPL-2023-Y04-01,SEARO
NEPAL,MADHESH PROVINCE,RAUTAHAT,"NEPAL, MADHESH PROVINCE, RAUTAHAT",NPL,22352,NP-JA,NA,2023-02-01,2023-02-28,2023,0,Total,Admin2,Month,MOH-NPL-2023-Y04-01,SEARO
NEPAL,MADHESH PROVINCE,BARA,"NEPAL, MADHESH PROVINCE, BARA",NPL,22352,NP-JA,NA,2023-02-01,2023-02-28,2023,1,Total,Admin2,Month,MOH-NPL-2023-Y04-01,SEARO
NEPAL,MADHESH PROVINCE,PARSA,"NEPAL, MADHESH PROVINCE, PARSA",NPL,22352,NP-JA,NA,2023-02-01,2023-02-28,2023,0,Total,Admin2,Month,MOH-NPL-2023-Y04-01,SEARO
NEPAL,BAGMATI PROVINCE,DOLAKHA,"NEPAL, BAGMATI PROVINCE, DOLAKHA",NPL,22351,NP-BA,NA,2023-02-01,2023-02-28,2023,0,Total,Admin2,Month,MOH-NPL-2023-Y04-01,SEARO
NEPAL,BAGMATI PROVINCE,SINDHUPALCHOK,"NEPAL, BAGMATI PROVINCE, SINDHUPALCHOK",NPL,22351,NP-BA,NA,2023-02-01,2023-02-28,2023,0,Total,Admin2,Month,MOH-NPL-2023-Y04-01,SEARO
NEPAL,BAGMATI PROVINCE,RASUWA,"NEPAL, BAGMATI PROVINCE, RASUWA",NPL,22351,NP-BA,NA,2023-02-01,2023-02-28,2023,0,Total,Admin2,Month,MOH-NPL-2023-Y04-01,SEARO
NEPAL,BAGMATI PROVINCE,DHADING,"NEPAL, BAGMATI PROVINCE, DHADING",NPL,22351,NP-BA,NA,2023-02-01,2023-02-28,2023,1,Total,Admin2,Month,MOH-NPL-2023-Y04-01,SEARO
NEPAL,BAGMATI PROVINCE,NUWAKOT,"NEPAL, BAGMATI PROVINCE, NUWAKOT",NPL,22351,NP-BA,NA,2023-02-01,2023-02-28,2023,0,Total,Admin2,Month,MOH-NPL-2023-Y04-01,SEARO
NEPAL,BAGMATI PROVINCE,KATHMANDU,"NEPAL, BAGMATI PROVINCE, KATHMANDU",NPL,22351,NP-BA,NA,2023-02-01,2023-02-28,2023,4,Total,Admin2,Month,MOH-NPL-2023-Y04-01,SEARO
NEPAL,BAGMATI PROVINCE,BHAKTAPUR,"NEPAL, BAGMATI PROVINCE, BHAKTAPUR",NPL,22351,NP-BA,NA,2023-02-01,2023-02-28,2023,9,Total,Admin2,Month,MOH-NPL-2023-Y04-01,SEARO
NEPAL,BAGMATI PROVINCE,LALITPUR,"NEPAL, BAGMATI PROVINCE, LALITPUR",NPL,22351,NP-BA,NA,2023-02-01,2023-02-28,2023,3,Total,Admin2,Month,MOH-NPL-2023-Y04-01,SEARO
NEPAL,BAGMATI PROVINCE,KAVREPALANCHOK,"NEPAL, BAGMATI PROVINCE, KAVREPALANCHOK",NPL,22351,NP-BA,NA,2023-02-01,2023-02-28,2023,2,Total,Admin2,Month,MOH-NPL-2023-Y04-01,SEARO
NEPAL,BAGMATI PROVINCE,RAMECHHAP,"NEPAL, BAGMATI PROVINCE, RAMECHHAP",NPL,22351,NP-BA,NA,2023-02-01,2023-02-28,2023,11,Total,Admin2,Month,MOH-NPL-2023-Y04-01,SEARO
NEPAL,BAGMATI PROVINCE,SINDHULI,"NEPAL, BAGMATI PROVINCE, SINDHULI",NPL,22351,NP-BA,NA,2023-02-01,2023-02-28,2023,0,Total,Admin2,Month,MOH-NPL-2023-Y04-01,SEARO
NEPAL,BAGMATI PROVINCE,MAKWANPUR,"NEPAL, BAGMATI PROVINCE, MAKWANPUR",NPL,22351,NP-BA,NA,2023-02-01,2023-02-28,2023,0,Total,Admin2,Month,MOH-NPL-2023-Y04-01,SEARO
NEPAL,BAGMATI PROVINCE,CHITAWAN,"NEPAL, BAGMATI PROVINCE, CHITAWAN",NPL,22351,NP-BA,NA,2023-02-01,2023-02-28,2023,1,Total,Admin2,Month,MOH-NPL-2023-Y04-01,SEARO
NEPAL,GANDAKI PROVINCE,GORKHA,"NEPAL, GANDAKI PROVINCE, GORKHA",NPL,22363,NP-GA,NA,2023-02-01,2023-02-28,2023,0,Total,Admin2,Month,MOH-NPL-2023-Y04-01,SEARO
NEPAL,GANDAKI PROVINCE,MANANG,"NEPAL, GANDAKI PROVINCE, MANANG",NPL,22363,NP-GA,NA,2023-02-01,2023-02-28,2023,0,Total,Admin2,Month,MOH-NPL-2023-Y04-01,SEARO
NEPAL,GANDAKI PROVINCE,MUSTANG,"NEPAL, GANDAKI PROVINCE, MUSTANG",NPL,22363,NP-GA,NA,2023-02-01,2023-02-28,2023,0,Total,Admin2,Month,MOH-NPL-2023-Y04-01,SEARO
NEPAL,GANDAKI PROVINCE,MYAGDI,"NEPAL, GANDAKI PROVINCE, MYAGDI",NPL,22363,NP-GA,NA,2023-02-01,2023-02-28,2023,8,Total,Admin2,Month,MOH-NPL-2023-Y04-01,SEARO
NEPAL,GANDAKI PROVINCE,KASKI,"NEPAL, GANDAKI PROVINCE, KASKI",NPL,22363,NP-GA,NA,2023-02-01,2023-02-28,2023,1,Total,Admin2,Month,MOH-NPL-2023-Y04-01,SEARO
NEPAL,GANDAKI PROVINCE,LAMJUNG,"NEPAL, GANDAKI PROVINCE, LAMJUNG",NPL,22363,NP-GA,NA,2023-02-01,2023-02-28,2023,0,Total,Admin2,Month,MOH-NPL-2023-Y04-01,SEARO
NEPAL,GANDAKI PROVINCE,TANAHU,"NEPAL, GANDAKI PROVINCE, TANAHU",NPL,22363,NP-GA,NA,2023-02-01,2023-02-28,2023,0,Total,Admin2,Month,MOH-NPL-2023-Y04-01,SEARO
NEPAL,GANDAKI PROVINCE,NAWALPARASI EAST,"NEPAL, GANDAKI PROVINCE, NAWALPARASI EAST",NPL,22363,NP-GA,NA,2023-02-01,2023-02-28,2023,3,Total,Admin2,Month,MOH-NPL-2023-Y04-01,SEARO
NEPAL,GANDAKI PROVINCE,SYANGJA,"NEPAL, GANDAKI PROVINCE, SYANGJA",NPL,22363,NP-GA,NA,2023-02-01,2023-02-28,2023,0,Total,Admin2,Month,MOH-NPL-2023-Y04-01,SEARO
NEPAL,GANDAKI PROVINCE,PARBAT,"NEPAL, GANDAKI PROVINCE, PARBAT",NPL,22363,NP-GA,NA,2023-02-01,2023-02-28,2023,0,Total,Admin2,Month,MOH-NPL-2023-Y04-01,SEARO
NEPAL,GANDAKI PROVINCE,BAGLUNG,"NEPAL, GANDAKI PROVINCE, BAGLUNG",NPL,22363,NP-GA,NA,2023-02-01,2023-02-28,2023,0,Total,Admin2,Month,MOH-NPL-2023-Y04-01,SEARO
NEPAL,LUMBINI PROVINCE,RUKUM EAST,"NEPAL, LUMBINI PROVINCE, RUKUM EAST",NPL,22364,NP-LU,NA,2023-02-01,2023-02-28,2023,0,Total,Admin2,Month,MOH-NPL-2023-Y04-01,SEARO
NEPAL,LUMBINI PROVINCE,ROLPA,"NEPAL, LUMBINI PROVINCE, ROLPA",NPL,22364,NP-LU,NA,2023-02-01,2023-02-28,2023,0,Total,Admin2,Month,MOH-NPL-2023-Y04-01,SEARO
NEPAL,LUMBINI PROVINCE,PYUTHAN,"NEPAL, LUMBINI PROVINCE, PYUTHAN",NPL,22364,NP-LU,NA,2023-02-01,2023-02-28,2023,0,Total,Admin2,Month,MOH-NPL-2023-Y04-01,SEARO
NEPAL,LUMBINI PROVINCE,GULMI,"NEPAL, LUMBINI PROVINCE, GULMI",NPL,22364,NP-LU,NA,2023-02-01,2023-02-28,2023,1,Total,Admin2,Month,MOH-NPL-2023-Y04-01,SEARO
NEPAL,LUMBINI PROVINCE,ARGHAKHANCHI,"NEPAL, LUMBINI PROVINCE, ARGHAKHANCHI",NPL,22364,NP-LU,NA,2023-02-01,2023-02-28,2023,1,Total,Admin2,Month,MOH-NPL-2023-Y04-01,SEARO
NEPAL,LUMBINI PROVINCE,PALPA,"NEPAL, LUMBINI PROVINCE, PALPA",NPL,22364,NP-LU,NA,2023-02-01,2023-02-28,2023,4,Total,Admin2,Month,MOH-NPL-2023-Y04-01,SEARO
NEPAL,LUMBINI PROVINCE,NAWALPARASI WEST,"NEPAL, LUMBINI PROVINCE, NAWALPARASI WEST",NPL,22364,NP-LU,NA,2023-02-01,2023-02-28,2023,0,Total,Admin2,Month,MOH-NPL-2023-Y04-01,SEARO
NEPAL,LUMBINI PROVINCE,RUPANDEHI,"NEPAL, LUMBINI PROVINCE, RUPANDEHI",NPL,22364,NP-LU,NA,2023-02-01,2023-02-28,2023,6,Total,Admin2,Month,MOH-NPL-2023-Y04-01,SEARO
NEPAL,LUMBINI PROVINCE,KAPILBASTU,"NEPAL, LUMBINI PROVINCE, KAPILBASTU",NPL,22364,NP-LU,NA,2023-02-01,2023-02-28,2023,2,Total,Admin2,Month,MOH-NPL-2023-Y04-01,SEARO
NEPAL,LUMBINI PROVINCE,DANG,"NEPAL, LUMBINI PROVINCE, DANG",NPL,22364,NP-LU,NA,2023-02-01,2023-02-28,2023,0,Total,Admin2,Month,MOH-NPL-2023-Y04-01,SEARO
NEPAL,LUMBINI PROVINCE,BANKE,"NEPAL, LUMBINI PROVINCE, BANKE",NPL,22364,NP-LU,NA,2023-02-01,2023-02-28,2023,1,Total,Admin2,Month,MOH-NPL-2023-Y04-01,SEARO
NEPAL,LUMBINI PROVINCE,BARDIYA,"NEPAL, LUMBINI PROVINCE, BARDIYA",NPL,22364,NP-LU,NA,2023-02-01,2023-02-28,2023,1,Total,Admin2,Month,MOH-NPL-2023-Y04-01,SEARO
NEPAL,KARNALI PROVINCE,DOLPA,"NEPAL, KARNALI PROVINCE, DOLPA",NPL,22359,NP-KA,NA,2023-02-01,2023-02-28,2023,0,Total,Admin2,Month,MOH-NPL-2023-Y04-01,SEARO
NEPAL,KARNALI PROVINCE,MUGU,"NEPAL, KARNALI PROVINCE, MUGU",NPL,22359,NP-KA,NA,2023-02-01,2023-02-28,2023,0,Total,Admin2,Month,MOH-NPL-2023-Y04-01,SEARO
NEPAL,KARNALI PROVINCE,HUMLA,"NEPAL, KARNALI PROVINCE, HUMLA",NPL,22359,NP-KA,NA,2023-02-01,2023-02-28,2023,0,Total,Admin2,Month,MOH-NPL-2023-Y04-01,SEARO
NEPAL,KARNALI PROVINCE,JUMLA,"NEPAL, KARNALI PROVINCE, JUMLA",NPL,22359,NP-KA,NA,2023-02-01,2023-02-28,2023,0,Total,Admin2,Month,MOH-NPL-2023-Y04-01,SEARO
NEPAL,KARNALI PROVINCE,KALIKOT,"NEPAL, KARNALI PROVINCE, KALIKOT",NPL,22359,NP-KA,NA,2023-02-01,2023-02-28,2023,0,Total,Admin2,Month,MOH-NPL-2023-Y04-01,SEARO
NEPAL,KARNALI PROVINCE,DAILEKH,"NEPAL, KARNALI PROVINCE, DAILEKH",NPL,22359,NP-KA,NA,2023-02-01,2023-02-28,2023,0,Total,Admin2,Month,MOH-NPL-2023-Y04-01,SEARO
NEPAL,KARNALI PROVINCE,JAJARKOT,"NEPAL, KARNALI PROVINCE, JAJARKOT",NPL,22359,NP-KA,NA,2023-02-01,2023-02-28,2023,0,Total,Admin2,Month,MOH-NPL-2023-Y04-01,SEARO
NEPAL,KARNALI PROVINCE,RUKUM WEST,"NEPAL, KARNALI PROVINCE, RUKUM WEST",NPL,22359,NP-KA,NA,2023-02-01,2023-02-28,2023,1,Total,Admin2,Month,MOH-NPL-2023-Y04-01,SEARO
NEPAL,KARNALI PROVINCE,SALYAN,"NEPAL, KARNALI PROVINCE, SALYAN",NPL,22359,NP-KA,NA,2023-02-01,2023-02-28,2023,0,Total,Admin2,Month,MOH-NPL-2023-Y04-01,SEARO
NEPAL,KARNALI PROVINCE,SURKHET,"NEPAL, KARNALI PROVINCE, SURKHET",NPL,22359,NP-KA,NA,2023-02-01,2023-02-28,2023,0,Total,Admin2,Month,MOH-NPL-2023-Y04-01,SEARO
NEPAL,SUDURPASCHIM PROVINCE,BAJURA,"NEPAL, SUDURPASCHIM PROVINCE, BAJURA",NPL,22357,NP-MA,NA,2023-02-01,2023-02-28,2023,0,Total,Admin2,Month,MOH-NPL-2023-Y04-01,SEARO
NEPAL,SUDURPASCHIM PROVINCE,BAJHANG,"NEPAL, SUDURPASCHIM PROVINCE, BAJHANG",NPL,22357,NP-MA,NA,2023-02-01,2023-02-28,2023,0,Total,Admin2,Month,MOH-NPL-2023-Y04-01,SEARO
NEPAL,SUDURPASCHIM PROVINCE,DARCHULA,"NEPAL, SUDURPASCHIM PROVINCE, DARCHULA",NPL,22357,NP-MA,NA,2023-02-01,2023-02-28,2023,33,Total,Admin2,Month,MOH-NPL-2023-Y04-01,SEARO
NEPAL,SUDURPASCHIM PROVINCE,BAITADI,"NEPAL, SUDURPASCHIM PROVINCE, BAITADI",NPL,22357,NP-MA,NA,2023-02-01,2023-02-28,2023,1,Total,Admin2,Month,MOH-NPL-2023-Y04-01,SEARO
NEPAL,SUDURPASCHIM PROVINCE,DADELDHURA,"NEPAL, SUDURPASCHIM PROVINCE, DADELDHURA",NPL,22357,NP-MA,NA,2023-02-01,2023-02-28,2023,1,Total,Admin2,Month,MOH-NPL-2023-Y04-01,SEARO
NEPAL,SUDURPASCHIM PROVINCE,DOTI,"NEPAL, SUDURPASCHIM PROVINCE, DOTI",NPL,22357,NP-MA,NA,2023-02-01,2023-02-28,2023,2,Total,Admin2,Month,MOH-NPL-2023-Y04-01,SEARO
NEPAL,SUDURPASCHIM PROVINCE,ACHHAM,"NEPAL, SUDURPASCHIM PROVINCE, ACHHAM",NPL,22357,NP-MA,NA,2023-02-01,2023-02-28,2023,1,Total,Admin2,Month,MOH-NPL-2023-Y04-01,SEARO
NEPAL,SUDURPASCHIM PROVINCE,KAILALI,"NEPAL, SUDURPASCHIM PROVINCE, KAILALI",NPL,22357,NP-MA,NA,2023-02-01,2023-02-28,2023,4,Total,Admin2,Month,MOH-NPL-2023-Y04-01,SEARO
NEPAL,SUDURPASCHIM PROVINCE,KANCHANPUR,"NEPAL, SUDURPASCHIM PROVINCE, KANCHANPUR",NPL,22357,NP-MA,NA,2023-02-01,2023-02-28,2023,12,Total,Admin2,Month,MOH-NPL-2023-Y04-01,SEARO
NEPAL,NA,NA,NEPAL,NPL,175,NPL,NA,2023-03-01,2023-03-31,2023,195,Total,Admin0,Month,WHO-ALL-2025-Y01-00,SEARO
NEPAL,KOSHI PROVINCE,TAPLEJUNG,"NEPAL, KOSHI PROVINCE, TAPLEJUNG",NPL,22354,NP-KO,NA,2023-03-01,2023-03-31,2023,0,Total,Admin2,Month,MOH-NPL-2023-Y04-01,SEARO
NEPAL,KOSHI PROVINCE,SANKHUWASABHA,"NEPAL, KOSHI PROVINCE, SANKHUWASABHA",NPL,22354,NP-KO,NA,2023-03-01,2023-03-31,2023,0,Total,Admin2,Month,MOH-NPL-2023-Y04-01,SEARO
NEPAL,KOSHI PROVINCE,SOLUKHUMBU,"NEPAL, KOSHI PROVINCE, SOLUKHUMBU",NPL,22354,NP-KO,NA,2023-03-01,2023-03-31,2023,0,Total,Admin2,Month,MOH-NPL-2023-Y04-01,SEARO
NEPAL,KOSHI PROVINCE,OKHALDHUNGA,"NEPAL, KOSHI PROVINCE, OKHALDHUNGA",NPL,22354,NP-KO,NA,2023-03-01,2023-03-31,2023,0,Total,Admin2,Month,MOH-NPL-2023-Y04-01,SEARO
NEPAL,KOSHI PROVINCE,KHOTANG,"NEPAL, KOSHI PROVINCE, KHOTANG",NPL,22354,NP-KO,NA,2023-03-01,2023-03-31,2023,1,Total,Admin2,Month,MOH-NPL-2023-Y04-01,SEARO
NEPAL,KOSHI PROVINCE,BHOJPUR,"NEPAL, KOSHI PROVINCE, BHOJPUR",NPL,22354,NP-KO,NA,2023-03-01,2023-03-31,2023,0,Total,Admin2,Month,MOH-NPL-2023-Y04-01,SEARO
NEPAL,KOSHI PROVINCE,DHANKUTA,"NEPAL, KOSHI PROVINCE, DHANKUTA",NPL,22354,NP-KO,NA,2023-03-01,2023-03-31,2023,0,Total,Admin2,Month,MOH-NPL-2023-Y04-01,SEARO
NEPAL,KOSHI PROVINCE,TERHATHUM,"NEPAL, KOSHI PROVINCE, TERHATHUM",NPL,22354,NP-KO,NA,2023-03-01,2023-03-31,2023,0,Total,Admin2,Month,MOH-NPL-2023-Y04-01,SEARO
NEPAL,KOSHI PROVINCE,PANCHTHAR,"NEPAL, KOSHI PROVINCE, PANCHTHAR",NPL,22354,NP-KO,NA,2023-03-01,2023-03-31,2023,0,Total,Admin2,Month,MOH-NPL-2023-Y04-01,SEARO
NEPAL,KOSHI PROVINCE,ILAM,"NEPAL, KOSHI PROVINCE, ILAM",NPL,22354,NP-KO,NA,2023-03-01,2023-03-31,2023,0,Total,Admin2,Month,MOH-NPL-2023-Y04-01,SEARO
NEPAL,KOSHI PROVINCE,JHAPA,"NEPAL, KOSHI PROVINCE, JHAPA",NPL,22354,NP-KO,NA,2023-03-01,2023-03-31,2023,6,Total,Admin2,Month,MOH-NPL-2023-Y04-01,SEARO
NEPAL,KOSHI PROVINCE,MORANG,"NEPAL, KOSHI PROVINCE, MORANG",NPL,22354,NP-KO,NA,2023-03-01,2023-03-31,2023,3,Total,Admin2,Month,MOH-NPL-2023-Y04-01,SEARO
NEPAL,KOSHI PROVINCE,SUNSARI,"NEPAL, KOSHI PROVINCE, SUNSARI",NPL,22354,NP-KO,NA,2023-03-01,2023-03-31,2023,3,Total,Admin2,Month,MOH-NPL-2023-Y04-01,SEARO
NEPAL,KOSHI PROVINCE,UDAYAPUR,"NEPAL, KOSHI PROVINCE, UDAYAPUR",NPL,22354,NP-KO,NA,2023-03-01,2023-03-31,2023,1,Total,Admin2,Month,MOH-NPL-2023-Y04-01,SEARO
NEPAL,MADHESH PROVINCE,SAPTARI,"NEPAL, MADHESH PROVINCE, SAPTARI",NPL,22352,NP-JA,NA,2023-03-01,2023-03-31,2023,0,Total,Admin2,Month,MOH-NPL-2023-Y04-01,SEARO
NEPAL,MADHESH PROVINCE,SIRAHA,"NEPAL, MADHESH PROVINCE, SIRAHA",NPL,22352,NP-JA,NA,2023-03-01,2023-03-31,2023,2,Total,Admin2,Month,MOH-NPL-2023-Y04-01,SEARO
NEPAL,MADHESH PROVINCE,DHANUSA,"NEPAL, MADHESH PROVINCE, DHANUSA",NPL,22352,NP-JA,NA,2023-03-01,2023-03-31,2023,0,Total,Admin2,Month,MOH-NPL-2023-Y04-01,SEARO
NEPAL,MADHESH PROVINCE,MAHOTTARI,"NEPAL, MADHESH PROVINCE, MAHOTTARI",NPL,22352,NP-JA,NA,2023-03-01,2023-03-31,2023,0,Total,Admin2,Month,MOH-NPL-2023-Y04-01,SEARO
NEPAL,MADHESH PROVINCE,SARLAHI,"NEPAL, MADHESH PROVINCE, SARLAHI",NPL,22352,NP-JA,NA,2023-03-01,2023-03-31,2023,0,Total,Admin2,Month,MOH-NPL-2023-Y04-01,SEARO
NEPAL,MADHESH PROVINCE,RAUTAHAT,"NEPAL, MADHESH PROVINCE, RAUTAHAT",NPL,22352,NP-JA,NA,2023-03-01,2023-03-31,2023,0,Total,Admin2,Month,MOH-NPL-2023-Y04-01,SEARO
NEPAL,MADHESH PROVINCE,BARA,"NEPAL, MADHESH PROVINCE, BARA",NPL,22352,NP-JA,NA,2023-03-01,2023-03-31,2023,0,Total,Admin2,Month,MOH-NPL-2023-Y04-01,SEARO
NEPAL,MADHESH PROVINCE,PARSA,"NEPAL, MADHESH PROVINCE, PARSA",NPL,22352,NP-JA,NA,2023-03-01,2023-03-31,2023,0,Total,Admin2,Month,MOH-NPL-2023-Y04-01,SEARO
NEPAL,BAGMATI PROVINCE,DOLAKHA,"NEPAL, BAGMATI PROVINCE, DOLAKHA",NPL,22351,NP-BA,NA,2023-03-01,2023-03-31,2023,0,Total,Admin2,Month,MOH-NPL-2023-Y04-01,SEARO
NEPAL,BAGMATI PROVINCE,SINDHUPALCHOK,"NEPAL, BAGMATI PROVINCE, SINDHUPALCHOK",NPL,22351,NP-BA,NA,2023-03-01,2023-03-31,2023,0,Total,Admin2,Month,MOH-NPL-2023-Y04-01,SEARO
NEPAL,BAGMATI PROVINCE,RASUWA,"NEPAL, BAGMATI PROVINCE, RASUWA",NPL,22351,NP-BA,NA,2023-03-01,2023-03-31,2023,0,Total,Admin2,Month,MOH-NPL-2023-Y04-01,SEARO
NEPAL,BAGMATI PROVINCE,DHADING,"NEPAL, BAGMATI PROVINCE, DHADING",NPL,22351,NP-BA,NA,2023-03-01,2023-03-31,2023,5,Total,Admin2,Month,MOH-NPL-2023-Y04-01,SEARO
NEPAL,BAGMATI PROVINCE,NUWAKOT,"NEPAL, BAGMATI PROVINCE, NUWAKOT",NPL,22351,NP-BA,NA,2023-03-01,2023-03-31,2023,0,Total,Admin2,Month,MOH-NPL-2023-Y04-01,SEARO
NEPAL,BAGMATI PROVINCE,KATHMANDU,"NEPAL, BAGMATI PROVINCE, KATHMANDU",NPL,22351,NP-BA,NA,2023-03-01,2023-03-31,2023,4,Total,Admin2,Month,MOH-NPL-2023-Y04-01,SEARO
NEPAL,BAGMATI PROVINCE,BHAKTAPUR,"NEPAL, BAGMATI PROVINCE, BHAKTAPUR",NPL,22351,NP-BA,NA,2023-03-01,2023-03-31,2023,12,Total,Admin2,Month,MOH-NPL-2023-Y04-01,SEARO
NEPAL,BAGMATI PROVINCE,LALITPUR,"NEPAL, BAGMATI PROVINCE, LALITPUR",NPL,22351,NP-BA,NA,2023-03-01,2023-03-31,2023,1,Total,Admin2,Month,MOH-NPL-2023-Y04-01,SEARO
NEPAL,BAGMATI PROVINCE,KAVREPALANCHOK,"NEPAL, BAGMATI PROVINCE, KAVREPALANCHOK",NPL,22351,NP-BA,NA,2023-03-01,2023-03-31,2023,0,Total,Admin2,Month,MOH-NPL-2023-Y04-01,SEARO
NEPAL,BAGMATI PROVINCE,RAMECHHAP,"NEPAL, BAGMATI PROVINCE, RAMECHHAP",NPL,22351,NP-BA,NA,2023-03-01,2023-03-31,2023,0,Total,Admin2,Month,MOH-NPL-2023-Y04-01,SEARO
NEPAL,BAGMATI PROVINCE,SINDHULI,"NEPAL, BAGMATI PROVINCE, SINDHULI",NPL,22351,NP-BA,NA,2023-03-01,2023-03-31,2023,4,Total,Admin2,Month,MOH-NPL-2023-Y04-01,SEARO
NEPAL,BAGMATI PROVINCE,MAKWANPUR,"NEPAL, BAGMATI PROVINCE, MAKWANPUR",NPL,22351,NP-BA,NA,2023-03-01,2023-03-31,2023,2,Total,Admin2,Month,MOH-NPL-2023-Y04-01,SEARO
NEPAL,BAGMATI PROVINCE,CHITAWAN,"NEPAL, BAGMATI PROVINCE, CHITAWAN",NPL,22351,NP-BA,NA,2023-03-01,2023-03-31,2023,1,Total,Admin2,Month,MOH-NPL-2023-Y04-01,SEARO
NEPAL,GANDAKI PROVINCE,GORKHA,"NEPAL, GANDAKI PROVINCE, GORKHA",NPL,22363,NP-GA,NA,2023-03-01,2023-03-31,2023,0,Total,Admin2,Month,MOH-NPL-2023-Y04-01,SEARO
NEPAL,GANDAKI PROVINCE,MANANG,"NEPAL, GANDAKI PROVINCE, MANANG",NPL,22363,NP-GA,NA,2023-03-01,2023-03-31,2023,0,Total,Admin2,Month,MOH-NPL-2023-Y04-01,SEARO
NEPAL,GANDAKI PROVINCE,MUSTANG,"NEPAL, GANDAKI PROVINCE, MUSTANG",NPL,22363,NP-GA,NA,2023-03-01,2023-03-31,2023,11,Total,Admin2,Month,MOH-NPL-2023-Y04-01,SEARO
NEPAL,GANDAKI PROVINCE,MYAGDI,"NEPAL, GANDAKI PROVINCE, MYAGDI",NPL,22363,NP-GA,NA,2023-03-01,2023-03-31,2023,0,Total,Admin2,Month,MOH-NPL-2023-Y04-01,SEARO
NEPAL,GANDAKI PROVINCE,KASKI,"NEPAL, GANDAKI PROVINCE, KASKI",NPL,22363,NP-GA,NA,2023-03-01,2023-03-31,2023,0,Total,Admin2,Month,MOH-NPL-2023-Y04-01,SEARO
NEPAL,GANDAKI PROVINCE,LAMJUNG,"NEPAL, GANDAKI PROVINCE, LAMJUNG",NPL,22363,NP-GA,NA,2023-03-01,2023-03-31,2023,1,Total,Admin2,Month,MOH-NPL-2023-Y04-01,SEARO
NEPAL,GANDAKI PROVINCE,TANAHU,"NEPAL, GANDAKI PROVINCE, TANAHU",NPL,22363,NP-GA,NA,2023-03-01,2023-03-31,2023,0,Total,Admin2,Month,MOH-NPL-2023-Y04-01,SEARO
NEPAL,GANDAKI PROVINCE,NAWALPARASI EAST,"NEPAL, GANDAKI PROVINCE, NAWALPARASI EAST",NPL,22363,NP-GA,NA,2023-03-01,2023-03-31,2023,0,Total,Admin2,Month,MOH-NPL-2023-Y04-01,SEARO
NEPAL,GANDAKI PROVINCE,SYANGJA,"NEPAL, GANDAKI PROVINCE, SYANGJA",NPL,22363,NP-GA,NA,2023-03-01,2023-03-31,2023,0,Total,Admin2,Month,MOH-NPL-2023-Y04-01,SEARO
NEPAL,GANDAKI PROVINCE,PARBAT,"NEPAL, GANDAKI PROVINCE, PARBAT",NPL,22363,NP-GA,NA,2023-03-01,2023-03-31,2023,0,Total,Admin2,Month,MOH-NPL-2023-Y04-01,SEARO
NEPAL,GANDAKI PROVINCE,BAGLUNG,"NEPAL, GANDAKI PROVINCE, BAGLUNG",NPL,22363,NP-GA,NA,2023-03-01,2023-03-31,2023,0,Total,Admin2,Month,MOH-NPL-2023-Y04-01,SEARO
NEPAL,LUMBINI PROVINCE,RUKUM EAST,"NEPAL, LUMBINI PROVINCE, RUKUM EAST",NPL,22364,NP-LU,NA,2023-03-01,2023-03-31,2023,0,Total,Admin2,Month,MOH-NPL-2023-Y04-01,SEARO
NEPAL,LUMBINI PROVINCE,ROLPA,"NEPAL, LUMBINI PROVINCE, ROLPA",NPL,22364,NP-LU,NA,2023-03-01,2023-03-31,2023,0,Total,Admin2,Month,MOH-NPL-2023-Y04-01,SEARO
NEPAL,LUMBINI PROVINCE,PYUTHAN,"NEPAL, LUMBINI PROVINCE, PYUTHAN",NPL,22364,NP-LU,NA,2023-03-01,2023-03-31,2023,0,Total,Admin2,Month,MOH-NPL-2023-Y04-01,SEARO
NEPAL,LUMBINI PROVINCE,GULMI,"NEPAL, LUMBINI PROVINCE, GULMI",NPL,22364,NP-LU,NA,2023-03-01,2023-03-31,2023,3,Total,Admin2,Month,MOH-NPL-2023-Y04-01,SEARO
NEPAL,LUMBINI PROVINCE,ARGHAKHANCHI,"NEPAL, LUMBINI PROVINCE, ARGHAKHANCHI",NPL,22364,NP-LU,NA,2023-03-01,2023-03-31,2023,1,Total,Admin2,Month,MOH-NPL-2023-Y04-01,SEARO
NEPAL,LUMBINI PROVINCE,PALPA,"NEPAL, LUMBINI PROVINCE, PALPA",NPL,22364,NP-LU,NA,2023-03-01,2023-03-31,2023,1,Total,Admin2,Month,MOH-NPL-2023-Y04-01,SEARO
NEPAL,LUMBINI PROVINCE,NAWALPARASI WEST,"NEPAL, LUMBINI PROVINCE, NAWALPARASI WEST",NPL,22364,NP-LU,NA,2023-03-01,2023-03-31,2023,2,Total,Admin2,Month,MOH-NPL-2023-Y04-01,SEARO
NEPAL,LUMBINI PROVINCE,RUPANDEHI,"NEPAL, LUMBINI PROVINCE, RUPANDEHI",NPL,22364,NP-LU,NA,2023-03-01,2023-03-31,2023,4,Total,Admin2,Month,MOH-NPL-2023-Y04-01,SEARO
NEPAL,LUMBINI PROVINCE,KAPILBASTU,"NEPAL, LUMBINI PROVINCE, KAPILBASTU",NPL,22364,NP-LU,NA,2023-03-01,2023-03-31,2023,1,Total,Admin2,Month,MOH-NPL-2023-Y04-01,SEARO
NEPAL,LUMBINI PROVINCE,DANG,"NEPAL, LUMBINI PROVINCE, DANG",NPL,22364,NP-LU,NA,2023-03-01,2023-03-31,2023,0,Total,Admin2,Month,MOH-NPL-2023-Y04-01,SEARO
NEPAL,LUMBINI PROVINCE,BANKE,"NEPAL, LUMBINI PROVINCE, BANKE",NPL,22364,NP-LU,NA,2023-03-01,2023-03-31,2023,0,Total,Admin2,Month,MOH-NPL-2023-Y04-01,SEARO
NEPAL,LUMBINI PROVINCE,BARDIYA,"NEPAL, LUMBINI PROVINCE, BARDIYA",NPL,22364,NP-LU,NA,2023-03-01,2023-03-31,2023,1,Total,Admin2,Month,MOH-NPL-2023-Y04-01,SEARO
NEPAL,KARNALI PROVINCE,DOLPA,"NEPAL, KARNALI PROVINCE, DOLPA",NPL,22359,NP-KA,NA,2023-03-01,2023-03-31,2023,0,Total,Admin2,Month,MOH-NPL-2023-Y04-01,SEARO
NEPAL,KARNALI PROVINCE,MUGU,"NEPAL, KARNALI PROVINCE, MUGU",NPL,22359,NP-KA,NA,2023-03-01,2023-03-31,2023,0,Total,Admin2,Month,MOH-NPL-2023-Y04-01,SEARO
NEPAL,KARNALI PROVINCE,HUMLA,"NEPAL, KARNALI PROVINCE, HUMLA",NPL,22359,NP-KA,NA,2023-03-01,2023-03-31,2023,0,Total,Admin2,Month,MOH-NPL-2023-Y04-01,SEARO
NEPAL,KARNALI PROVINCE,JUMLA,"NEPAL, KARNALI PROVINCE, JUMLA",NPL,22359,NP-KA,NA,2023-03-01,2023-03-31,2023,0,Total,Admin2,Month,MOH-NPL-2023-Y04-01,SEARO
NEPAL,KARNALI PROVINCE,KALIKOT,"NEPAL, KARNALI PROVINCE, KALIKOT",NPL,22359,NP-KA,NA,2023-03-01,2023-03-31,2023,0,Total,Admin2,Month,MOH-NPL-2023-Y04-01,SEARO
NEPAL,KARNALI PROVINCE,DAILEKH,"NEPAL, KARNALI PROVINCE, DAILEKH",NPL,22359,NP-KA,NA,2023-03-01,2023-03-31,2023,0,Total,Admin2,Month,MOH-NPL-2023-Y04-01,SEARO
NEPAL,KARNALI PROVINCE,JAJARKOT,"NEPAL, KARNALI PROVINCE, JAJARKOT",NPL,22359,NP-KA,NA,2023-03-01,2023-03-31,2023,1,Total,Admin2,Month,MOH-NPL-2023-Y04-01,SEARO
NEPAL,KARNALI PROVINCE,RUKUM WEST,"NEPAL, KARNALI PROVINCE, RUKUM WEST",NPL,22359,NP-KA,NA,2023-03-01,2023-03-31,2023,1,Total,Admin2,Month,MOH-NPL-2023-Y04-01,SEARO
NEPAL,KARNALI PROVINCE,SALYAN,"NEPAL, KARNALI PROVINCE, SALYAN",NPL,22359,NP-KA,NA,2023-03-01,2023-03-31,2023,0,Total,Admin2,Month,MOH-NPL-2023-Y04-01,SEARO
NEPAL,KARNALI PROVINCE,SURKHET,"NEPAL, KARNALI PROVINCE, SURKHET",NPL,22359,NP-KA,NA,2023-03-01,2023-03-31,2023,2,Total,Admin2,Month,MOH-NPL-2023-Y04-01,SEARO
NEPAL,SUDURPASCHIM PROVINCE,BAJURA,"NEPAL, SUDURPASCHIM PROVINCE, BAJURA",NPL,22357,NP-MA,NA,2023-03-01,2023-03-31,2023,1,Total,Admin2,Month,MOH-NPL-2023-Y04-01,SEARO
NEPAL,SUDURPASCHIM PROVINCE,BAJHANG,"NEPAL, SUDURPASCHIM PROVINCE, BAJHANG",NPL,22357,NP-MA,NA,2023-03-01,2023-03-31,2023,1,Total,Admin2,Month,MOH-NPL-2023-Y04-01,SEARO
NEPAL,SUDURPASCHIM PROVINCE,DARCHULA,"NEPAL, SUDURPASCHIM PROVINCE, DARCHULA",NPL,22357,NP-MA,NA,2023-03-01,2023-03-31,2023,117,Total,Admin2,Month,MOH-NPL-2023-Y04-01,SEARO
NEPAL,SUDURPASCHIM PROVINCE,BAITADI,"NEPAL, SUDURPASCHIM PROVINCE, BAITADI",NPL,22357,NP-MA,NA,2023-03-01,2023-03-31,2023,3,Total,Admin2,Month,MOH-NPL-2023-Y04-01,SEARO
NEPAL,SUDURPASCHIM PROVINCE,DADELDHURA,"NEPAL, SUDURPASCHIM PROVINCE, DADELDHURA",NPL,22357,NP-MA,NA,2023-03-01,2023-03-31,2023,1,Total,Admin2,Month,MOH-NPL-2023-Y04-01,SEARO
NEPAL,SUDURPASCHIM PROVINCE,DOTI,"NEPAL, SUDURPASCHIM PROVINCE, DOTI",NPL,22357,NP-MA,NA,2023-03-01,2023-03-31,2023,0,Total,Admin2,Month,MOH-NPL-2023-Y04-01,SEARO
NEPAL,SUDURPASCHIM PROVINCE,ACHHAM,"NEPAL, SUDURPASCHIM PROVINCE, ACHHAM",NPL,22357,NP-MA,NA,2023-03-01,2023-03-31,2023,1,Total,Admin2,Month,MOH-NPL-2023-Y04-01,SEARO
NEPAL,SUDURPASCHIM PROVINCE,KAILALI,"NEPAL, SUDURPASCHIM PROVINCE, KAILALI",NPL,22357,NP-MA,NA,2023-03-01,2023-03-31,2023,2,Total,Admin2,Month,MOH-NPL-2023-Y04-01,SEARO
NEPAL,SUDURPASCHIM PROVINCE,KANCHANPUR,"NEPAL, SUDURPASCHIM PROVINCE, KANCHANPUR",NPL,22357,NP-MA,NA,2023-03-01,2023-03-31,2023,4,Total,Admin2,Month,MOH-NPL-2023-Y04-01,SEARO
NEPAL,NA,NA,NEPAL,NPL,175,NPL,NA,2023-04-01,2023-04-30,2023,158,Total,Admin0,Month,WHO-ALL-2025-Y01-00,SEARO
NEPAL,KOSHI PROVINCE,TAPLEJUNG,"NEPAL, KOSHI PROVINCE, TAPLEJUNG",NPL,22354,NP-KO,NA,2023-04-01,2023-04-30,2023,0,Total,Admin2,Month,MOH-NPL-2023-Y04-01,SEARO
NEPAL,KOSHI PROVINCE,SANKHUWASABHA,"NEPAL, KOSHI PROVINCE, SANKHUWASABHA",NPL,22354,NP-KO,NA,2023-04-01,2023-04-30,2023,0,Total,Admin2,Month,MOH-NPL-2023-Y04-01,SEARO
NEPAL,KOSHI PROVINCE,SOLUKHUMBU,"NEPAL, KOSHI PROVINCE, SOLUKHUMBU",NPL,22354,NP-KO,NA,2023-04-01,2023-04-30,2023,0,Total,Admin2,Month,MOH-NPL-2023-Y04-01,SEARO
NEPAL,KOSHI PROVINCE,OKHALDHUNGA,"NEPAL, KOSHI PROVINCE, OKHALDHUNGA",NPL,22354,NP-KO,NA,2023-04-01,2023-04-30,2023,0,Total,Admin2,Month,MOH-NPL-2023-Y04-01,SEARO
NEPAL,KOSHI PROVINCE,KHOTANG,"NEPAL, KOSHI PROVINCE, KHOTANG",NPL,22354,NP-KO,NA,2023-04-01,2023-04-30,2023,0,Total,Admin2,Month,MOH-NPL-2023-Y04-01,SEARO
NEPAL,KOSHI PROVINCE,BHOJPUR,"NEPAL, KOSHI PROVINCE, BHOJPUR",NPL,22354,NP-KO,NA,2023-04-01,2023-04-30,2023,1,Total,Admin2,Month,MOH-NPL-2023-Y04-01,SEARO
NEPAL,KOSHI PROVINCE,DHANKUTA,"NEPAL, KOSHI PROVINCE, DHANKUTA",NPL,22354,NP-KO,NA,2023-04-01,2023-04-30,2023,0,Total,Admin2,Month,MOH-NPL-2023-Y04-01,SEARO
NEPAL,KOSHI PROVINCE,TERHATHUM,"NEPAL, KOSHI PROVINCE, TERHATHUM",NPL,22354,NP-KO,NA,2023-04-01,2023-04-30,2023,0,Total,Admin2,Month,MOH-NPL-2023-Y04-01,SEARO
NEPAL,KOSHI PROVINCE,PANCHTHAR,"NEPAL, KOSHI PROVINCE, PANCHTHAR",NPL,22354,NP-KO,NA,2023-04-01,2023-04-30,2023,0,Total,Admin2,Month,MOH-NPL-2023-Y04-01,SEARO
NEPAL,KOSHI PROVINCE,ILAM,"NEPAL, KOSHI PROVINCE, ILAM",NPL,22354,NP-KO,NA,2023-04-01,2023-04-30,2023,0,Total,Admin2,Month,MOH-NPL-2023-Y04-01,SEARO
NEPAL,KOSHI PROVINCE,JHAPA,"NEPAL, KOSHI PROVINCE, JHAPA",NPL,22354,NP-KO,NA,2023-04-01,2023-04-30,2023,3,Total,Admin2,Month,MOH-NPL-2023-Y04-01,SEARO
NEPAL,KOSHI PROVINCE,MORANG,"NEPAL, KOSHI PROVINCE, MORANG",NPL,22354,NP-KO,NA,2023-04-01,2023-04-30,2023,3,Total,Admin2,Month,MOH-NPL-2023-Y04-01,SEARO
NEPAL,KOSHI PROVINCE,SUNSARI,"NEPAL, KOSHI PROVINCE, SUNSARI",NPL,22354,NP-KO,NA,2023-04-01,2023-04-30,2023,1,Total,Admin2,Month,MOH-NPL-2023-Y04-01,SEARO
NEPAL,KOSHI PROVINCE,UDAYAPUR,"NEPAL, KOSHI PROVINCE, UDAYAPUR",NPL,22354,NP-KO,NA,2023-04-01,2023-04-30,2023,0,Total,Admin2,Month,MOH-NPL-2023-Y04-01,SEARO
NEPAL,MADHESH PROVINCE,SAPTARI,"NEPAL, MADHESH PROVINCE, SAPTARI",NPL,22352,NP-JA,NA,2023-04-01,2023-04-30,2023,1,Total,Admin2,Month,MOH-NPL-2023-Y04-01,SEARO
NEPAL,MADHESH PROVINCE,SIRAHA,"NEPAL, MADHESH PROVINCE, SIRAHA",NPL,22352,NP-JA,NA,2023-04-01,2023-04-30,2023,0,Total,Admin2,Month,MOH-NPL-2023-Y04-01,SEARO
NEPAL,MADHESH PROVINCE,DHANUSA,"NEPAL, MADHESH PROVINCE, DHANUSA",NPL,22352,NP-JA,NA,2023-04-01,2023-04-30,2023,0,Total,Admin2,Month,MOH-NPL-2023-Y04-01,SEARO
NEPAL,MADHESH PROVINCE,MAHOTTARI,"NEPAL, MADHESH PROVINCE, MAHOTTARI",NPL,22352,NP-JA,NA,2023-04-01,2023-04-30,2023,0,Total,Admin2,Month,MOH-NPL-2023-Y04-01,SEARO
NEPAL,MADHESH PROVINCE,SARLAHI,"NEPAL, MADHESH PROVINCE, SARLAHI",NPL,22352,NP-JA,NA,2023-04-01,2023-04-30,2023,1,Total,Admin2,Month,MOH-NPL-2023-Y04-01,SEARO
NEPAL,MADHESH PROVINCE,RAUTAHAT,"NEPAL, MADHESH PROVINCE, RAUTAHAT",NPL,22352,NP-JA,NA,2023-04-01,2023-04-30,2023,0,Total,Admin2,Month,MOH-NPL-2023-Y04-01,SEARO
NEPAL,MADHESH PROVINCE,BARA,"NEPAL, MADHESH PROVINCE, BARA",NPL,22352,NP-JA,NA,2023-04-01,2023-04-30,2023,1,Total,Admin2,Month,MOH-NPL-2023-Y04-01,SEARO
NEPAL,MADHESH PROVINCE,PARSA,"NEPAL, MADHESH PROVINCE, PARSA",NPL,22352,NP-JA,NA,2023-04-01,2023-04-30,2023,0,Total,Admin2,Month,MOH-NPL-2023-Y04-01,SEARO
NEPAL,BAGMATI PROVINCE,DOLAKHA,"NEPAL, BAGMATI PROVINCE, DOLAKHA",NPL,22351,NP-BA,NA,2023-04-01,2023-04-30,2023,1,Total,Admin2,Month,MOH-NPL-2023-Y04-01,SEARO
NEPAL,BAGMATI PROVINCE,SINDHUPALCHOK,"NEPAL, BAGMATI PROVINCE, SINDHUPALCHOK",NPL,22351,NP-BA,NA,2023-04-01,2023-04-30,2023,0,Total,Admin2,Month,MOH-NPL-2023-Y04-01,SEARO
NEPAL,BAGMATI PROVINCE,RASUWA,"NEPAL, BAGMATI PROVINCE, RASUWA",NPL,22351,NP-BA,NA,2023-04-01,2023-04-30,2023,0,Total,Admin2,Month,MOH-NPL-2023-Y04-01,SEARO
NEPAL,BAGMATI PROVINCE,DHADING,"NEPAL, BAGMATI PROVINCE, DHADING",NPL,22351,NP-BA,NA,2023-04-01,2023-04-30,2023,41,Total,Admin2,Month,MOH-NPL-2023-Y04-01,SEARO
NEPAL,BAGMATI PROVINCE,NUWAKOT,"NEPAL, BAGMATI PROVINCE, NUWAKOT",NPL,22351,NP-BA,NA,2023-04-01,2023-04-30,2023,2,Total,Admin2,Month,MOH-NPL-2023-Y04-01,SEARO
NEPAL,BAGMATI PROVINCE,KATHMANDU,"NEPAL, BAGMATI PROVINCE, KATHMANDU",NPL,22351,NP-BA,NA,2023-04-01,2023-04-30,2023,1,Total,Admin2,Month,MOH-NPL-2023-Y04-01,SEARO
NEPAL,BAGMATI PROVINCE,BHAKTAPUR,"NEPAL, BAGMATI PROVINCE, BHAKTAPUR",NPL,22351,NP-BA,NA,2023-04-01,2023-04-30,2023,5,Total,Admin2,Month,MOH-NPL-2023-Y04-01,SEARO
NEPAL,BAGMATI PROVINCE,LALITPUR,"NEPAL, BAGMATI PROVINCE, LALITPUR",NPL,22351,NP-BA,NA,2023-04-01,2023-04-30,2023,0,Total,Admin2,Month,MOH-NPL-2023-Y04-01,SEARO
NEPAL,BAGMATI PROVINCE,KAVREPALANCHOK,"NEPAL, BAGMATI PROVINCE, KAVREPALANCHOK",NPL,22351,NP-BA,NA,2023-04-01,2023-04-30,2023,0,Total,Admin2,Month,MOH-NPL-2023-Y04-01,SEARO
NEPAL,BAGMATI PROVINCE,RAMECHHAP,"NEPAL, BAGMATI PROVINCE, RAMECHHAP",NPL,22351,NP-BA,NA,2023-04-01,2023-04-30,2023,0,Total,Admin2,Month,MOH-NPL-2023-Y04-01,SEARO
NEPAL,BAGMATI PROVINCE,SINDHULI,"NEPAL, BAGMATI PROVINCE, SINDHULI",NPL,22351,NP-BA,NA,2023-04-01,2023-04-30,2023,1,Total,Admin2,Month,MOH-NPL-2023-Y04-01,SEARO
NEPAL,BAGMATI PROVINCE,MAKWANPUR,"NEPAL, BAGMATI PROVINCE, MAKWANPUR",NPL,22351,NP-BA,NA,2023-04-01,2023-04-30,2023,1,Total,Admin2,Month,MOH-NPL-2023-Y04-01,SEARO
NEPAL,BAGMATI PROVINCE,CHITAWAN,"NEPAL, BAGMATI PROVINCE, CHITAWAN",NPL,22351,NP-BA,NA,2023-04-01,2023-04-30,2023,0,Total,Admin2,Month,MOH-NPL-2023-Y04-01,SEARO
NEPAL,GANDAKI PROVINCE,GORKHA,"NEPAL, GANDAKI PROVINCE, GORKHA",NPL,22363,NP-GA,NA,2023-04-01,2023-04-30,2023,0,Total,Admin2,Month,MOH-NPL-2023-Y04-01,SEARO
NEPAL,GANDAKI PROVINCE,MANANG,"NEPAL, GANDAKI PROVINCE, MANANG",NPL,22363,NP-GA,NA,2023-04-01,2023-04-30,2023,0,Total,Admin2,Month,MOH-NPL-2023-Y04-01,SEARO
NEPAL,GANDAKI PROVINCE,MUSTANG,"NEPAL, GANDAKI PROVINCE, MUSTANG",NPL,22363,NP-GA,NA,2023-04-01,2023-04-30,2023,0,Total,Admin2,Month,MOH-NPL-2023-Y04-01,SEARO
NEPAL,GANDAKI PROVINCE,MYAGDI,"NEPAL, GANDAKI PROVINCE, MYAGDI",NPL,22363,NP-GA,NA,2023-04-01,2023-04-30,2023,6,Total,Admin2,Month,MOH-NPL-2023-Y04-01,SEARO
NEPAL,GANDAKI PROVINCE,KASKI,"NEPAL, GANDAKI PROVINCE, KASKI",NPL,22363,NP-GA,NA,2023-04-01,2023-04-30,2023,27,Total,Admin2,Month,MOH-NPL-2023-Y04-01,SEARO
NEPAL,GANDAKI PROVINCE,LAMJUNG,"NEPAL, GANDAKI PROVINCE, LAMJUNG",NPL,22363,NP-GA,NA,2023-04-01,2023-04-30,2023,7,Total,Admin2,Month,MOH-NPL-2023-Y04-01,SEARO
NEPAL,GANDAKI PROVINCE,TANAHU,"NEPAL, GANDAKI PROVINCE, TANAHU",NPL,22363,NP-GA,NA,2023-04-01,2023-04-30,2023,1,Total,Admin2,Month,MOH-NPL-2023-Y04-01,SEARO
NEPAL,GANDAKI PROVINCE,NAWALPARASI EAST,"NEPAL, GANDAKI PROVINCE, NAWALPARASI EAST",NPL,22363,NP-GA,NA,2023-04-01,2023-04-30,2023,2,Total,Admin2,Month,MOH-NPL-2023-Y04-01,SEARO
NEPAL,GANDAKI PROVINCE,SYANGJA,"NEPAL, GANDAKI PROVINCE, SYANGJA",NPL,22363,NP-GA,NA,2023-04-01,2023-04-30,2023,0,Total,Admin2,Month,MOH-NPL-2023-Y04-01,SEARO
NEPAL,GANDAKI PROVINCE,PARBAT,"NEPAL, GANDAKI PROVINCE, PARBAT",NPL,22363,NP-GA,NA,2023-04-01,2023-04-30,2023,2,Total,Admin2,Month,MOH-NPL-2023-Y04-01,SEARO
NEPAL,GANDAKI PROVINCE,BAGLUNG,"NEPAL, GANDAKI PROVINCE, BAGLUNG",NPL,22363,NP-GA,NA,2023-04-01,2023-04-30,2023,2,Total,Admin2,Month,MOH-NPL-2023-Y04-01,SEARO
NEPAL,LUMBINI PROVINCE,RUKUM EAST,"NEPAL, LUMBINI PROVINCE, RUKUM EAST",NPL,22364,NP-LU,NA,2023-04-01,2023-04-30,2023,1,Total,Admin2,Month,MOH-NPL-2023-Y04-01,SEARO
NEPAL,LUMBINI PROVINCE,ROLPA,"NEPAL, LUMBINI PROVINCE, ROLPA",NPL,22364,NP-LU,NA,2023-04-01,2023-04-30,2023,0,Total,Admin2,Month,MOH-NPL-2023-Y04-01,SEARO
NEPAL,LUMBINI PROVINCE,PYUTHAN,"NEPAL, LUMBINI PROVINCE, PYUTHAN",NPL,22364,NP-LU,NA,2023-04-01,2023-04-30,2023,0,Total,Admin2,Month,MOH-NPL-2023-Y04-01,SEARO
NEPAL,LUMBINI PROVINCE,GULMI,"NEPAL, LUMBINI PROVINCE, GULMI",NPL,22364,NP-LU,NA,2023-04-01,2023-04-30,2023,0,Total,Admin2,Month,MOH-NPL-2023-Y04-01,SEARO
NEPAL,LUMBINI PROVINCE,ARGHAKHANCHI,"NEPAL, LUMBINI PROVINCE, ARGHAKHANCHI",NPL,22364,NP-LU,NA,2023-04-01,2023-04-30,2023,0,Total,Admin2,Month,MOH-NPL-2023-Y04-01,SEARO
NEPAL,LUMBINI PROVINCE,PALPA,"NEPAL, LUMBINI PROVINCE, PALPA",NPL,22364,NP-LU,NA,2023-04-01,2023-04-30,2023,4,Total,Admin2,Month,MOH-NPL-2023-Y04-01,SEARO
NEPAL,LUMBINI PROVINCE,NAWALPARASI WEST,"NEPAL, LUMBINI PROVINCE, NAWALPARASI WEST",NPL,22364,NP-LU,NA,2023-04-01,2023-04-30,2023,0,Total,Admin2,Month,MOH-NPL-2023-Y04-01,SEARO
NEPAL,LUMBINI PROVINCE,RUPANDEHI,"NEPAL, LUMBINI PROVINCE, RUPANDEHI",NPL,22364,NP-LU,NA,2023-04-01,2023-04-30,2023,3,Total,Admin2,Month,MOH-NPL-2023-Y04-01,SEARO
NEPAL,LUMBINI PROVINCE,KAPILBASTU,"NEPAL, LUMBINI PROVINCE, KAPILBASTU",NPL,22364,NP-LU,NA,2023-04-01,2023-04-30,2023,0,Total,Admin2,Month,MOH-NPL-2023-Y04-01,SEARO
NEPAL,LUMBINI PROVINCE,DANG,"NEPAL, LUMBINI PROVINCE, DANG",NPL,22364,NP-LU,NA,2023-04-01,2023-04-30,2023,3,Total,Admin2,Month,MOH-NPL-2023-Y04-01,SEARO
NEPAL,LUMBINI PROVINCE,BANKE,"NEPAL, LUMBINI PROVINCE, BANKE",NPL,22364,NP-LU,NA,2023-04-01,2023-04-30,2023,2,Total,Admin2,Month,MOH-NPL-2023-Y04-01,SEARO
NEPAL,LUMBINI PROVINCE,BARDIYA,"NEPAL, LUMBINI PROVINCE, BARDIYA",NPL,22364,NP-LU,NA,2023-04-01,2023-04-30,2023,1,Total,Admin2,Month,MOH-NPL-2023-Y04-01,SEARO
NEPAL,KARNALI PROVINCE,DOLPA,"NEPAL, KARNALI PROVINCE, DOLPA",NPL,22359,NP-KA,NA,2023-04-01,2023-04-30,2023,3,Total,Admin2,Month,MOH-NPL-2023-Y04-01,SEARO
NEPAL,KARNALI PROVINCE,MUGU,"NEPAL, KARNALI PROVINCE, MUGU",NPL,22359,NP-KA,NA,2023-04-01,2023-04-30,2023,0,Total,Admin2,Month,MOH-NPL-2023-Y04-01,SEARO
NEPAL,KARNALI PROVINCE,HUMLA,"NEPAL, KARNALI PROVINCE, HUMLA",NPL,22359,NP-KA,NA,2023-04-01,2023-04-30,2023,0,Total,Admin2,Month,MOH-NPL-2023-Y04-01,SEARO
NEPAL,KARNALI PROVINCE,JUMLA,"NEPAL, KARNALI PROVINCE, JUMLA",NPL,22359,NP-KA,NA,2023-04-01,2023-04-30,2023,0,Total,Admin2,Month,MOH-NPL-2023-Y04-01,SEARO
NEPAL,KARNALI PROVINCE,KALIKOT,"NEPAL, KARNALI PROVINCE, KALIKOT",NPL,22359,NP-KA,NA,2023-04-01,2023-04-30,2023,0,Total,Admin2,Month,MOH-NPL-2023-Y04-01,SEARO
NEPAL,KARNALI PROVINCE,DAILEKH,"NEPAL, KARNALI PROVINCE, DAILEKH",NPL,22359,NP-KA,NA,2023-04-01,2023-04-30,2023,0,Total,Admin2,Month,MOH-NPL-2023-Y04-01,SEARO
NEPAL,KARNALI PROVINCE,JAJARKOT,"NEPAL, KARNALI PROVINCE, JAJARKOT",NPL,22359,NP-KA,NA,2023-04-01,2023-04-30,2023,0,Total,Admin2,Month,MOH-NPL-2023-Y04-01,SEARO
NEPAL,KARNALI PROVINCE,RUKUM WEST,"NEPAL, KARNALI PROVINCE, RUKUM WEST",NPL,22359,NP-KA,NA,2023-04-01,2023-04-30,2023,0,Total,Admin2,Month,MOH-NPL-2023-Y04-01,SEARO
NEPAL,KARNALI PROVINCE,SALYAN,"NEPAL, KARNALI PROVINCE, SALYAN",NPL,22359,NP-KA,NA,2023-04-01,2023-04-30,2023,0,Total,Admin2,Month,MOH-NPL-2023-Y04-01,SEARO
NEPAL,KARNALI PROVINCE,SURKHET,"NEPAL, KARNALI PROVINCE, SURKHET",NPL,22359,NP-KA,NA,2023-04-01,2023-04-30,2023,1,Total,Admin2,Month,MOH-NPL-2023-Y04-01,SEARO
NEPAL,SUDURPASCHIM PROVINCE,BAJURA,"NEPAL, SUDURPASCHIM PROVINCE, BAJURA",NPL,22357,NP-MA,NA,2023-04-01,2023-04-30,2023,0,Total,Admin2,Month,MOH-NPL-2023-Y04-01,SEARO
NEPAL,SUDURPASCHIM PROVINCE,BAJHANG,"NEPAL, SUDURPASCHIM PROVINCE, BAJHANG",NPL,22357,NP-MA,NA,2023-04-01,2023-04-30,2023,0,Total,Admin2,Month,MOH-NPL-2023-Y04-01,SEARO
NEPAL,SUDURPASCHIM PROVINCE,DARCHULA,"NEPAL, SUDURPASCHIM PROVINCE, DARCHULA",NPL,22357,NP-MA,NA,2023-04-01,2023-04-30,2023,15,Total,Admin2,Month,MOH-NPL-2023-Y04-01,SEARO
NEPAL,SUDURPASCHIM PROVINCE,BAITADI,"NEPAL, SUDURPASCHIM PROVINCE, BAITADI",NPL,22357,NP-MA,NA,2023-04-01,2023-04-30,2023,0,Total,Admin2,Month,MOH-NPL-2023-Y04-01,SEARO
NEPAL,SUDURPASCHIM PROVINCE,DADELDHURA,"NEPAL, SUDURPASCHIM PROVINCE, DADELDHURA",NPL,22357,NP-MA,NA,2023-04-01,2023-04-30,2023,0,Total,Admin2,Month,MOH-NPL-2023-Y04-01,SEARO
NEPAL,SUDURPASCHIM PROVINCE,DOTI,"NEPAL, SUDURPASCHIM PROVINCE, DOTI",NPL,22357,NP-MA,NA,2023-04-01,2023-04-30,2023,0,Total,Admin2,Month,MOH-NPL-2023-Y04-01,SEARO
NEPAL,SUDURPASCHIM PROVINCE,ACHHAM,"NEPAL, SUDURPASCHIM PROVINCE, ACHHAM",NPL,22357,NP-MA,NA,2023-04-01,2023-04-30,2023,2,Total,Admin2,Month,MOH-NPL-2023-Y04-01,SEARO
NEPAL,SUDURPASCHIM PROVINCE,KAILALI,"NEPAL, SUDURPASCHIM PROVINCE, KAILALI",NPL,22357,NP-MA,NA,2023-04-01,2023-04-30,2023,2,Total,Admin2,Month,MOH-NPL-2023-Y04-01,SEARO
NEPAL,SUDURPASCHIM PROVINCE,KANCHANPUR,"NEPAL, SUDURPASCHIM PROVINCE, KANCHANPUR",NPL,22357,NP-MA,NA,2023-04-01,2023-04-30,2023,7,Total,Admin2,Month,MOH-NPL-2023-Y04-01,SEARO
NEPAL,NA,NA,NEPAL,NPL,175,NPL,NA,2023-05-01,2023-05-31,2023,163,Total,Admin0,Month,WHO-ALL-2025-Y01-00,SEARO
NEPAL,KOSHI PROVINCE,TAPLEJUNG,"NEPAL, KOSHI PROVINCE, TAPLEJUNG",NPL,22354,NP-KO,NA,2023-05-01,2023-05-31,2023,0,Total,Admin2,Month,MOH-NPL-2023-Y04-01,SEARO
NEPAL,KOSHI PROVINCE,SANKHUWASABHA,"NEPAL, KOSHI PROVINCE, SANKHUWASABHA",NPL,22354,NP-KO,NA,2023-05-01,2023-05-31,2023,13,Total,Admin2,Month,MOH-NPL-2023-Y04-01,SEARO
NEPAL,KOSHI PROVINCE,SOLUKHUMBU,"NEPAL, KOSHI PROVINCE, SOLUKHUMBU",NPL,22354,NP-KO,NA,2023-05-01,2023-05-31,2023,0,Total,Admin2,Month,MOH-NPL-2023-Y04-01,SEARO
NEPAL,KOSHI PROVINCE,OKHALDHUNGA,"NEPAL, KOSHI PROVINCE, OKHALDHUNGA",NPL,22354,NP-KO,NA,2023-05-01,2023-05-31,2023,0,Total,Admin2,Month,MOH-NPL-2023-Y04-01,SEARO
NEPAL,KOSHI PROVINCE,KHOTANG,"NEPAL, KOSHI PROVINCE, KHOTANG",NPL,22354,NP-KO,NA,2023-05-01,2023-05-31,2023,0,Total,Admin2,Month,MOH-NPL-2023-Y04-01,SEARO
NEPAL,KOSHI PROVINCE,BHOJPUR,"NEPAL, KOSHI PROVINCE, BHOJPUR",NPL,22354,NP-KO,NA,2023-05-01,2023-05-31,2023,0,Total,Admin2,Month,MOH-NPL-2023-Y04-01,SEARO
NEPAL,KOSHI PROVINCE,DHANKUTA,"NEPAL, KOSHI PROVINCE, DHANKUTA",NPL,22354,NP-KO,NA,2023-05-01,2023-05-31,2023,0,Total,Admin2,Month,MOH-NPL-2023-Y04-01,SEARO
NEPAL,KOSHI PROVINCE,TERHATHUM,"NEPAL, KOSHI PROVINCE, TERHATHUM",NPL,22354,NP-KO,NA,2023-05-01,2023-05-31,2023,0,Total,Admin2,Month,MOH-NPL-2023-Y04-01,SEARO
NEPAL,KOSHI PROVINCE,PANCHTHAR,"NEPAL, KOSHI PROVINCE, PANCHTHAR",NPL,22354,NP-KO,NA,2023-05-01,2023-05-31,2023,0,Total,Admin2,Month,MOH-NPL-2023-Y04-01,SEARO
NEPAL,KOSHI PROVINCE,ILAM,"NEPAL, KOSHI PROVINCE, ILAM",NPL,22354,NP-KO,NA,2023-05-01,2023-05-31,2023,0,Total,Admin2,Month,MOH-NPL-2023-Y04-01,SEARO
NEPAL,KOSHI PROVINCE,JHAPA,"NEPAL, KOSHI PROVINCE, JHAPA",NPL,22354,NP-KO,NA,2023-05-01,2023-05-31,2023,0,Total,Admin2,Month,MOH-NPL-2023-Y04-01,SEARO
NEPAL,KOSHI PROVINCE,MORANG,"NEPAL, KOSHI PROVINCE, MORANG",NPL,22354,NP-KO,NA,2023-05-01,2023-05-31,2023,1,Total,Admin2,Month,MOH-NPL-2023-Y04-01,SEARO
NEPAL,KOSHI PROVINCE,SUNSARI,"NEPAL, KOSHI PROVINCE, SUNSARI",NPL,22354,NP-KO,NA,2023-05-01,2023-05-31,2023,1,Total,Admin2,Month,MOH-NPL-2023-Y04-01,SEARO
NEPAL,KOSHI PROVINCE,UDAYAPUR,"NEPAL, KOSHI PROVINCE, UDAYAPUR",NPL,22354,NP-KO,NA,2023-05-01,2023-05-31,2023,0,Total,Admin2,Month,MOH-NPL-2023-Y04-01,SEARO
NEPAL,MADHESH PROVINCE,SAPTARI,"NEPAL, MADHESH PROVINCE, SAPTARI",NPL,22352,NP-JA,NA,2023-05-01,2023-05-31,2023,0,Total,Admin2,Month,MOH-NPL-2023-Y04-01,SEARO
NEPAL,MADHESH PROVINCE,SIRAHA,"NEPAL, MADHESH PROVINCE, SIRAHA",NPL,22352,NP-JA,NA,2023-05-01,2023-05-31,2023,0,Total,Admin2,Month,MOH-NPL-2023-Y04-01,SEARO
NEPAL,MADHESH PROVINCE,DHANUSA,"NEPAL, MADHESH PROVINCE, DHANUSA",NPL,22352,NP-JA,NA,2023-05-01,2023-05-31,2023,0,Total,Admin2,Month,MOH-NPL-2023-Y04-01,SEARO
NEPAL,MADHESH PROVINCE,MAHOTTARI,"NEPAL, MADHESH PROVINCE, MAHOTTARI",NPL,22352,NP-JA,NA,2023-05-01,2023-05-31,2023,0,Total,Admin2,Month,MOH-NPL-2023-Y04-01,SEARO
NEPAL,MADHESH PROVINCE,SARLAHI,"NEPAL, MADHESH PROVINCE, SARLAHI",NPL,22352,NP-JA,NA,2023-05-01,2023-05-31,2023,1,Total,Admin2,Month,MOH-NPL-2023-Y04-01,SEARO
NEPAL,MADHESH PROVINCE,RAUTAHAT,"NEPAL, MADHESH PROVINCE, RAUTAHAT",NPL,22352,NP-JA,NA,2023-05-01,2023-05-31,2023,1,Total,Admin2,Month,MOH-NPL-2023-Y04-01,SEARO
NEPAL,MADHESH PROVINCE,BARA,"NEPAL, MADHESH PROVINCE, BARA",NPL,22352,NP-JA,NA,2023-05-01,2023-05-31,2023,0,Total,Admin2,Month,MOH-NPL-2023-Y04-01,SEARO
NEPAL,MADHESH PROVINCE,PARSA,"NEPAL, MADHESH PROVINCE, PARSA",NPL,22352,NP-JA,NA,2023-05-01,2023-05-31,2023,0,Total,Admin2,Month,MOH-NPL-2023-Y04-01,SEARO
NEPAL,BAGMATI PROVINCE,DOLAKHA,"NEPAL, BAGMATI PROVINCE, DOLAKHA",NPL,22351,NP-BA,NA,2023-05-01,2023-05-31,2023,0,Total,Admin2,Month,MOH-NPL-2023-Y04-01,SEARO
NEPAL,BAGMATI PROVINCE,SINDHUPALCHOK,"NEPAL, BAGMATI PROVINCE, SINDHUPALCHOK",NPL,22351,NP-BA,NA,2023-05-01,2023-05-31,2023,0,Total,Admin2,Month,MOH-NPL-2023-Y04-01,SEARO
NEPAL,BAGMATI PROVINCE,RASUWA,"NEPAL, BAGMATI PROVINCE, RASUWA",NPL,22351,NP-BA,NA,2023-05-01,2023-05-31,2023,1,Total,Admin2,Month,MOH-NPL-2023-Y04-01,SEARO
NEPAL,BAGMATI PROVINCE,DHADING,"NEPAL, BAGMATI PROVINCE, DHADING",NPL,22351,NP-BA,NA,2023-05-01,2023-05-31,2023,18,Total,Admin2,Month,MOH-NPL-2023-Y04-01,SEARO
NEPAL,BAGMATI PROVINCE,NUWAKOT,"NEPAL, BAGMATI PROVINCE, NUWAKOT",NPL,22351,NP-BA,NA,2023-05-01,2023-05-31,2023,2,Total,Admin2,Month,MOH-NPL-2023-Y04-01,SEARO
NEPAL,BAGMATI PROVINCE,KATHMANDU,"NEPAL, BAGMATI PROVINCE, KATHMANDU",NPL,22351,NP-BA,NA,2023-05-01,2023-05-31,2023,2,Total,Admin2,Month,MOH-NPL-2023-Y04-01,SEARO
NEPAL,BAGMATI PROVINCE,BHAKTAPUR,"NEPAL, BAGMATI PROVINCE, BHAKTAPUR",NPL,22351,NP-BA,NA,2023-05-01,2023-05-31,2023,2,Total,Admin2,Month,MOH-NPL-2023-Y04-01,SEARO
NEPAL,BAGMATI PROVINCE,LALITPUR,"NEPAL, BAGMATI PROVINCE, LALITPUR",NPL,22351,NP-BA,NA,2023-05-01,2023-05-31,2023,2,Total,Admin2,Month,MOH-NPL-2023-Y04-01,SEARO
NEPAL,BAGMATI PROVINCE,KAVREPALANCHOK,"NEPAL, BAGMATI PROVINCE, KAVREPALANCHOK",NPL,22351,NP-BA,NA,2023-05-01,2023-05-31,2023,0,Total,Admin2,Month,MOH-NPL-2023-Y04-01,SEARO
NEPAL,BAGMATI PROVINCE,RAMECHHAP,"NEPAL, BAGMATI PROVINCE, RAMECHHAP",NPL,22351,NP-BA,NA,2023-05-01,2023-05-31,2023,0,Total,Admin2,Month,MOH-NPL-2023-Y04-01,SEARO
NEPAL,BAGMATI PROVINCE,SINDHULI,"NEPAL, BAGMATI PROVINCE, SINDHULI",NPL,22351,NP-BA,NA,2023-05-01,2023-05-31,2023,0,Total,Admin2,Month,MOH-NPL-2023-Y04-01,SEARO
NEPAL,BAGMATI PROVINCE,MAKWANPUR,"NEPAL, BAGMATI PROVINCE, MAKWANPUR",NPL,22351,NP-BA,NA,2023-05-01,2023-05-31,2023,0,Total,Admin2,Month,MOH-NPL-2023-Y04-01,SEARO
NEPAL,BAGMATI PROVINCE,CHITAWAN,"NEPAL, BAGMATI PROVINCE, CHITAWAN",NPL,22351,NP-BA,NA,2023-05-01,2023-05-31,2023,0,Total,Admin2,Month,MOH-NPL-2023-Y04-01,SEARO
NEPAL,GANDAKI PROVINCE,GORKHA,"NEPAL, GANDAKI PROVINCE, GORKHA",NPL,22363,NP-GA,NA,2023-05-01,2023-05-31,2023,2,Total,Admin2,Month,MOH-NPL-2023-Y04-01,SEARO
NEPAL,GANDAKI PROVINCE,MANANG,"NEPAL, GANDAKI PROVINCE, MANANG",NPL,22363,NP-GA,NA,2023-05-01,2023-05-31,2023,1,Total,Admin2,Month,MOH-NPL-2023-Y04-01,SEARO
NEPAL,GANDAKI PROVINCE,MUSTANG,"NEPAL, GANDAKI PROVINCE, MUSTANG",NPL,22363,NP-GA,NA,2023-05-01,2023-05-31,2023,0,Total,Admin2,Month,MOH-NPL-2023-Y04-01,SEARO
NEPAL,GANDAKI PROVINCE,MYAGDI,"NEPAL, GANDAKI PROVINCE, MYAGDI",NPL,22363,NP-GA,NA,2023-05-01,2023-05-31,2023,6,Total,Admin2,Month,MOH-NPL-2023-Y04-01,SEARO
NEPAL,GANDAKI PROVINCE,KASKI,"NEPAL, GANDAKI PROVINCE, KASKI",NPL,22363,NP-GA,NA,2023-05-01,2023-05-31,2023,35,Total,Admin2,Month,MOH-NPL-2023-Y04-01,SEARO
NEPAL,GANDAKI PROVINCE,LAMJUNG,"NEPAL, GANDAKI PROVINCE, LAMJUNG",NPL,22363,NP-GA,NA,2023-05-01,2023-05-31,2023,15,Total,Admin2,Month,MOH-NPL-2023-Y04-01,SEARO
NEPAL,GANDAKI PROVINCE,TANAHU,"NEPAL, GANDAKI PROVINCE, TANAHU",NPL,22363,NP-GA,NA,2023-05-01,2023-05-31,2023,4,Total,Admin2,Month,MOH-NPL-2023-Y04-01,SEARO
NEPAL,GANDAKI PROVINCE,NAWALPARASI EAST,"NEPAL, GANDAKI PROVINCE, NAWALPARASI EAST",NPL,22363,NP-GA,NA,2023-05-01,2023-05-31,2023,2,Total,Admin2,Month,MOH-NPL-2023-Y04-01,SEARO
NEPAL,GANDAKI PROVINCE,SYANGJA,"NEPAL, GANDAKI PROVINCE, SYANGJA",NPL,22363,NP-GA,NA,2023-05-01,2023-05-31,2023,0,Total,Admin2,Month,MOH-NPL-2023-Y04-01,SEARO
NEPAL,GANDAKI PROVINCE,PARBAT,"NEPAL, GANDAKI PROVINCE, PARBAT",NPL,22363,NP-GA,NA,2023-05-01,2023-05-31,2023,2,Total,Admin2,Month,MOH-NPL-2023-Y04-01,SEARO
NEPAL,GANDAKI PROVINCE,BAGLUNG,"NEPAL, GANDAKI PROVINCE, BAGLUNG",NPL,22363,NP-GA,NA,2023-05-01,2023-05-31,2023,1,Total,Admin2,Month,MOH-NPL-2023-Y04-01,SEARO
NEPAL,LUMBINI PROVINCE,RUKUM EAST,"NEPAL, LUMBINI PROVINCE, RUKUM EAST",NPL,22364,NP-LU,NA,2023-05-01,2023-05-31,2023,0,Total,Admin2,Month,MOH-NPL-2023-Y04-01,SEARO
NEPAL,LUMBINI PROVINCE,ROLPA,"NEPAL, LUMBINI PROVINCE, ROLPA",NPL,22364,NP-LU,NA,2023-05-01,2023-05-31,2023,0,Total,Admin2,Month,MOH-NPL-2023-Y04-01,SEARO
NEPAL,LUMBINI PROVINCE,PYUTHAN,"NEPAL, LUMBINI PROVINCE, PYUTHAN",NPL,22364,NP-LU,NA,2023-05-01,2023-05-31,2023,0,Total,Admin2,Month,MOH-NPL-2023-Y04-01,SEARO
NEPAL,LUMBINI PROVINCE,GULMI,"NEPAL, LUMBINI PROVINCE, GULMI",NPL,22364,NP-LU,NA,2023-05-01,2023-05-31,2023,0,Total,Admin2,Month,MOH-NPL-2023-Y04-01,SEARO
NEPAL,LUMBINI PROVINCE,ARGHAKHANCHI,"NEPAL, LUMBINI PROVINCE, ARGHAKHANCHI",NPL,22364,NP-LU,NA,2023-05-01,2023-05-31,2023,9,Total,Admin2,Month,MOH-NPL-2023-Y04-01,SEARO
NEPAL,LUMBINI PROVINCE,PALPA,"NEPAL, LUMBINI PROVINCE, PALPA",NPL,22364,NP-LU,NA,2023-05-01,2023-05-31,2023,5,Total,Admin2,Month,MOH-NPL-2023-Y04-01,SEARO
NEPAL,LUMBINI PROVINCE,NAWALPARASI WEST,"NEPAL, LUMBINI PROVINCE, NAWALPARASI WEST",NPL,22364,NP-LU,NA,2023-05-01,2023-05-31,2023,0,Total,Admin2,Month,MOH-NPL-2023-Y04-01,SEARO
NEPAL,LUMBINI PROVINCE,RUPANDEHI,"NEPAL, LUMBINI PROVINCE, RUPANDEHI",NPL,22364,NP-LU,NA,2023-05-01,2023-05-31,2023,0,Total,Admin2,Month,MOH-NPL-2023-Y04-01,SEARO
NEPAL,LUMBINI PROVINCE,KAPILBASTU,"NEPAL, LUMBINI PROVINCE, KAPILBASTU",NPL,22364,NP-LU,NA,2023-05-01,2023-05-31,2023,1,Total,Admin2,Month,MOH-NPL-2023-Y04-01,SEARO
NEPAL,LUMBINI PROVINCE,DANG,"NEPAL, LUMBINI PROVINCE, DANG",NPL,22364,NP-LU,NA,2023-05-01,2023-05-31,2023,4,Total,Admin2,Month,MOH-NPL-2023-Y04-01,SEARO
NEPAL,LUMBINI PROVINCE,BANKE,"NEPAL, LUMBINI PROVINCE, BANKE",NPL,22364,NP-LU,NA,2023-05-01,2023-05-31,2023,1,Total,Admin2,Month,MOH-NPL-2023-Y04-01,SEARO
NEPAL,LUMBINI PROVINCE,BARDIYA,"NEPAL, LUMBINI PROVINCE, BARDIYA",NPL,22364,NP-LU,NA,2023-05-01,2023-05-31,2023,2,Total,Admin2,Month,MOH-NPL-2023-Y04-01,SEARO
NEPAL,KARNALI PROVINCE,DOLPA,"NEPAL, KARNALI PROVINCE, DOLPA",NPL,22359,NP-KA,NA,2023-05-01,2023-05-31,2023,0,Total,Admin2,Month,MOH-NPL-2023-Y04-01,SEARO
NEPAL,KARNALI PROVINCE,MUGU,"NEPAL, KARNALI PROVINCE, MUGU",NPL,22359,NP-KA,NA,2023-05-01,2023-05-31,2023,0,Total,Admin2,Month,MOH-NPL-2023-Y04-01,SEARO
NEPAL,KARNALI PROVINCE,HUMLA,"NEPAL, KARNALI PROVINCE, HUMLA",NPL,22359,NP-KA,NA,2023-05-01,2023-05-31,2023,0,Total,Admin2,Month,MOH-NPL-2023-Y04-01,SEARO
NEPAL,KARNALI PROVINCE,JUMLA,"NEPAL, KARNALI PROVINCE, JUMLA",NPL,22359,NP-KA,NA,2023-05-01,2023-05-31,2023,0,Total,Admin2,Month,MOH-NPL-2023-Y04-01,SEARO
NEPAL,KARNALI PROVINCE,KALIKOT,"NEPAL, KARNALI PROVINCE, KALIKOT",NPL,22359,NP-KA,NA,2023-05-01,2023-05-31,2023,0,Total,Admin2,Month,MOH-NPL-2023-Y04-01,SEARO
NEPAL,KARNALI PROVINCE,DAILEKH,"NEPAL, KARNALI PROVINCE, DAILEKH",NPL,22359,NP-KA,NA,2023-05-01,2023-05-31,2023,0,Total,Admin2,Month,MOH-NPL-2023-Y04-01,SEARO
NEPAL,KARNALI PROVINCE,JAJARKOT,"NEPAL, KARNALI PROVINCE, JAJARKOT",NPL,22359,NP-KA,NA,2023-05-01,2023-05-31,2023,0,Total,Admin2,Month,MOH-NPL-2023-Y04-01,SEARO
NEPAL,KARNALI PROVINCE,RUKUM WEST,"NEPAL, KARNALI PROVINCE, RUKUM WEST",NPL,22359,NP-KA,NA,2023-05-01,2023-05-31,2023,1,Total,Admin2,Month,MOH-NPL-2023-Y04-01,SEARO
NEPAL,KARNALI PROVINCE,SALYAN,"NEPAL, KARNALI PROVINCE, SALYAN",NPL,22359,NP-KA,NA,2023-05-01,2023-05-31,2023,1,Total,Admin2,Month,MOH-NPL-2023-Y04-01,SEARO
NEPAL,KARNALI PROVINCE,SURKHET,"NEPAL, KARNALI PROVINCE, SURKHET",NPL,22359,NP-KA,NA,2023-05-01,2023-05-31,2023,0,Total,Admin2,Month,MOH-NPL-2023-Y04-01,SEARO
NEPAL,SUDURPASCHIM PROVINCE,BAJURA,"NEPAL, SUDURPASCHIM PROVINCE, BAJURA",NPL,22357,NP-MA,NA,2023-05-01,2023-05-31,2023,0,Total,Admin2,Month,MOH-NPL-2023-Y04-01,SEARO
NEPAL,SUDURPASCHIM PROVINCE,BAJHANG,"NEPAL, SUDURPASCHIM PROVINCE, BAJHANG",NPL,22357,NP-MA,NA,2023-05-01,2023-05-31,2023,1,Total,Admin2,Month,MOH-NPL-2023-Y04-01,SEARO
NEPAL,SUDURPASCHIM PROVINCE,DARCHULA,"NEPAL, SUDURPASCHIM PROVINCE, DARCHULA",NPL,22357,NP-MA,NA,2023-05-01,2023-05-31,2023,9,Total,Admin2,Month,MOH-NPL-2023-Y04-01,SEARO
NEPAL,SUDURPASCHIM PROVINCE,BAITADI,"NEPAL, SUDURPASCHIM PROVINCE, BAITADI",NPL,22357,NP-MA,NA,2023-05-01,2023-05-31,2023,1,Total,Admin2,Month,MOH-NPL-2023-Y04-01,SEARO
NEPAL,SUDURPASCHIM PROVINCE,DADELDHURA,"NEPAL, SUDURPASCHIM PROVINCE, DADELDHURA",NPL,22357,NP-MA,NA,2023-05-01,2023-05-31,2023,0,Total,Admin2,Month,MOH-NPL-2023-Y04-01,SEARO
NEPAL,SUDURPASCHIM PROVINCE,DOTI,"NEPAL, SUDURPASCHIM PROVINCE, DOTI",NPL,22357,NP-MA,NA,2023-05-01,2023-05-31,2023,2,Total,Admin2,Month,MOH-NPL-2023-Y04-01,SEARO
NEPAL,SUDURPASCHIM PROVINCE,ACHHAM,"NEPAL, SUDURPASCHIM PROVINCE, ACHHAM",NPL,22357,NP-MA,NA,2023-05-01,2023-05-31,2023,5,Total,Admin2,Month,MOH-NPL-2023-Y04-01,SEARO
NEPAL,SUDURPASCHIM PROVINCE,KAILALI,"NEPAL, SUDURPASCHIM PROVINCE, KAILALI",NPL,22357,NP-MA,NA,2023-05-01,2023-05-31,2023,0,Total,Admin2,Month,MOH-NPL-2023-Y04-01,SEARO
NEPAL,SUDURPASCHIM PROVINCE,KANCHANPUR,"NEPAL, SUDURPASCHIM PROVINCE, KANCHANPUR",NPL,22357,NP-MA,NA,2023-05-01,2023-05-31,2023,4,Total,Admin2,Month,MOH-NPL-2023-Y04-01,SEARO
NEPAL,NA,NA,NEPAL,NPL,175,NPL,NA,2023-06-01,2023-06-30,2023,1026,Total,Admin0,Month,WHO-ALL-2025-Y01-00,SEARO
NEPAL,KOSHI PROVINCE,TAPLEJUNG,"NEPAL, KOSHI PROVINCE, TAPLEJUNG",NPL,22354,NP-KO,NA,2023-06-01,2023-06-30,2023,1,Total,Admin2,Month,MOH-NPL-2023-Y04-01,SEARO
NEPAL,KOSHI PROVINCE,SANKHUWASABHA,"NEPAL, KOSHI PROVINCE, SANKHUWASABHA",NPL,22354,NP-KO,NA,2023-06-01,2023-06-30,2023,35,Total,Admin2,Month,MOH-NPL-2023-Y04-01,SEARO
NEPAL,KOSHI PROVINCE,SOLUKHUMBU,"NEPAL, KOSHI PROVINCE, SOLUKHUMBU",NPL,22354,NP-KO,NA,2023-06-01,2023-06-30,2023,0,Total,Admin2,Month,MOH-NPL-2023-Y04-01,SEARO
NEPAL,KOSHI PROVINCE,OKHALDHUNGA,"NEPAL, KOSHI PROVINCE, OKHALDHUNGA",NPL,22354,NP-KO,NA,2023-06-01,2023-06-30,2023,0,Total,Admin2,Month,MOH-NPL-2023-Y04-01,SEARO
NEPAL,KOSHI PROVINCE,KHOTANG,"NEPAL, KOSHI PROVINCE, KHOTANG",NPL,22354,NP-KO,NA,2023-06-01,2023-06-30,2023,2,Total,Admin2,Month,MOH-NPL-2023-Y04-01,SEARO
NEPAL,KOSHI PROVINCE,BHOJPUR,"NEPAL, KOSHI PROVINCE, BHOJPUR",NPL,22354,NP-KO,NA,2023-06-01,2023-06-30,2023,6,Total,Admin2,Month,MOH-NPL-2023-Y04-01,SEARO
NEPAL,KOSHI PROVINCE,DHANKUTA,"NEPAL, KOSHI PROVINCE, DHANKUTA",NPL,22354,NP-KO,NA,2023-06-01,2023-06-30,2023,7,Total,Admin2,Month,MOH-NPL-2023-Y04-01,SEARO
NEPAL,KOSHI PROVINCE,TERHATHUM,"NEPAL, KOSHI PROVINCE, TERHATHUM",NPL,22354,NP-KO,NA,2023-06-01,2023-06-30,2023,13,Total,Admin2,Month,MOH-NPL-2023-Y04-01,SEARO
NEPAL,KOSHI PROVINCE,PANCHTHAR,"NEPAL, KOSHI PROVINCE, PANCHTHAR",NPL,22354,NP-KO,NA,2023-06-01,2023-06-30,2023,0,Total,Admin2,Month,MOH-NPL-2023-Y04-01,SEARO
NEPAL,KOSHI PROVINCE,ILAM,"NEPAL, KOSHI PROVINCE, ILAM",NPL,22354,NP-KO,NA,2023-06-01,2023-06-30,2023,0,Total,Admin2,Month,MOH-NPL-2023-Y04-01,SEARO
NEPAL,KOSHI PROVINCE,JHAPA,"NEPAL, KOSHI PROVINCE, JHAPA",NPL,22354,NP-KO,NA,2023-06-01,2023-06-30,2023,8,Total,Admin2,Month,MOH-NPL-2023-Y04-01,SEARO
NEPAL,KOSHI PROVINCE,MORANG,"NEPAL, KOSHI PROVINCE, MORANG",NPL,22354,NP-KO,NA,2023-06-01,2023-06-30,2023,7,Total,Admin2,Month,MOH-NPL-2023-Y04-01,SEARO
NEPAL,KOSHI PROVINCE,SUNSARI,"NEPAL, KOSHI PROVINCE, SUNSARI",NPL,22354,NP-KO,NA,2023-06-01,2023-06-30,2023,667,Total,Admin2,Month,MOH-NPL-2023-Y04-01,SEARO
NEPAL,KOSHI PROVINCE,UDAYAPUR,"NEPAL, KOSHI PROVINCE, UDAYAPUR",NPL,22354,NP-KO,NA,2023-06-01,2023-06-30,2023,6,Total,Admin2,Month,MOH-NPL-2023-Y04-01,SEARO
NEPAL,MADHESH PROVINCE,SAPTARI,"NEPAL, MADHESH PROVINCE, SAPTARI",NPL,22352,NP-JA,NA,2023-06-01,2023-06-30,2023,5,Total,Admin2,Month,MOH-NPL-2023-Y04-01,SEARO
NEPAL,MADHESH PROVINCE,SIRAHA,"NEPAL, MADHESH PROVINCE, SIRAHA",NPL,22352,NP-JA,NA,2023-06-01,2023-06-30,2023,1,Total,Admin2,Month,MOH-NPL-2023-Y04-01,SEARO
NEPAL,MADHESH PROVINCE,DHANUSA,"NEPAL, MADHESH PROVINCE, DHANUSA",NPL,22352,NP-JA,NA,2023-06-01,2023-06-30,2023,0,Total,Admin2,Month,MOH-NPL-2023-Y04-01,SEARO
NEPAL,MADHESH PROVINCE,MAHOTTARI,"NEPAL, MADHESH PROVINCE, MAHOTTARI",NPL,22352,NP-JA,NA,2023-06-01,2023-06-30,2023,0,Total,Admin2,Month,MOH-NPL-2023-Y04-01,SEARO
NEPAL,MADHESH PROVINCE,SARLAHI,"NEPAL, MADHESH PROVINCE, SARLAHI",NPL,22352,NP-JA,NA,2023-06-01,2023-06-30,2023,1,Total,Admin2,Month,MOH-NPL-2023-Y04-01,SEARO
NEPAL,MADHESH PROVINCE,RAUTAHAT,"NEPAL, MADHESH PROVINCE, RAUTAHAT",NPL,22352,NP-JA,NA,2023-06-01,2023-06-30,2023,0,Total,Admin2,Month,MOH-NPL-2023-Y04-01,SEARO
NEPAL,MADHESH PROVINCE,BARA,"NEPAL, MADHESH PROVINCE, BARA",NPL,22352,NP-JA,NA,2023-06-01,2023-06-30,2023,0,Total,Admin2,Month,MOH-NPL-2023-Y04-01,SEARO
NEPAL,MADHESH PROVINCE,PARSA,"NEPAL, MADHESH PROVINCE, PARSA",NPL,22352,NP-JA,NA,2023-06-01,2023-06-30,2023,1,Total,Admin2,Month,MOH-NPL-2023-Y04-01,SEARO
NEPAL,BAGMATI PROVINCE,DOLAKHA,"NEPAL, BAGMATI PROVINCE, DOLAKHA",NPL,22351,NP-BA,NA,2023-06-01,2023-06-30,2023,0,Total,Admin2,Month,MOH-NPL-2023-Y04-01,SEARO
NEPAL,BAGMATI PROVINCE,SINDHUPALCHOK,"NEPAL, BAGMATI PROVINCE, SINDHUPALCHOK",NPL,22351,NP-BA,NA,2023-06-01,2023-06-30,2023,1,Total,Admin2,Month,MOH-NPL-2023-Y04-01,SEARO
NEPAL,BAGMATI PROVINCE,RASUWA,"NEPAL, BAGMATI PROVINCE, RASUWA",NPL,22351,NP-BA,NA,2023-06-01,2023-06-30,2023,2,Total,Admin2,Month,MOH-NPL-2023-Y04-01,SEARO
NEPAL,BAGMATI PROVINCE,DHADING,"NEPAL, BAGMATI PROVINCE, DHADING",NPL,22351,NP-BA,NA,2023-06-01,2023-06-30,2023,78,Total,Admin2,Month,MOH-NPL-2023-Y04-01,SEARO
NEPAL,BAGMATI PROVINCE,NUWAKOT,"NEPAL, BAGMATI PROVINCE, NUWAKOT",NPL,22351,NP-BA,NA,2023-06-01,2023-06-30,2023,15,Total,Admin2,Month,MOH-NPL-2023-Y04-01,SEARO
NEPAL,BAGMATI PROVINCE,KATHMANDU,"NEPAL, BAGMATI PROVINCE, KATHMANDU",NPL,22351,NP-BA,NA,2023-06-01,2023-06-30,2023,11,Total,Admin2,Month,MOH-NPL-2023-Y04-01,SEARO
NEPAL,BAGMATI PROVINCE,BHAKTAPUR,"NEPAL, BAGMATI PROVINCE, BHAKTAPUR",NPL,22351,NP-BA,NA,2023-06-01,2023-06-30,2023,3,Total,Admin2,Month,MOH-NPL-2023-Y04-01,SEARO
NEPAL,BAGMATI PROVINCE,LALITPUR,"NEPAL, BAGMATI PROVINCE, LALITPUR",NPL,22351,NP-BA,NA,2023-06-01,2023-06-30,2023,8,Total,Admin2,Month,MOH-NPL-2023-Y04-01,SEARO
NEPAL,BAGMATI PROVINCE,KAVREPALANCHOK,"NEPAL, BAGMATI PROVINCE, KAVREPALANCHOK",NPL,22351,NP-BA,NA,2023-06-01,2023-06-30,2023,1,Total,Admin2,Month,MOH-NPL-2023-Y04-01,SEARO
NEPAL,BAGMATI PROVINCE,RAMECHHAP,"NEPAL, BAGMATI PROVINCE, RAMECHHAP",NPL,22351,NP-BA,NA,2023-06-01,2023-06-30,2023,1,Total,Admin2,Month,MOH-NPL-2023-Y04-01,SEARO
NEPAL,BAGMATI PROVINCE,SINDHULI,"NEPAL, BAGMATI PROVINCE, SINDHULI",NPL,22351,NP-BA,NA,2023-06-01,2023-06-30,2023,2,Total,Admin2,Month,MOH-NPL-2023-Y04-01,SEARO
NEPAL,BAGMATI PROVINCE,MAKWANPUR,"NEPAL, BAGMATI PROVINCE, MAKWANPUR",NPL,22351,NP-BA,NA,2023-06-01,2023-06-30,2023,3,Total,Admin2,Month,MOH-NPL-2023-Y04-01,SEARO
NEPAL,BAGMATI PROVINCE,CHITAWAN,"NEPAL, BAGMATI PROVINCE, CHITAWAN",NPL,22351,NP-BA,NA,2023-06-01,2023-06-30,2023,5,Total,Admin2,Month,MOH-NPL-2023-Y04-01,SEARO
NEPAL,GANDAKI PROVINCE,GORKHA,"NEPAL, GANDAKI PROVINCE, GORKHA",NPL,22363,NP-GA,NA,2023-06-01,2023-06-30,2023,1,Total,Admin2,Month,MOH-NPL-2023-Y04-01,SEARO
NEPAL,GANDAKI PROVINCE,MANANG,"NEPAL, GANDAKI PROVINCE, MANANG",NPL,22363,NP-GA,NA,2023-06-01,2023-06-30,2023,0,Total,Admin2,Month,MOH-NPL-2023-Y04-01,SEARO
NEPAL,GANDAKI PROVINCE,MUSTANG,"NEPAL, GANDAKI PROVINCE, MUSTANG",NPL,22363,NP-GA,NA,2023-06-01,2023-06-30,2023,0,Total,Admin2,Month,MOH-NPL-2023-Y04-01,SEARO
NEPAL,GANDAKI PROVINCE,MYAGDI,"NEPAL, GANDAKI PROVINCE, MYAGDI",NPL,22363,NP-GA,NA,2023-06-01,2023-06-30,2023,4,Total,Admin2,Month,MOH-NPL-2023-Y04-01,SEARO
NEPAL,GANDAKI PROVINCE,KASKI,"NEPAL, GANDAKI PROVINCE, KASKI",NPL,22363,NP-GA,NA,2023-06-01,2023-06-30,2023,42,Total,Admin2,Month,MOH-NPL-2023-Y04-01,SEARO
NEPAL,GANDAKI PROVINCE,LAMJUNG,"NEPAL, GANDAKI PROVINCE, LAMJUNG",NPL,22363,NP-GA,NA,2023-06-01,2023-06-30,2023,2,Total,Admin2,Month,MOH-NPL-2023-Y04-01,SEARO
NEPAL,GANDAKI PROVINCE,TANAHU,"NEPAL, GANDAKI PROVINCE, TANAHU",NPL,22363,NP-GA,NA,2023-06-01,2023-06-30,2023,7,Total,Admin2,Month,MOH-NPL-2023-Y04-01,SEARO
NEPAL,GANDAKI PROVINCE,NAWALPARASI EAST,"NEPAL, GANDAKI PROVINCE, NAWALPARASI EAST",NPL,22363,NP-GA,NA,2023-06-01,2023-06-30,2023,4,Total,Admin2,Month,MOH-NPL-2023-Y04-01,SEARO
NEPAL,GANDAKI PROVINCE,SYANGJA,"NEPAL, GANDAKI PROVINCE, SYANGJA",NPL,22363,NP-GA,NA,2023-06-01,2023-06-30,2023,2,Total,Admin2,Month,MOH-NPL-2023-Y04-01,SEARO
NEPAL,GANDAKI PROVINCE,PARBAT,"NEPAL, GANDAKI PROVINCE, PARBAT",NPL,22363,NP-GA,NA,2023-06-01,2023-06-30,2023,1,Total,Admin2,Month,MOH-NPL-2023-Y04-01,SEARO
NEPAL,GANDAKI PROVINCE,BAGLUNG,"NEPAL, GANDAKI PROVINCE, BAGLUNG",NPL,22363,NP-GA,NA,2023-06-01,2023-06-30,2023,1,Total,Admin2,Month,MOH-NPL-2023-Y04-01,SEARO
NEPAL,LUMBINI PROVINCE,RUKUM EAST,"NEPAL, LUMBINI PROVINCE, RUKUM EAST",NPL,22364,NP-LU,NA,2023-06-01,2023-06-30,2023,1,Total,Admin2,Month,MOH-NPL-2023-Y04-01,SEARO
NEPAL,LUMBINI PROVINCE,ROLPA,"NEPAL, LUMBINI PROVINCE, ROLPA",NPL,22364,NP-LU,NA,2023-06-01,2023-06-30,2023,0,Total,Admin2,Month,MOH-NPL-2023-Y04-01,SEARO
NEPAL,LUMBINI PROVINCE,PYUTHAN,"NEPAL, LUMBINI PROVINCE, PYUTHAN",NPL,22364,NP-LU,NA,2023-06-01,2023-06-30,2023,0,Total,Admin2,Month,MOH-NPL-2023-Y04-01,SEARO
NEPAL,LUMBINI PROVINCE,GULMI,"NEPAL, LUMBINI PROVINCE, GULMI",NPL,22364,NP-LU,NA,2023-06-01,2023-06-30,2023,0,Total,Admin2,Month,MOH-NPL-2023-Y04-01,SEARO
NEPAL,LUMBINI PROVINCE,ARGHAKHANCHI,"NEPAL, LUMBINI PROVINCE, ARGHAKHANCHI",NPL,22364,NP-LU,NA,2023-06-01,2023-06-30,2023,2,Total,Admin2,Month,MOH-NPL-2023-Y04-01,SEARO
NEPAL,LUMBINI PROVINCE,PALPA,"NEPAL, LUMBINI PROVINCE, PALPA",NPL,22364,NP-LU,NA,2023-06-01,2023-06-30,2023,10,Total,Admin2,Month,MOH-NPL-2023-Y04-01,SEARO
NEPAL,LUMBINI PROVINCE,NAWALPARASI WEST,"NEPAL, LUMBINI PROVINCE, NAWALPARASI WEST",NPL,22364,NP-LU,NA,2023-06-01,2023-06-30,2023,0,Total,Admin2,Month,MOH-NPL-2023-Y04-01,SEARO
NEPAL,LUMBINI PROVINCE,RUPANDEHI,"NEPAL, LUMBINI PROVINCE, RUPANDEHI",NPL,22364,NP-LU,NA,2023-06-01,2023-06-30,2023,6,Total,Admin2,Month,MOH-NPL-2023-Y04-01,SEARO
NEPAL,LUMBINI PROVINCE,KAPILBASTU,"NEPAL, LUMBINI PROVINCE, KAPILBASTU",NPL,22364,NP-LU,NA,2023-06-01,2023-06-30,2023,1,Total,Admin2,Month,MOH-NPL-2023-Y04-01,SEARO
NEPAL,LUMBINI PROVINCE,DANG,"NEPAL, LUMBINI PROVINCE, DANG",NPL,22364,NP-LU,NA,2023-06-01,2023-06-30,2023,7,Total,Admin2,Month,MOH-NPL-2023-Y04-01,SEARO
NEPAL,LUMBINI PROVINCE,BANKE,"NEPAL, LUMBINI PROVINCE, BANKE",NPL,22364,NP-LU,NA,2023-06-01,2023-06-30,2023,8,Total,Admin2,Month,MOH-NPL-2023-Y04-01,SEARO
NEPAL,LUMBINI PROVINCE,BARDIYA,"NEPAL, LUMBINI PROVINCE, BARDIYA",NPL,22364,NP-LU,NA,2023-06-01,2023-06-30,2023,2,Total,Admin2,Month,MOH-NPL-2023-Y04-01,SEARO
NEPAL,KARNALI PROVINCE,DOLPA,"NEPAL, KARNALI PROVINCE, DOLPA",NPL,22359,NP-KA,NA,2023-06-01,2023-06-30,2023,3,Total,Admin2,Month,MOH-NPL-2023-Y04-01,SEARO
NEPAL,KARNALI PROVINCE,MUGU,"NEPAL, KARNALI PROVINCE, MUGU",NPL,22359,NP-KA,NA,2023-06-01,2023-06-30,2023,0,Total,Admin2,Month,MOH-NPL-2023-Y04-01,SEARO
NEPAL,KARNALI PROVINCE,HUMLA,"NEPAL, KARNALI PROVINCE, HUMLA",NPL,22359,NP-KA,NA,2023-06-01,2023-06-30,2023,0,Total,Admin2,Month,MOH-NPL-2023-Y04-01,SEARO
NEPAL,KARNALI PROVINCE,JUMLA,"NEPAL, KARNALI PROVINCE, JUMLA",NPL,22359,NP-KA,NA,2023-06-01,2023-06-30,2023,0,Total,Admin2,Month,MOH-NPL-2023-Y04-01,SEARO
NEPAL,KARNALI PROVINCE,KALIKOT,"NEPAL, KARNALI PROVINCE, KALIKOT",NPL,22359,NP-KA,NA,2023-06-01,2023-06-30,2023,0,Total,Admin2,Month,MOH-NPL-2023-Y04-01,SEARO
NEPAL,KARNALI PROVINCE,DAILEKH,"NEPAL, KARNALI PROVINCE, DAILEKH",NPL,22359,NP-KA,NA,2023-06-01,2023-06-30,2023,1,Total,Admin2,Month,MOH-NPL-2023-Y04-01,SEARO
NEPAL,KARNALI PROVINCE,JAJARKOT,"NEPAL, KARNALI PROVINCE, JAJARKOT",NPL,22359,NP-KA,NA,2023-06-01,2023-06-30,2023,0,Total,Admin2,Month,MOH-NPL-2023-Y04-01,SEARO
NEPAL,KARNALI PROVINCE,RUKUM WEST,"NEPAL, KARNALI PROVINCE, RUKUM WEST",NPL,22359,NP-KA,NA,2023-06-01,2023-06-30,2023,0,Total,Admin2,Month,MOH-NPL-2023-Y04-01,SEARO
NEPAL,KARNALI PROVINCE,SALYAN,"NEPAL, KARNALI PROVINCE, SALYAN",NPL,22359,NP-KA,NA,2023-06-01,2023-06-30,2023,0,Total,Admin2,Month,MOH-NPL-2023-Y04-01,SEARO
NEPAL,KARNALI PROVINCE,SURKHET,"NEPAL, KARNALI PROVINCE, SURKHET",NPL,22359,NP-KA,NA,2023-06-01,2023-06-30,2023,1,Total,Admin2,Month,MOH-NPL-2023-Y04-01,SEARO
NEPAL,SUDURPASCHIM PROVINCE,BAJURA,"NEPAL, SUDURPASCHIM PROVINCE, BAJURA",NPL,22357,NP-MA,NA,2023-06-01,2023-06-30,2023,2,Total,Admin2,Month,MOH-NPL-2023-Y04-01,SEARO
NEPAL,SUDURPASCHIM PROVINCE,BAJHANG,"NEPAL, SUDURPASCHIM PROVINCE, BAJHANG",NPL,22357,NP-MA,NA,2023-06-01,2023-06-30,2023,4,Total,Admin2,Month,MOH-NPL-2023-Y04-01,SEARO
NEPAL,SUDURPASCHIM PROVINCE,DARCHULA,"NEPAL, SUDURPASCHIM PROVINCE, DARCHULA",NPL,22357,NP-MA,NA,2023-06-01,2023-06-30,2023,5,Total,Admin2,Month,MOH-NPL-2023-Y04-01,SEARO
NEPAL,SUDURPASCHIM PROVINCE,BAITADI,"NEPAL, SUDURPASCHIM PROVINCE, BAITADI",NPL,22357,NP-MA,NA,2023-06-01,2023-06-30,2023,0,Total,Admin2,Month,MOH-NPL-2023-Y04-01,SEARO
NEPAL,SUDURPASCHIM PROVINCE,DADELDHURA,"NEPAL, SUDURPASCHIM PROVINCE, DADELDHURA",NPL,22357,NP-MA,NA,2023-06-01,2023-06-30,2023,2,Total,Admin2,Month,MOH-NPL-2023-Y04-01,SEARO
NEPAL,SUDURPASCHIM PROVINCE,DOTI,"NEPAL, SUDURPASCHIM PROVINCE, DOTI",NPL,22357,NP-MA,NA,2023-06-01,2023-06-30,2023,0,Total,Admin2,Month,MOH-NPL-2023-Y04-01,SEARO
NEPAL,SUDURPASCHIM PROVINCE,ACHHAM,"NEPAL, SUDURPASCHIM PROVINCE, ACHHAM",NPL,22357,NP-MA,NA,2023-06-01,2023-06-30,2023,4,Total,Admin2,Month,MOH-NPL-2023-Y04-01,SEARO
NEPAL,SUDURPASCHIM PROVINCE,KAILALI,"NEPAL, SUDURPASCHIM PROVINCE, KAILALI",NPL,22357,NP-MA,NA,2023-06-01,2023-06-30,2023,8,Total,Admin2,Month,MOH-NPL-2023-Y04-01,SEARO
NEPAL,SUDURPASCHIM PROVINCE,KANCHANPUR,"NEPAL, SUDURPASCHIM PROVINCE, KANCHANPUR",NPL,22357,NP-MA,NA,2023-06-01,2023-06-30,2023,5,Total,Admin2,Month,MOH-NPL-2023-Y04-01,SEARO
NEPAL,NA,NA,NEPAL,NPL,175,NPL,NA,2023-07-01,2023-07-31,2023,6459,Total,Admin0,Month,WHO-ALL-2025-Y01-00,SEARO
NEPAL,KOSHI PROVINCE,TAPLEJUNG,"NEPAL, KOSHI PROVINCE, TAPLEJUNG",NPL,22354,NP-KO,NA,2023-07-01,2023-07-31,2023,10,Total,Admin2,Month,MOH-NPL-2023-Y04-01,SEARO
NEPAL,KOSHI PROVINCE,SANKHUWASABHA,"NEPAL, KOSHI PROVINCE, SANKHUWASABHA",NPL,22354,NP-KO,NA,2023-07-01,2023-07-31,2023,63,Total,Admin2,Month,MOH-NPL-2023-Y04-01,SEARO
NEPAL,KOSHI PROVINCE,SOLUKHUMBU,"NEPAL, KOSHI PROVINCE, SOLUKHUMBU",NPL,22354,NP-KO,NA,2023-07-01,2023-07-31,2023,1,Total,Admin2,Month,MOH-NPL-2023-Y04-01,SEARO
NEPAL,KOSHI PROVINCE,OKHALDHUNGA,"NEPAL, KOSHI PROVINCE, OKHALDHUNGA",NPL,22354,NP-KO,NA,2023-07-01,2023-07-31,2023,2,Total,Admin2,Month,MOH-NPL-2023-Y04-01,SEARO
NEPAL,KOSHI PROVINCE,KHOTANG,"NEPAL, KOSHI PROVINCE, KHOTANG",NPL,22354,NP-KO,NA,2023-07-01,2023-07-31,2023,7,Total,Admin2,Month,MOH-NPL-2023-Y04-01,SEARO
NEPAL,KOSHI PROVINCE,BHOJPUR,"NEPAL, KOSHI PROVINCE, BHOJPUR",NPL,22354,NP-KO,NA,2023-07-01,2023-07-31,2023,41,Total,Admin2,Month,MOH-NPL-2023-Y04-01,SEARO
NEPAL,KOSHI PROVINCE,DHANKUTA,"NEPAL, KOSHI PROVINCE, DHANKUTA",NPL,22354,NP-KO,NA,2023-07-01,2023-07-31,2023,144,Total,Admin2,Month,MOH-NPL-2023-Y04-01,SEARO
NEPAL,KOSHI PROVINCE,TERHATHUM,"NEPAL, KOSHI PROVINCE, TERHATHUM",NPL,22354,NP-KO,NA,2023-07-01,2023-07-31,2023,42,Total,Admin2,Month,MOH-NPL-2023-Y04-01,SEARO
NEPAL,KOSHI PROVINCE,PANCHTHAR,"NEPAL, KOSHI PROVINCE, PANCHTHAR",NPL,22354,NP-KO,NA,2023-07-01,2023-07-31,2023,4,Total,Admin2,Month,MOH-NPL-2023-Y04-01,SEARO
NEPAL,KOSHI PROVINCE,ILAM,"NEPAL, KOSHI PROVINCE, ILAM",NPL,22354,NP-KO,NA,2023-07-01,2023-07-31,2023,10,Total,Admin2,Month,MOH-NPL-2023-Y04-01,SEARO
NEPAL,KOSHI PROVINCE,JHAPA,"NEPAL, KOSHI PROVINCE, JHAPA",NPL,22354,NP-KO,NA,2023-07-01,2023-07-31,2023,453,Total,Admin2,Month,MOH-NPL-2023-Y04-01,SEARO
NEPAL,KOSHI PROVINCE,MORANG,"NEPAL, KOSHI PROVINCE, MORANG",NPL,22354,NP-KO,NA,2023-07-01,2023-07-31,2023,739,Total,Admin2,Month,MOH-NPL-2023-Y04-01,SEARO
NEPAL,KOSHI PROVINCE,SUNSARI,"NEPAL, KOSHI PROVINCE, SUNSARI",NPL,22354,NP-KO,NA,2023-07-01,2023-07-31,2023,3731,Total,Admin2,Month,MOH-NPL-2023-Y04-01,SEARO
NEPAL,KOSHI PROVINCE,UDAYAPUR,"NEPAL, KOSHI PROVINCE, UDAYAPUR",NPL,22354,NP-KO,NA,2023-07-01,2023-07-31,2023,81,Total,Admin2,Month,MOH-NPL-2023-Y04-01,SEARO
NEPAL,MADHESH PROVINCE,SAPTARI,"NEPAL, MADHESH PROVINCE, SAPTARI",NPL,22352,NP-JA,NA,2023-07-01,2023-07-31,2023,20,Total,Admin2,Month,MOH-NPL-2023-Y04-01,SEARO
NEPAL,MADHESH PROVINCE,SIRAHA,"NEPAL, MADHESH PROVINCE, SIRAHA",NPL,22352,NP-JA,NA,2023-07-01,2023-07-31,2023,5,Total,Admin2,Month,MOH-NPL-2023-Y04-01,SEARO
NEPAL,MADHESH PROVINCE,DHANUSA,"NEPAL, MADHESH PROVINCE, DHANUSA",NPL,22352,NP-JA,NA,2023-07-01,2023-07-31,2023,0,Total,Admin2,Month,MOH-NPL-2023-Y04-01,SEARO
NEPAL,MADHESH PROVINCE,MAHOTTARI,"NEPAL, MADHESH PROVINCE, MAHOTTARI",NPL,22352,NP-JA,NA,2023-07-01,2023-07-31,2023,5,Total,Admin2,Month,MOH-NPL-2023-Y04-01,SEARO
NEPAL,MADHESH PROVINCE,SARLAHI,"NEPAL, MADHESH PROVINCE, SARLAHI",NPL,22352,NP-JA,NA,2023-07-01,2023-07-31,2023,0,Total,Admin2,Month,MOH-NPL-2023-Y04-01,SEARO
NEPAL,MADHESH PROVINCE,RAUTAHAT,"NEPAL, MADHESH PROVINCE, RAUTAHAT",NPL,22352,NP-JA,NA,2023-07-01,2023-07-31,2023,2,Total,Admin2,Month,MOH-NPL-2023-Y04-01,SEARO
NEPAL,MADHESH PROVINCE,BARA,"NEPAL, MADHESH PROVINCE, BARA",NPL,22352,NP-JA,NA,2023-07-01,2023-07-31,2023,4,Total,Admin2,Month,MOH-NPL-2023-Y04-01,SEARO
NEPAL,MADHESH PROVINCE,PARSA,"NEPAL, MADHESH PROVINCE, PARSA",NPL,22352,NP-JA,NA,2023-07-01,2023-07-31,2023,4,Total,Admin2,Month,MOH-NPL-2023-Y04-01,SEARO
NEPAL,BAGMATI PROVINCE,DOLAKHA,"NEPAL, BAGMATI PROVINCE, DOLAKHA",NPL,22351,NP-BA,NA,2023-07-01,2023-07-31,2023,0,Total,Admin2,Month,MOH-NPL-2023-Y04-01,SEARO
NEPAL,BAGMATI PROVINCE,SINDHUPALCHOK,"NEPAL, BAGMATI PROVINCE, SINDHUPALCHOK",NPL,22351,NP-BA,NA,2023-07-01,2023-07-31,2023,5,Total,Admin2,Month,MOH-NPL-2023-Y04-01,SEARO
NEPAL,BAGMATI PROVINCE,RASUWA,"NEPAL, BAGMATI PROVINCE, RASUWA",NPL,22351,NP-BA,NA,2023-07-01,2023-07-31,2023,4,Total,Admin2,Month,MOH-NPL-2023-Y04-01,SEARO
NEPAL,BAGMATI PROVINCE,DHADING,"NEPAL, BAGMATI PROVINCE, DHADING",NPL,22351,NP-BA,NA,2023-07-01,2023-07-31,2023,510,Total,Admin2,Month,MOH-NPL-2023-Y04-01,SEARO
NEPAL,BAGMATI PROVINCE,NUWAKOT,"NEPAL, BAGMATI PROVINCE, NUWAKOT",NPL,22351,NP-BA,NA,2023-07-01,2023-07-31,2023,27,Total,Admin2,Month,MOH-NPL-2023-Y04-01,SEARO
NEPAL,BAGMATI PROVINCE,KATHMANDU,"NEPAL, BAGMATI PROVINCE, KATHMANDU",NPL,22351,NP-BA,NA,2023-07-01,2023-07-31,2023,64,Total,Admin2,Month,MOH-NPL-2023-Y04-01,SEARO
NEPAL,BAGMATI PROVINCE,BHAKTAPUR,"NEPAL, BAGMATI PROVINCE, BHAKTAPUR",NPL,22351,NP-BA,NA,2023-07-01,2023-07-31,2023,35,Total,Admin2,Month,MOH-NPL-2023-Y04-01,SEARO
NEPAL,BAGMATI PROVINCE,LALITPUR,"NEPAL, BAGMATI PROVINCE, LALITPUR",NPL,22351,NP-BA,NA,2023-07-01,2023-07-31,2023,75,Total,Admin2,Month,MOH-NPL-2023-Y04-01,SEARO
NEPAL,BAGMATI PROVINCE,KAVREPALANCHOK,"NEPAL, BAGMATI PROVINCE, KAVREPALANCHOK",NPL,22351,NP-BA,NA,2023-07-01,2023-07-31,2023,8,Total,Admin2,Month,MOH-NPL-2023-Y04-01,SEARO
NEPAL,BAGMATI PROVINCE,RAMECHHAP,"NEPAL, BAGMATI PROVINCE, RAMECHHAP",NPL,22351,NP-BA,NA,2023-07-01,2023-07-31,2023,5,Total,Admin2,Month,MOH-NPL-2023-Y04-01,SEARO
NEPAL,BAGMATI PROVINCE,SINDHULI,"NEPAL, BAGMATI PROVINCE, SINDHULI",NPL,22351,NP-BA,NA,2023-07-01,2023-07-31,2023,6,Total,Admin2,Month,MOH-NPL-2023-Y04-01,SEARO
NEPAL,BAGMATI PROVINCE,MAKWANPUR,"NEPAL, BAGMATI PROVINCE, MAKWANPUR",NPL,22351,NP-BA,NA,2023-07-01,2023-07-31,2023,7,Total,Admin2,Month,MOH-NPL-2023-Y04-01,SEARO
NEPAL,BAGMATI PROVINCE,CHITAWAN,"NEPAL, BAGMATI PROVINCE, CHITAWAN",NPL,22351,NP-BA,NA,2023-07-01,2023-07-31,2023,25,Total,Admin2,Month,MOH-NPL-2023-Y04-01,SEARO
NEPAL,GANDAKI PROVINCE,GORKHA,"NEPAL, GANDAKI PROVINCE, GORKHA",NPL,22363,NP-GA,NA,2023-07-01,2023-07-31,2023,1,Total,Admin2,Month,MOH-NPL-2023-Y04-01,SEARO
NEPAL,GANDAKI PROVINCE,MANANG,"NEPAL, GANDAKI PROVINCE, MANANG",NPL,22363,NP-GA,NA,2023-07-01,2023-07-31,2023,0,Total,Admin2,Month,MOH-NPL-2023-Y04-01,SEARO
NEPAL,GANDAKI PROVINCE,MUSTANG,"NEPAL, GANDAKI PROVINCE, MUSTANG",NPL,22363,NP-GA,NA,2023-07-01,2023-07-31,2023,0,Total,Admin2,Month,MOH-NPL-2023-Y04-01,SEARO
NEPAL,GANDAKI PROVINCE,MYAGDI,"NEPAL, GANDAKI PROVINCE, MYAGDI",NPL,22363,NP-GA,NA,2023-07-01,2023-07-31,2023,27,Total,Admin2,Month,MOH-NPL-2023-Y04-01,SEARO
NEPAL,GANDAKI PROVINCE,KASKI,"NEPAL, GANDAKI PROVINCE, KASKI",NPL,22363,NP-GA,NA,2023-07-01,2023-07-31,2023,101,Total,Admin2,Month,MOH-NPL-2023-Y04-01,SEARO
NEPAL,GANDAKI PROVINCE,LAMJUNG,"NEPAL, GANDAKI PROVINCE, LAMJUNG",NPL,22363,NP-GA,NA,2023-07-01,2023-07-31,2023,3,Total,Admin2,Month,MOH-NPL-2023-Y04-01,SEARO
NEPAL,GANDAKI PROVINCE,TANAHU,"NEPAL, GANDAKI PROVINCE, TANAHU",NPL,22363,NP-GA,NA,2023-07-01,2023-07-31,2023,3,Total,Admin2,Month,MOH-NPL-2023-Y04-01,SEARO
NEPAL,GANDAKI PROVINCE,NAWALPARASI EAST,"NEPAL, GANDAKI PROVINCE, NAWALPARASI EAST",NPL,22363,NP-GA,NA,2023-07-01,2023-07-31,2023,0,Total,Admin2,Month,MOH-NPL-2023-Y04-01,SEARO
NEPAL,GANDAKI PROVINCE,SYANGJA,"NEPAL, GANDAKI PROVINCE, SYANGJA",NPL,22363,NP-GA,NA,2023-07-01,2023-07-31,2023,0,Total,Admin2,Month,MOH-NPL-2023-Y04-01,SEARO
NEPAL,GANDAKI PROVINCE,PARBAT,"NEPAL, GANDAKI PROVINCE, PARBAT",NPL,22363,NP-GA,NA,2023-07-01,2023-07-31,2023,1,Total,Admin2,Month,MOH-NPL-2023-Y04-01,SEARO
NEPAL,GANDAKI PROVINCE,BAGLUNG,"NEPAL, GANDAKI PROVINCE, BAGLUNG",NPL,22363,NP-GA,NA,2023-07-01,2023-07-31,2023,0,Total,Admin2,Month,MOH-NPL-2023-Y04-01,SEARO
NEPAL,LUMBINI PROVINCE,RUKUM EAST,"NEPAL, LUMBINI PROVINCE, RUKUM EAST",NPL,22364,NP-LU,NA,2023-07-01,2023-07-31,2023,0,Total,Admin2,Month,MOH-NPL-2023-Y04-01,SEARO
NEPAL,LUMBINI PROVINCE,ROLPA,"NEPAL, LUMBINI PROVINCE, ROLPA",NPL,22364,NP-LU,NA,2023-07-01,2023-07-31,2023,1,Total,Admin2,Month,MOH-NPL-2023-Y04-01,SEARO
NEPAL,LUMBINI PROVINCE,PYUTHAN,"NEPAL, LUMBINI PROVINCE, PYUTHAN",NPL,22364,NP-LU,NA,2023-07-01,2023-07-31,2023,0,Total,Admin2,Month,MOH-NPL-2023-Y04-01,SEARO
NEPAL,LUMBINI PROVINCE,GULMI,"NEPAL, LUMBINI PROVINCE, GULMI",NPL,22364,NP-LU,NA,2023-07-01,2023-07-31,2023,3,Total,Admin2,Month,MOH-NPL-2023-Y04-01,SEARO
NEPAL,LUMBINI PROVINCE,ARGHAKHANCHI,"NEPAL, LUMBINI PROVINCE, ARGHAKHANCHI",NPL,22364,NP-LU,NA,2023-07-01,2023-07-31,2023,9,Total,Admin2,Month,MOH-NPL-2023-Y04-01,SEARO
NEPAL,LUMBINI PROVINCE,PALPA,"NEPAL, LUMBINI PROVINCE, PALPA",NPL,22364,NP-LU,NA,2023-07-01,2023-07-31,2023,16,Total,Admin2,Month,MOH-NPL-2023-Y04-01,SEARO
NEPAL,LUMBINI PROVINCE,NAWALPARASI WEST,"NEPAL, LUMBINI PROVINCE, NAWALPARASI WEST",NPL,22364,NP-LU,NA,2023-07-01,2023-07-31,2023,1,Total,Admin2,Month,MOH-NPL-2023-Y04-01,SEARO
NEPAL,LUMBINI PROVINCE,RUPANDEHI,"NEPAL, LUMBINI PROVINCE, RUPANDEHI",NPL,22364,NP-LU,NA,2023-07-01,2023-07-31,2023,19,Total,Admin2,Month,MOH-NPL-2023-Y04-01,SEARO
NEPAL,LUMBINI PROVINCE,KAPILBASTU,"NEPAL, LUMBINI PROVINCE, KAPILBASTU",NPL,22364,NP-LU,NA,2023-07-01,2023-07-31,2023,2,Total,Admin2,Month,MOH-NPL-2023-Y04-01,SEARO
NEPAL,LUMBINI PROVINCE,DANG,"NEPAL, LUMBINI PROVINCE, DANG",NPL,22364,NP-LU,NA,2023-07-01,2023-07-31,2023,12,Total,Admin2,Month,MOH-NPL-2023-Y04-01,SEARO
NEPAL,LUMBINI PROVINCE,BANKE,"NEPAL, LUMBINI PROVINCE, BANKE",NPL,22364,NP-LU,NA,2023-07-01,2023-07-31,2023,10,Total,Admin2,Month,MOH-NPL-2023-Y04-01,SEARO
NEPAL,LUMBINI PROVINCE,BARDIYA,"NEPAL, LUMBINI PROVINCE, BARDIYA",NPL,22364,NP-LU,NA,2023-07-01,2023-07-31,2023,4,Total,Admin2,Month,MOH-NPL-2023-Y04-01,SEARO
NEPAL,KARNALI PROVINCE,DOLPA,"NEPAL, KARNALI PROVINCE, DOLPA",NPL,22359,NP-KA,NA,2023-07-01,2023-07-31,2023,2,Total,Admin2,Month,MOH-NPL-2023-Y04-01,SEARO
NEPAL,KARNALI PROVINCE,MUGU,"NEPAL, KARNALI PROVINCE, MUGU",NPL,22359,NP-KA,NA,2023-07-01,2023-07-31,2023,0,Total,Admin2,Month,MOH-NPL-2023-Y04-01,SEARO
NEPAL,KARNALI PROVINCE,HUMLA,"NEPAL, KARNALI PROVINCE, HUMLA",NPL,22359,NP-KA,NA,2023-07-01,2023-07-31,2023,0,Total,Admin2,Month,MOH-NPL-2023-Y04-01,SEARO
NEPAL,KARNALI PROVINCE,JUMLA,"NEPAL, KARNALI PROVINCE, JUMLA",NPL,22359,NP-KA,NA,2023-07-01,2023-07-31,2023,2,Total,Admin2,Month,MOH-NPL-2023-Y04-01,SEARO
NEPAL,KARNALI PROVINCE,KALIKOT,"NEPAL, KARNALI PROVINCE, KALIKOT",NPL,22359,NP-KA,NA,2023-07-01,2023-07-31,2023,2,Total,Admin2,Month,MOH-NPL-2023-Y04-01,SEARO
NEPAL,KARNALI PROVINCE,DAILEKH,"NEPAL, KARNALI PROVINCE, DAILEKH",NPL,22359,NP-KA,NA,2023-07-01,2023-07-31,2023,2,Total,Admin2,Month,MOH-NPL-2023-Y04-01,SEARO
NEPAL,KARNALI PROVINCE,JAJARKOT,"NEPAL, KARNALI PROVINCE, JAJARKOT",NPL,22359,NP-KA,NA,2023-07-01,2023-07-31,2023,0,Total,Admin2,Month,MOH-NPL-2023-Y04-01,SEARO
NEPAL,KARNALI PROVINCE,RUKUM WEST,"NEPAL, KARNALI PROVINCE, RUKUM WEST",NPL,22359,NP-KA,NA,2023-07-01,2023-07-31,2023,5,Total,Admin2,Month,MOH-NPL-2023-Y04-01,SEARO
NEPAL,KARNALI PROVINCE,SALYAN,"NEPAL, KARNALI PROVINCE, SALYAN",NPL,22359,NP-KA,NA,2023-07-01,2023-07-31,2023,2,Total,Admin2,Month,MOH-NPL-2023-Y04-01,SEARO
NEPAL,KARNALI PROVINCE,SURKHET,"NEPAL, KARNALI PROVINCE, SURKHET",NPL,22359,NP-KA,NA,2023-07-01,2023-07-31,2023,0,Total,Admin2,Month,MOH-NPL-2023-Y04-01,SEARO
NEPAL,SUDURPASCHIM PROVINCE,BAJURA,"NEPAL, SUDURPASCHIM PROVINCE, BAJURA",NPL,22357,NP-MA,NA,2023-07-01,2023-07-31,2023,2,Total,Admin2,Month,MOH-NPL-2023-Y04-01,SEARO
NEPAL,SUDURPASCHIM PROVINCE,BAJHANG,"NEPAL, SUDURPASCHIM PROVINCE, BAJHANG",NPL,22357,NP-MA,NA,2023-07-01,2023-07-31,2023,3,Total,Admin2,Month,MOH-NPL-2023-Y04-01,SEARO
NEPAL,SUDURPASCHIM PROVINCE,DARCHULA,"NEPAL, SUDURPASCHIM PROVINCE, DARCHULA",NPL,22357,NP-MA,NA,2023-07-01,2023-07-31,2023,3,Total,Admin2,Month,MOH-NPL-2023-Y04-01,SEARO
NEPAL,SUDURPASCHIM PROVINCE,BAITADI,"NEPAL, SUDURPASCHIM PROVINCE, BAITADI",NPL,22357,NP-MA,NA,2023-07-01,2023-07-31,2023,0,Total,Admin2,Month,MOH-NPL-2023-Y04-01,SEARO
NEPAL,SUDURPASCHIM PROVINCE,DADELDHURA,"NEPAL, SUDURPASCHIM PROVINCE, DADELDHURA",NPL,22357,NP-MA,NA,2023-07-01,2023-07-31,2023,5,Total,Admin2,Month,MOH-NPL-2023-Y04-01,SEARO
NEPAL,SUDURPASCHIM PROVINCE,DOTI,"NEPAL, SUDURPASCHIM PROVINCE, DOTI",NPL,22357,NP-MA,NA,2023-07-01,2023-07-31,2023,1,Total,Admin2,Month,MOH-NPL-2023-Y04-01,SEARO
NEPAL,SUDURPASCHIM PROVINCE,ACHHAM,"NEPAL, SUDURPASCHIM PROVINCE, ACHHAM",NPL,22357,NP-MA,NA,2023-07-01,2023-07-31,2023,26,Total,Admin2,Month,MOH-NPL-2023-Y04-01,SEARO
NEPAL,SUDURPASCHIM PROVINCE,KAILALI,"NEPAL, SUDURPASCHIM PROVINCE, KAILALI",NPL,22357,NP-MA,NA,2023-07-01,2023-07-31,2023,29,Total,Admin2,Month,MOH-NPL-2023-Y04-01,SEARO
NEPAL,SUDURPASCHIM PROVINCE,KANCHANPUR,"NEPAL, SUDURPASCHIM PROVINCE, KANCHANPUR",NPL,22357,NP-MA,NA,2023-07-01,2023-07-31,2023,23,Total,Admin2,Month,MOH-NPL-2023-Y04-01,SEARO
NEPAL,NA,NA,NEPAL,NPL,175,NPL,NA,2023-08-01,2023-08-31,2023,14534,Total,Admin0,Month,WHO-ALL-2025-Y01-00,SEARO
NEPAL,KOSHI PROVINCE,TAPLEJUNG,"NEPAL, KOSHI PROVINCE, TAPLEJUNG",NPL,22354,NP-KO,NA,2023-08-01,2023-08-31,2023,21,Total,Admin2,Month,MOH-NPL-2023-Y04-01,SEARO
NEPAL,KOSHI PROVINCE,SANKHUWASABHA,"NEPAL, KOSHI PROVINCE, SANKHUWASABHA",NPL,22354,NP-KO,NA,2023-08-01,2023-08-31,2023,310,Total,Admin2,Month,MOH-NPL-2023-Y04-01,SEARO
NEPAL,KOSHI PROVINCE,SOLUKHUMBU,"NEPAL, KOSHI PROVINCE, SOLUKHUMBU",NPL,22354,NP-KO,NA,2023-08-01,2023-08-31,2023,2,Total,Admin2,Month,MOH-NPL-2023-Y04-01,SEARO
NEPAL,KOSHI PROVINCE,OKHALDHUNGA,"NEPAL, KOSHI PROVINCE, OKHALDHUNGA",NPL,22354,NP-KO,NA,2023-08-01,2023-08-31,2023,18,Total,Admin2,Month,MOH-NPL-2023-Y04-01,SEARO
NEPAL,KOSHI PROVINCE,KHOTANG,"NEPAL, KOSHI PROVINCE, KHOTANG",NPL,22354,NP-KO,NA,2023-08-01,2023-08-31,2023,12,Total,Admin2,Month,MOH-NPL-2023-Y04-01,SEARO
NEPAL,KOSHI PROVINCE,BHOJPUR,"NEPAL, KOSHI PROVINCE, BHOJPUR",NPL,22354,NP-KO,NA,2023-08-01,2023-08-31,2023,107,Total,Admin2,Month,MOH-NPL-2023-Y04-01,SEARO
NEPAL,KOSHI PROVINCE,DHANKUTA,"NEPAL, KOSHI PROVINCE, DHANKUTA",NPL,22354,NP-KO,NA,2023-08-01,2023-08-31,2023,187,Total,Admin2,Month,MOH-NPL-2023-Y04-01,SEARO
NEPAL,KOSHI PROVINCE,TERHATHUM,"NEPAL, KOSHI PROVINCE, TERHATHUM",NPL,22354,NP-KO,NA,2023-08-01,2023-08-31,2023,86,Total,Admin2,Month,MOH-NPL-2023-Y04-01,SEARO
NEPAL,KOSHI PROVINCE,PANCHTHAR,"NEPAL, KOSHI PROVINCE, PANCHTHAR",NPL,22354,NP-KO,NA,2023-08-01,2023-08-31,2023,74,Total,Admin2,Month,MOH-NPL-2023-Y04-01,SEARO
NEPAL,KOSHI PROVINCE,ILAM,"NEPAL, KOSHI PROVINCE, ILAM",NPL,22354,NP-KO,NA,2023-08-01,2023-08-31,2023,69,Total,Admin2,Month,MOH-NPL-2023-Y04-01,SEARO
NEPAL,KOSHI PROVINCE,JHAPA,"NEPAL, KOSHI PROVINCE, JHAPA",NPL,22354,NP-KO,NA,2023-08-01,2023-08-31,2023,854,Total,Admin2,Month,MOH-NPL-2023-Y04-01,SEARO
NEPAL,KOSHI PROVINCE,MORANG,"NEPAL, KOSHI PROVINCE, MORANG",NPL,22354,NP-KO,NA,2023-08-01,2023-08-31,2023,1487,Total,Admin2,Month,MOH-NPL-2023-Y04-01,SEARO
NEPAL,KOSHI PROVINCE,SUNSARI,"NEPAL, KOSHI PROVINCE, SUNSARI",NPL,22354,NP-KO,NA,2023-08-01,2023-08-31,2023,7248,Total,Admin2,Month,MOH-NPL-2023-Y04-01,SEARO
NEPAL,KOSHI PROVINCE,UDAYAPUR,"NEPAL, KOSHI PROVINCE, UDAYAPUR",NPL,22354,NP-KO,NA,2023-08-01,2023-08-31,2023,74,Total,Admin2,Month,MOH-NPL-2023-Y04-01,SEARO
NEPAL,MADHESH PROVINCE,SAPTARI,"NEPAL, MADHESH PROVINCE, SAPTARI",NPL,22352,NP-JA,NA,2023-08-01,2023-08-31,2023,90,Total,Admin2,Month,MOH-NPL-2023-Y04-01,SEARO
NEPAL,MADHESH PROVINCE,SIRAHA,"NEPAL, MADHESH PROVINCE, SIRAHA",NPL,22352,NP-JA,NA,2023-08-01,2023-08-31,2023,35,Total,Admin2,Month,MOH-NPL-2023-Y04-01,SEARO
NEPAL,MADHESH PROVINCE,DHANUSA,"NEPAL, MADHESH PROVINCE, DHANUSA",NPL,22352,NP-JA,NA,2023-08-01,2023-08-31,2023,331,Total,Admin2,Month,MOH-NPL-2023-Y04-01,SEARO
NEPAL,MADHESH PROVINCE,MAHOTTARI,"NEPAL, MADHESH PROVINCE, MAHOTTARI",NPL,22352,NP-JA,NA,2023-08-01,2023-08-31,2023,10,Total,Admin2,Month,MOH-NPL-2023-Y04-01,SEARO
NEPAL,MADHESH PROVINCE,SARLAHI,"NEPAL, MADHESH PROVINCE, SARLAHI",NPL,22352,NP-JA,NA,2023-08-01,2023-08-31,2023,34,Total,Admin2,Month,MOH-NPL-2023-Y04-01,SEARO
NEPAL,MADHESH PROVINCE,RAUTAHAT,"NEPAL, MADHESH PROVINCE, RAUTAHAT",NPL,22352,NP-JA,NA,2023-08-01,2023-08-31,2023,13,Total,Admin2,Month,MOH-NPL-2023-Y04-01,SEARO
NEPAL,MADHESH PROVINCE,BARA,"NEPAL, MADHESH PROVINCE, BARA",NPL,22352,NP-JA,NA,2023-08-01,2023-08-31,2023,23,Total,Admin2,Month,MOH-NPL-2023-Y04-01,SEARO
NEPAL,MADHESH PROVINCE,PARSA,"NEPAL, MADHESH PROVINCE, PARSA",NPL,22352,NP-JA,NA,2023-08-01,2023-08-31,2023,3,Total,Admin2,Month,MOH-NPL-2023-Y04-01,SEARO
NEPAL,BAGMATI PROVINCE,DOLAKHA,"NEPAL, BAGMATI PROVINCE, DOLAKHA",NPL,22351,NP-BA,NA,2023-08-01,2023-08-31,2023,4,Total,Admin2,Month,MOH-NPL-2023-Y04-01,SEARO
NEPAL,BAGMATI PROVINCE,SINDHUPALCHOK,"NEPAL, BAGMATI PROVINCE, SINDHUPALCHOK",NPL,22351,NP-BA,NA,2023-08-01,2023-08-31,2023,18,Total,Admin2,Month,MOH-NPL-2023-Y04-01,SEARO
NEPAL,BAGMATI PROVINCE,RASUWA,"NEPAL, BAGMATI PROVINCE, RASUWA",NPL,22351,NP-BA,NA,2023-08-01,2023-08-31,2023,11,Total,Admin2,Month,MOH-NPL-2023-Y04-01,SEARO
NEPAL,BAGMATI PROVINCE,DHADING,"NEPAL, BAGMATI PROVINCE, DHADING",NPL,22351,NP-BA,NA,2023-08-01,2023-08-31,2023,1488,Total,Admin2,Month,MOH-NPL-2023-Y04-01,SEARO
NEPAL,BAGMATI PROVINCE,NUWAKOT,"NEPAL, BAGMATI PROVINCE, NUWAKOT",NPL,22351,NP-BA,NA,2023-08-01,2023-08-31,2023,35,Total,Admin2,Month,MOH-NPL-2023-Y04-01,SEARO
NEPAL,BAGMATI PROVINCE,KATHMANDU,"NEPAL, BAGMATI PROVINCE, KATHMANDU",NPL,22351,NP-BA,NA,2023-08-01,2023-08-31,2023,333,Total,Admin2,Month,MOH-NPL-2023-Y04-01,SEARO
NEPAL,BAGMATI PROVINCE,BHAKTAPUR,"NEPAL, BAGMATI PROVINCE, BHAKTAPUR",NPL,22351,NP-BA,NA,2023-08-01,2023-08-31,2023,154,Total,Admin2,Month,MOH-NPL-2023-Y04-01,SEARO
NEPAL,BAGMATI PROVINCE,LALITPUR,"NEPAL, BAGMATI PROVINCE, LALITPUR",NPL,22351,NP-BA,NA,2023-08-01,2023-08-31,2023,136,Total,Admin2,Month,MOH-NPL-2023-Y04-01,SEARO
NEPAL,BAGMATI PROVINCE,KAVREPALANCHOK,"NEPAL, BAGMATI PROVINCE, KAVREPALANCHOK",NPL,22351,NP-BA,NA,2023-08-01,2023-08-31,2023,31,Total,Admin2,Month,MOH-NPL-2023-Y04-01,SEARO
NEPAL,BAGMATI PROVINCE,RAMECHHAP,"NEPAL, BAGMATI PROVINCE, RAMECHHAP",NPL,22351,NP-BA,NA,2023-08-01,2023-08-31,2023,18,Total,Admin2,Month,MOH-NPL-2023-Y04-01,SEARO
NEPAL,BAGMATI PROVINCE,SINDHULI,"NEPAL, BAGMATI PROVINCE, SINDHULI",NPL,22351,NP-BA,NA,2023-08-01,2023-08-31,2023,13,Total,Admin2,Month,MOH-NPL-2023-Y04-01,SEARO
NEPAL,BAGMATI PROVINCE,MAKWANPUR,"NEPAL, BAGMATI PROVINCE, MAKWANPUR",NPL,22351,NP-BA,NA,2023-08-01,2023-08-31,2023,27,Total,Admin2,Month,MOH-NPL-2023-Y04-01,SEARO
NEPAL,BAGMATI PROVINCE,CHITAWAN,"NEPAL, BAGMATI PROVINCE, CHITAWAN",NPL,22351,NP-BA,NA,2023-08-01,2023-08-31,2023,53,Total,Admin2,Month,MOH-NPL-2023-Y04-01,SEARO
NEPAL,GANDAKI PROVINCE,GORKHA,"NEPAL, GANDAKI PROVINCE, GORKHA",NPL,22363,NP-GA,NA,2023-08-01,2023-08-31,2023,25,Total,Admin2,Month,MOH-NPL-2023-Y04-01,SEARO
NEPAL,GANDAKI PROVINCE,MANANG,"NEPAL, GANDAKI PROVINCE, MANANG",NPL,22363,NP-GA,NA,2023-08-01,2023-08-31,2023,0,Total,Admin2,Month,MOH-NPL-2023-Y04-01,SEARO
NEPAL,GANDAKI PROVINCE,MUSTANG,"NEPAL, GANDAKI PROVINCE, MUSTANG",NPL,22363,NP-GA,NA,2023-08-01,2023-08-31,2023,0,Total,Admin2,Month,MOH-NPL-2023-Y04-01,SEARO
NEPAL,GANDAKI PROVINCE,MYAGDI,"NEPAL, GANDAKI PROVINCE, MYAGDI",NPL,22363,NP-GA,NA,2023-08-01,2023-08-31,2023,11,Total,Admin2,Month,MOH-NPL-2023-Y04-01,SEARO
NEPAL,GANDAKI PROVINCE,KASKI,"NEPAL, GANDAKI PROVINCE, KASKI",NPL,22363,NP-GA,NA,2023-08-01,2023-08-31,2023,57,Total,Admin2,Month,MOH-NPL-2023-Y04-01,SEARO
NEPAL,GANDAKI PROVINCE,LAMJUNG,"NEPAL, GANDAKI PROVINCE, LAMJUNG",NPL,22363,NP-GA,NA,2023-08-01,2023-08-31,2023,9,Total,Admin2,Month,MOH-NPL-2023-Y04-01,SEARO
NEPAL,GANDAKI PROVINCE,TANAHU,"NEPAL, GANDAKI PROVINCE, TANAHU",NPL,22363,NP-GA,NA,2023-08-01,2023-08-31,2023,133,Total,Admin2,Month,MOH-NPL-2023-Y04-01,SEARO
NEPAL,GANDAKI PROVINCE,NAWALPARASI EAST,"NEPAL, GANDAKI PROVINCE, NAWALPARASI EAST",NPL,22363,NP-GA,NA,2023-08-01,2023-08-31,2023,23,Total,Admin2,Month,MOH-NPL-2023-Y04-01,SEARO
NEPAL,GANDAKI PROVINCE,SYANGJA,"NEPAL, GANDAKI PROVINCE, SYANGJA",NPL,22363,NP-GA,NA,2023-08-01,2023-08-31,2023,24,Total,Admin2,Month,MOH-NPL-2023-Y04-01,SEARO
NEPAL,GANDAKI PROVINCE,PARBAT,"NEPAL, GANDAKI PROVINCE, PARBAT",NPL,22363,NP-GA,NA,2023-08-01,2023-08-31,2023,9,Total,Admin2,Month,MOH-NPL-2023-Y04-01,SEARO
NEPAL,GANDAKI PROVINCE,BAGLUNG,"NEPAL, GANDAKI PROVINCE, BAGLUNG",NPL,22363,NP-GA,NA,2023-08-01,2023-08-31,2023,10,Total,Admin2,Month,MOH-NPL-2023-Y04-01,SEARO
NEPAL,LUMBINI PROVINCE,RUKUM EAST,"NEPAL, LUMBINI PROVINCE, RUKUM EAST",NPL,22364,NP-LU,NA,2023-08-01,2023-08-31,2023,5,Total,Admin2,Month,MOH-NPL-2023-Y04-01,SEARO
NEPAL,LUMBINI PROVINCE,ROLPA,"NEPAL, LUMBINI PROVINCE, ROLPA",NPL,22364,NP-LU,NA,2023-08-01,2023-08-31,2023,2,Total,Admin2,Month,MOH-NPL-2023-Y04-01,SEARO
NEPAL,LUMBINI PROVINCE,PYUTHAN,"NEPAL, LUMBINI PROVINCE, PYUTHAN",NPL,22364,NP-LU,NA,2023-08-01,2023-08-31,2023,8,Total,Admin2,Month,MOH-NPL-2023-Y04-01,SEARO
NEPAL,LUMBINI PROVINCE,GULMI,"NEPAL, LUMBINI PROVINCE, GULMI",NPL,22364,NP-LU,NA,2023-08-01,2023-08-31,2023,21,Total,Admin2,Month,MOH-NPL-2023-Y04-01,SEARO
NEPAL,LUMBINI PROVINCE,ARGHAKHANCHI,"NEPAL, LUMBINI PROVINCE, ARGHAKHANCHI",NPL,22364,NP-LU,NA,2023-08-01,2023-08-31,2023,65,Total,Admin2,Month,MOH-NPL-2023-Y04-01,SEARO
NEPAL,LUMBINI PROVINCE,PALPA,"NEPAL, LUMBINI PROVINCE, PALPA",NPL,22364,NP-LU,NA,2023-08-01,2023-08-31,2023,62,Total,Admin2,Month,MOH-NPL-2023-Y04-01,SEARO
NEPAL,LUMBINI PROVINCE,NAWALPARASI WEST,"NEPAL, LUMBINI PROVINCE, NAWALPARASI WEST",NPL,22364,NP-LU,NA,2023-08-01,2023-08-31,2023,7,Total,Admin2,Month,MOH-NPL-2023-Y04-01,SEARO
NEPAL,LUMBINI PROVINCE,RUPANDEHI,"NEPAL, LUMBINI PROVINCE, RUPANDEHI",NPL,22364,NP-LU,NA,2023-08-01,2023-08-31,2023,47,Total,Admin2,Month,MOH-NPL-2023-Y04-01,SEARO
NEPAL,LUMBINI PROVINCE,KAPILBASTU,"NEPAL, LUMBINI PROVINCE, KAPILBASTU",NPL,22364,NP-LU,NA,2023-08-01,2023-08-31,2023,4,Total,Admin2,Month,MOH-NPL-2023-Y04-01,SEARO
NEPAL,LUMBINI PROVINCE,DANG,"NEPAL, LUMBINI PROVINCE, DANG",NPL,22364,NP-LU,NA,2023-08-01,2023-08-31,2023,40,Total,Admin2,Month,MOH-NPL-2023-Y04-01,SEARO
NEPAL,LUMBINI PROVINCE,BANKE,"NEPAL, LUMBINI PROVINCE, BANKE",NPL,22364,NP-LU,NA,2023-08-01,2023-08-31,2023,14,Total,Admin2,Month,MOH-NPL-2023-Y04-01,SEARO
NEPAL,LUMBINI PROVINCE,BARDIYA,"NEPAL, LUMBINI PROVINCE, BARDIYA",NPL,22364,NP-LU,NA,2023-08-01,2023-08-31,2023,15,Total,Admin2,Month,MOH-NPL-2023-Y04-01,SEARO
NEPAL,KARNALI PROVINCE,DOLPA,"NEPAL, KARNALI PROVINCE, DOLPA",NPL,22359,NP-KA,NA,2023-08-01,2023-08-31,2023,1,Total,Admin2,Month,MOH-NPL-2023-Y04-01,SEARO
NEPAL,KARNALI PROVINCE,MUGU,"NEPAL, KARNALI PROVINCE, MUGU",NPL,22359,NP-KA,NA,2023-08-01,2023-08-31,2023,0,Total,Admin2,Month,MOH-NPL-2023-Y04-01,SEARO
NEPAL,KARNALI PROVINCE,HUMLA,"NEPAL, KARNALI PROVINCE, HUMLA",NPL,22359,NP-KA,NA,2023-08-01,2023-08-31,2023,0,Total,Admin2,Month,MOH-NPL-2023-Y04-01,SEARO
NEPAL,KARNALI PROVINCE,JUMLA,"NEPAL, KARNALI PROVINCE, JUMLA",NPL,22359,NP-KA,NA,2023-08-01,2023-08-31,2023,0,Total,Admin2,Month,MOH-NPL-2023-Y04-01,SEARO
NEPAL,KARNALI PROVINCE,KALIKOT,"NEPAL, KARNALI PROVINCE, KALIKOT",NPL,22359,NP-KA,NA,2023-08-01,2023-08-31,2023,1,Total,Admin2,Month,MOH-NPL-2023-Y04-01,SEARO
NEPAL,KARNALI PROVINCE,DAILEKH,"NEPAL, KARNALI PROVINCE, DAILEKH",NPL,22359,NP-KA,NA,2023-08-01,2023-08-31,2023,5,Total,Admin2,Month,MOH-NPL-2023-Y04-01,SEARO
NEPAL,KARNALI PROVINCE,JAJARKOT,"NEPAL, KARNALI PROVINCE, JAJARKOT",NPL,22359,NP-KA,NA,2023-08-01,2023-08-31,2023,0,Total,Admin2,Month,MOH-NPL-2023-Y04-01,SEARO
NEPAL,KARNALI PROVINCE,RUKUM WEST,"NEPAL, KARNALI PROVINCE, RUKUM WEST",NPL,22359,NP-KA,NA,2023-08-01,2023-08-31,2023,34,Total,Admin2,Month,MOH-NPL-2023-Y04-01,SEARO
NEPAL,KARNALI PROVINCE,SALYAN,"NEPAL, KARNALI PROVINCE, SALYAN",NPL,22359,NP-KA,NA,2023-08-01,2023-08-31,2023,2,Total,Admin2,Month,MOH-NPL-2023-Y04-01,SEARO
NEPAL,KARNALI PROVINCE,SURKHET,"NEPAL, KARNALI PROVINCE, SURKHET",NPL,22359,NP-KA,NA,2023-08-01,2023-08-31,2023,9,Total,Admin2,Month,MOH-NPL-2023-Y04-01,SEARO
NEPAL,SUDURPASCHIM PROVINCE,BAJURA,"NEPAL, SUDURPASCHIM PROVINCE, BAJURA",NPL,22357,NP-MA,NA,2023-08-01,2023-08-31,2023,32,Total,Admin2,Month,MOH-NPL-2023-Y04-01,SEARO
NEPAL,SUDURPASCHIM PROVINCE,BAJHANG,"NEPAL, SUDURPASCHIM PROVINCE, BAJHANG",NPL,22357,NP-MA,NA,2023-08-01,2023-08-31,2023,30,Total,Admin2,Month,MOH-NPL-2023-Y04-01,SEARO
NEPAL,SUDURPASCHIM PROVINCE,DARCHULA,"NEPAL, SUDURPASCHIM PROVINCE, DARCHULA",NPL,22357,NP-MA,NA,2023-08-01,2023-08-31,2023,38,Total,Admin2,Month,MOH-NPL-2023-Y04-01,SEARO
NEPAL,SUDURPASCHIM PROVINCE,BAITADI,"NEPAL, SUDURPASCHIM PROVINCE, BAITADI",NPL,22357,NP-MA,NA,2023-08-01,2023-08-31,2023,16,Total,Admin2,Month,MOH-NPL-2023-Y04-01,SEARO
NEPAL,SUDURPASCHIM PROVINCE,DADELDHURA,"NEPAL, SUDURPASCHIM PROVINCE, DADELDHURA",NPL,22357,NP-MA,NA,2023-08-01,2023-08-31,2023,20,Total,Admin2,Month,MOH-NPL-2023-Y04-01,SEARO
NEPAL,SUDURPASCHIM PROVINCE,DOTI,"NEPAL, SUDURPASCHIM PROVINCE, DOTI",NPL,22357,NP-MA,NA,2023-08-01,2023-08-31,2023,29,Total,Admin2,Month,MOH-NPL-2023-Y04-01,SEARO
NEPAL,SUDURPASCHIM PROVINCE,ACHHAM,"NEPAL, SUDURPASCHIM PROVINCE, ACHHAM",NPL,22357,NP-MA,NA,2023-08-01,2023-08-31,2023,44,Total,Admin2,Month,MOH-NPL-2023-Y04-01,SEARO
NEPAL,SUDURPASCHIM PROVINCE,KAILALI,"NEPAL, SUDURPASCHIM PROVINCE, KAILALI",NPL,22357,NP-MA,NA,2023-08-01,2023-08-31,2023,213,Total,Admin2,Month,MOH-NPL-2023-Y04-01,SEARO
NEPAL,SUDURPASCHIM PROVINCE,KANCHANPUR,"NEPAL, SUDURPASCHIM PROVINCE, KANCHANPUR",NPL,22357,NP-MA,NA,2023-08-01,2023-08-31,2023,58,Total,Admin2,Month,MOH-NPL-2023-Y04-01,SEARO
NEPAL,NA,NA,NEPAL,NPL,175,NPL,NA,2023-09-01,2023-09-30,2023,13912,Total,Admin0,Month,WHO-ALL-2025-Y01-00,SEARO
NEPAL,KOSHI PROVINCE,TAPLEJUNG,"NEPAL, KOSHI PROVINCE, TAPLEJUNG",NPL,22354,NP-KO,NA,2023-09-01,2023-09-30,2023,0,Total,Admin2,Month,MOH-NPL-2023-Y04-01,SEARO
NEPAL,KOSHI PROVINCE,SANKHUWASABHA,"NEPAL, KOSHI PROVINCE, SANKHUWASABHA",NPL,22354,NP-KO,NA,2023-09-01,2023-09-30,2023,467,Total,Admin2,Month,MOH-NPL-2023-Y04-01,SEARO
NEPAL,KOSHI PROVINCE,SOLUKHUMBU,"NEPAL, KOSHI PROVINCE, SOLUKHUMBU",NPL,22354,NP-KO,NA,2023-09-01,2023-09-30,2023,1,Total,Admin2,Month,MOH-NPL-2023-Y04-01,SEARO
NEPAL,KOSHI PROVINCE,OKHALDHUNGA,"NEPAL, KOSHI PROVINCE, OKHALDHUNGA",NPL,22354,NP-KO,NA,2023-09-01,2023-09-30,2023,25,Total,Admin2,Month,MOH-NPL-2023-Y04-01,SEARO
NEPAL,KOSHI PROVINCE,KHOTANG,"NEPAL, KOSHI PROVINCE, KHOTANG",NPL,22354,NP-KO,NA,2023-09-01,2023-09-30,2023,41,Total,Admin2,Month,MOH-NPL-2023-Y04-01,SEARO
NEPAL,KOSHI PROVINCE,BHOJPUR,"NEPAL, KOSHI PROVINCE, BHOJPUR",NPL,22354,NP-KO,NA,2023-09-01,2023-09-30,2023,120,Total,Admin2,Month,MOH-NPL-2023-Y04-01,SEARO
NEPAL,KOSHI PROVINCE,DHANKUTA,"NEPAL, KOSHI PROVINCE, DHANKUTA",NPL,22354,NP-KO,NA,2023-09-01,2023-09-30,2023,100,Total,Admin2,Month,MOH-NPL-2023-Y04-01,SEARO
NEPAL,KOSHI PROVINCE,TERHATHUM,"NEPAL, KOSHI PROVINCE, TERHATHUM",NPL,22354,NP-KO,NA,2023-09-01,2023-09-30,2023,80,Total,Admin2,Month,MOH-NPL-2023-Y04-01,SEARO
NEPAL,KOSHI PROVINCE,PANCHTHAR,"NEPAL, KOSHI PROVINCE, PANCHTHAR",NPL,22354,NP-KO,NA,2023-09-01,2023-09-30,2023,323,Total,Admin2,Month,MOH-NPL-2023-Y04-01,SEARO
NEPAL,KOSHI PROVINCE,ILAM,"NEPAL, KOSHI PROVINCE, ILAM",NPL,22354,NP-KO,NA,2023-09-01,2023-09-30,2023,96,Total,Admin2,Month,MOH-NPL-2023-Y04-01,SEARO
NEPAL,KOSHI PROVINCE,JHAPA,"NEPAL, KOSHI PROVINCE, JHAPA",NPL,22354,NP-KO,NA,2023-09-01,2023-09-30,2023,2212,Total,Admin2,Month,MOH-NPL-2023-Y04-01,SEARO
NEPAL,KOSHI PROVINCE,MORANG,"NEPAL, KOSHI PROVINCE, MORANG",NPL,22354,NP-KO,NA,2023-09-01,2023-09-30,2023,22,Total,Admin2,Month,MOH-NPL-2023-Y04-01,SEARO
NEPAL,KOSHI PROVINCE,SUNSARI,"NEPAL, KOSHI PROVINCE, SUNSARI",NPL,22354,NP-KO,NA,2023-09-01,2023-09-30,2023,4407,Total,Admin2,Month,MOH-NPL-2023-Y04-01,SEARO
NEPAL,KOSHI PROVINCE,UDAYAPUR,"NEPAL, KOSHI PROVINCE, UDAYAPUR",NPL,22354,NP-KO,NA,2023-09-01,2023-09-30,2023,15,Total,Admin2,Month,MOH-NPL-2023-Y04-01,SEARO
NEPAL,MADHESH PROVINCE,SAPTARI,"NEPAL, MADHESH PROVINCE, SAPTARI",NPL,22352,NP-JA,NA,2023-09-01,2023-09-30,2023,39,Total,Admin2,Month,MOH-NPL-2023-Y04-01,SEARO
NEPAL,MADHESH PROVINCE,SIRAHA,"NEPAL, MADHESH PROVINCE, SIRAHA",NPL,22352,NP-JA,NA,2023-09-01,2023-09-30,2023,22,Total,Admin2,Month,MOH-NPL-2023-Y04-01,SEARO
NEPAL,MADHESH PROVINCE,DHANUSA,"NEPAL, MADHESH PROVINCE, DHANUSA",NPL,22352,NP-JA,NA,2023-09-01,2023-09-30,2023,0,Total,Admin2,Month,MOH-NPL-2023-Y04-01,SEARO
NEPAL,MADHESH PROVINCE,MAHOTTARI,"NEPAL, MADHESH PROVINCE, MAHOTTARI",NPL,22352,NP-JA,NA,2023-09-01,2023-09-30,2023,6,Total,Admin2,Month,MOH-NPL-2023-Y04-01,SEARO
NEPAL,MADHESH PROVINCE,SARLAHI,"NEPAL, MADHESH PROVINCE, SARLAHI",NPL,22352,NP-JA,NA,2023-09-01,2023-09-30,2023,3,Total,Admin2,Month,MOH-NPL-2023-Y04-01,SEARO
NEPAL,MADHESH PROVINCE,RAUTAHAT,"NEPAL, MADHESH PROVINCE, RAUTAHAT",NPL,22352,NP-JA,NA,2023-09-01,2023-09-30,2023,11,Total,Admin2,Month,MOH-NPL-2023-Y04-01,SEARO
NEPAL,MADHESH PROVINCE,BARA,"NEPAL, MADHESH PROVINCE, BARA",NPL,22352,NP-JA,NA,2023-09-01,2023-09-30,2023,17,Total,Admin2,Month,MOH-NPL-2023-Y04-01,SEARO
NEPAL,MADHESH PROVINCE,PARSA,"NEPAL, MADHESH PROVINCE, PARSA",NPL,22352,NP-JA,NA,2023-09-01,2023-09-30,2023,31,Total,Admin2,Month,MOH-NPL-2023-Y04-01,SEARO
NEPAL,BAGMATI PROVINCE,DOLAKHA,"NEPAL, BAGMATI PROVINCE, DOLAKHA",NPL,22351,NP-BA,NA,2023-09-01,2023-09-30,2023,16,Total,Admin2,Month,MOH-NPL-2023-Y04-01,SEARO
NEPAL,BAGMATI PROVINCE,SINDHUPALCHOK,"NEPAL, BAGMATI PROVINCE, SINDHUPALCHOK",NPL,22351,NP-BA,NA,2023-09-01,2023-09-30,2023,39,Total,Admin2,Month,MOH-NPL-2023-Y04-01,SEARO
NEPAL,BAGMATI PROVINCE,RASUWA,"NEPAL, BAGMATI PROVINCE, RASUWA",NPL,22351,NP-BA,NA,2023-09-01,2023-09-30,2023,5,Total,Admin2,Month,MOH-NPL-2023-Y04-01,SEARO
NEPAL,BAGMATI PROVINCE,DHADING,"NEPAL, BAGMATI PROVINCE, DHADING",NPL,22351,NP-BA,NA,2023-09-01,2023-09-30,2023,965,Total,Admin2,Month,MOH-NPL-2023-Y04-01,SEARO
NEPAL,BAGMATI PROVINCE,NUWAKOT,"NEPAL, BAGMATI PROVINCE, NUWAKOT",NPL,22351,NP-BA,NA,2023-09-01,2023-09-30,2023,46,Total,Admin2,Month,MOH-NPL-2023-Y04-01,SEARO
NEPAL,BAGMATI PROVINCE,KATHMANDU,"NEPAL, BAGMATI PROVINCE, KATHMANDU",NPL,22351,NP-BA,NA,2023-09-01,2023-09-30,2023,634,Total,Admin2,Month,MOH-NPL-2023-Y04-01,SEARO
NEPAL,BAGMATI PROVINCE,BHAKTAPUR,"NEPAL, BAGMATI PROVINCE, BHAKTAPUR",NPL,22351,NP-BA,NA,2023-09-01,2023-09-30,2023,125,Total,Admin2,Month,MOH-NPL-2023-Y04-01,SEARO
NEPAL,BAGMATI PROVINCE,LALITPUR,"NEPAL, BAGMATI PROVINCE, LALITPUR",NPL,22351,NP-BA,NA,2023-09-01,2023-09-30,2023,82,Total,Admin2,Month,MOH-NPL-2023-Y04-01,SEARO
NEPAL,BAGMATI PROVINCE,KAVREPALANCHOK,"NEPAL, BAGMATI PROVINCE, KAVREPALANCHOK",NPL,22351,NP-BA,NA,2023-09-01,2023-09-30,2023,52,Total,Admin2,Month,MOH-NPL-2023-Y04-01,SEARO
NEPAL,BAGMATI PROVINCE,RAMECHHAP,"NEPAL, BAGMATI PROVINCE, RAMECHHAP",NPL,22351,NP-BA,NA,2023-09-01,2023-09-30,2023,15,Total,Admin2,Month,MOH-NPL-2023-Y04-01,SEARO
NEPAL,BAGMATI PROVINCE,SINDHULI,"NEPAL, BAGMATI PROVINCE, SINDHULI",NPL,22351,NP-BA,NA,2023-09-01,2023-09-30,2023,22,Total,Admin2,Month,MOH-NPL-2023-Y04-01,SEARO
NEPAL,BAGMATI PROVINCE,MAKWANPUR,"NEPAL, BAGMATI PROVINCE, MAKWANPUR",NPL,22351,NP-BA,NA,2023-09-01,2023-09-30,2023,45,Total,Admin2,Month,MOH-NPL-2023-Y04-01,SEARO
NEPAL,BAGMATI PROVINCE,CHITAWAN,"NEPAL, BAGMATI PROVINCE, CHITAWAN",NPL,22351,NP-BA,NA,2023-09-01,2023-09-30,2023,89,Total,Admin2,Month,MOH-NPL-2023-Y04-01,SEARO
NEPAL,GANDAKI PROVINCE,GORKHA,"NEPAL, GANDAKI PROVINCE, GORKHA",NPL,22363,NP-GA,NA,2023-09-01,2023-09-30,2023,69,Total,Admin2,Month,MOH-NPL-2023-Y04-01,SEARO
NEPAL,GANDAKI PROVINCE,MANANG,"NEPAL, GANDAKI PROVINCE, MANANG",NPL,22363,NP-GA,NA,2023-09-01,2023-09-30,2023,1,Total,Admin2,Month,MOH-NPL-2023-Y04-01,SEARO
NEPAL,GANDAKI PROVINCE,MUSTANG,"NEPAL, GANDAKI PROVINCE, MUSTANG",NPL,22363,NP-GA,NA,2023-09-01,2023-09-30,2023,0,Total,Admin2,Month,MOH-NPL-2023-Y04-01,SEARO
NEPAL,GANDAKI PROVINCE,MYAGDI,"NEPAL, GANDAKI PROVINCE, MYAGDI",NPL,22363,NP-GA,NA,2023-09-01,2023-09-30,2023,1,Total,Admin2,Month,MOH-NPL-2023-Y04-01,SEARO
NEPAL,GANDAKI PROVINCE,KASKI,"NEPAL, GANDAKI PROVINCE, KASKI",NPL,22363,NP-GA,NA,2023-09-01,2023-09-30,2023,331,Total,Admin2,Month,MOH-NPL-2023-Y04-01,SEARO
NEPAL,GANDAKI PROVINCE,LAMJUNG,"NEPAL, GANDAKI PROVINCE, LAMJUNG",NPL,22363,NP-GA,NA,2023-09-01,2023-09-30,2023,31,Total,Admin2,Month,MOH-NPL-2023-Y04-01,SEARO
NEPAL,GANDAKI PROVINCE,TANAHU,"NEPAL, GANDAKI PROVINCE, TANAHU",NPL,22363,NP-GA,NA,2023-09-01,2023-09-30,2023,1764,Total,Admin2,Month,MOH-NPL-2023-Y04-01,SEARO
NEPAL,GANDAKI PROVINCE,NAWALPARASI EAST,"NEPAL, GANDAKI PROVINCE, NAWALPARASI EAST",NPL,22363,NP-GA,NA,2023-09-01,2023-09-30,2023,26,Total,Admin2,Month,MOH-NPL-2023-Y04-01,SEARO
NEPAL,GANDAKI PROVINCE,SYANGJA,"NEPAL, GANDAKI PROVINCE, SYANGJA",NPL,22363,NP-GA,NA,2023-09-01,2023-09-30,2023,21,Total,Admin2,Month,MOH-NPL-2023-Y04-01,SEARO
NEPAL,GANDAKI PROVINCE,PARBAT,"NEPAL, GANDAKI PROVINCE, PARBAT",NPL,22363,NP-GA,NA,2023-09-01,2023-09-30,2023,14,Total,Admin2,Month,MOH-NPL-2023-Y04-01,SEARO
NEPAL,GANDAKI PROVINCE,BAGLUNG,"NEPAL, GANDAKI PROVINCE, BAGLUNG",NPL,22363,NP-GA,NA,2023-09-01,2023-09-30,2023,9,Total,Admin2,Month,MOH-NPL-2023-Y04-01,SEARO
NEPAL,LUMBINI PROVINCE,RUKUM EAST,"NEPAL, LUMBINI PROVINCE, RUKUM EAST",NPL,22364,NP-LU,NA,2023-09-01,2023-09-30,2023,4,Total,Admin2,Month,MOH-NPL-2023-Y04-01,SEARO
NEPAL,LUMBINI PROVINCE,ROLPA,"NEPAL, LUMBINI PROVINCE, ROLPA",NPL,22364,NP-LU,NA,2023-09-01,2023-09-30,2023,9,Total,Admin2,Month,MOH-NPL-2023-Y04-01,SEARO
NEPAL,LUMBINI PROVINCE,PYUTHAN,"NEPAL, LUMBINI PROVINCE, PYUTHAN",NPL,22364,NP-LU,NA,2023-09-01,2023-09-30,2023,7,Total,Admin2,Month,MOH-NPL-2023-Y04-01,SEARO
NEPAL,LUMBINI PROVINCE,GULMI,"NEPAL, LUMBINI PROVINCE, GULMI",NPL,22364,NP-LU,NA,2023-09-01,2023-09-30,2023,38,Total,Admin2,Month,MOH-NPL-2023-Y04-01,SEARO
NEPAL,LUMBINI PROVINCE,ARGHAKHANCHI,"NEPAL, LUMBINI PROVINCE, ARGHAKHANCHI",NPL,22364,NP-LU,NA,2023-09-01,2023-09-30,2023,93,Total,Admin2,Month,MOH-NPL-2023-Y04-01,SEARO
NEPAL,LUMBINI PROVINCE,PALPA,"NEPAL, LUMBINI PROVINCE, PALPA",NPL,22364,NP-LU,NA,2023-09-01,2023-09-30,2023,152,Total,Admin2,Month,MOH-NPL-2023-Y04-01,SEARO
NEPAL,LUMBINI PROVINCE,NAWALPARASI WEST,"NEPAL, LUMBINI PROVINCE, NAWALPARASI WEST",NPL,22364,NP-LU,NA,2023-09-01,2023-09-30,2023,20,Total,Admin2,Month,MOH-NPL-2023-Y04-01,SEARO
NEPAL,LUMBINI PROVINCE,RUPANDEHI,"NEPAL, LUMBINI PROVINCE, RUPANDEHI",NPL,22364,NP-LU,NA,2023-09-01,2023-09-30,2023,73,Total,Admin2,Month,MOH-NPL-2023-Y04-01,SEARO
NEPAL,LUMBINI PROVINCE,KAPILBASTU,"NEPAL, LUMBINI PROVINCE, KAPILBASTU",NPL,22364,NP-LU,NA,2023-09-01,2023-09-30,2023,10,Total,Admin2,Month,MOH-NPL-2023-Y04-01,SEARO
NEPAL,LUMBINI PROVINCE,DANG,"NEPAL, LUMBINI PROVINCE, DANG",NPL,22364,NP-LU,NA,2023-09-01,2023-09-30,2023,42,Total,Admin2,Month,MOH-NPL-2023-Y04-01,SEARO
NEPAL,LUMBINI PROVINCE,BANKE,"NEPAL, LUMBINI PROVINCE, BANKE",NPL,22364,NP-LU,NA,2023-09-01,2023-09-30,2023,21,Total,Admin2,Month,MOH-NPL-2023-Y04-01,SEARO
NEPAL,LUMBINI PROVINCE,BARDIYA,"NEPAL, LUMBINI PROVINCE, BARDIYA",NPL,22364,NP-LU,NA,2023-09-01,2023-09-30,2023,12,Total,Admin2,Month,MOH-NPL-2023-Y04-01,SEARO
NEPAL,KARNALI PROVINCE,DOLPA,"NEPAL, KARNALI PROVINCE, DOLPA",NPL,22359,NP-KA,NA,2023-09-01,2023-09-30,2023,7,Total,Admin2,Month,MOH-NPL-2023-Y04-01,SEARO
NEPAL,KARNALI PROVINCE,MUGU,"NEPAL, KARNALI PROVINCE, MUGU",NPL,22359,NP-KA,NA,2023-09-01,2023-09-30,2023,11,Total,Admin2,Month,MOH-NPL-2023-Y04-01,SEARO
NEPAL,KARNALI PROVINCE,HUMLA,"NEPAL, KARNALI PROVINCE, HUMLA",NPL,22359,NP-KA,NA,2023-09-01,2023-09-30,2023,1,Total,Admin2,Month,MOH-NPL-2023-Y04-01,SEARO
NEPAL,KARNALI PROVINCE,JUMLA,"NEPAL, KARNALI PROVINCE, JUMLA",NPL,22359,NP-KA,NA,2023-09-01,2023-09-30,2023,0,Total,Admin2,Month,MOH-NPL-2023-Y04-01,SEARO
NEPAL,KARNALI PROVINCE,KALIKOT,"NEPAL, KARNALI PROVINCE, KALIKOT",NPL,22359,NP-KA,NA,2023-09-01,2023-09-30,2023,9,Total,Admin2,Month,MOH-NPL-2023-Y04-01,SEARO
NEPAL,KARNALI PROVINCE,DAILEKH,"NEPAL, KARNALI PROVINCE, DAILEKH",NPL,22359,NP-KA,NA,2023-09-01,2023-09-30,2023,9,Total,Admin2,Month,MOH-NPL-2023-Y04-01,SEARO
NEPAL,KARNALI PROVINCE,JAJARKOT,"NEPAL, KARNALI PROVINCE, JAJARKOT",NPL,22359,NP-KA,NA,2023-09-01,2023-09-30,2023,23,Total,Admin2,Month,MOH-NPL-2023-Y04-01,SEARO
NEPAL,KARNALI PROVINCE,RUKUM WEST,"NEPAL, KARNALI PROVINCE, RUKUM WEST",NPL,22359,NP-KA,NA,2023-09-01,2023-09-30,2023,29,Total,Admin2,Month,MOH-NPL-2023-Y04-01,SEARO
NEPAL,KARNALI PROVINCE,SALYAN,"NEPAL, KARNALI PROVINCE, SALYAN",NPL,22359,NP-KA,NA,2023-09-01,2023-09-30,2023,3,Total,Admin2,Month,MOH-NPL-2023-Y04-01,SEARO
NEPAL,KARNALI PROVINCE,SURKHET,"NEPAL, KARNALI PROVINCE, SURKHET",NPL,22359,NP-KA,NA,2023-09-01,2023-09-30,2023,32,Total,Admin2,Month,MOH-NPL-2023-Y04-01,SEARO
NEPAL,SUDURPASCHIM PROVINCE,BAJURA,"NEPAL, SUDURPASCHIM PROVINCE, BAJURA",NPL,22357,NP-MA,NA,2023-09-01,2023-09-30,2023,30,Total,Admin2,Month,MOH-NPL-2023-Y04-01,SEARO
NEPAL,SUDURPASCHIM PROVINCE,BAJHANG,"NEPAL, SUDURPASCHIM PROVINCE, BAJHANG",NPL,22357,NP-MA,NA,2023-09-01,2023-09-30,2023,20,Total,Admin2,Month,MOH-NPL-2023-Y04-01,SEARO
NEPAL,SUDURPASCHIM PROVINCE,DARCHULA,"NEPAL, SUDURPASCHIM PROVINCE, DARCHULA",NPL,22357,NP-MA,NA,2023-09-01,2023-09-30,2023,15,Total,Admin2,Month,MOH-NPL-2023-Y04-01,SEARO
NEPAL,SUDURPASCHIM PROVINCE,BAITADI,"NEPAL, SUDURPASCHIM PROVINCE, BAITADI",NPL,22357,NP-MA,NA,2023-09-01,2023-09-30,2023,18,Total,Admin2,Month,MOH-NPL-2023-Y04-01,SEARO
NEPAL,SUDURPASCHIM PROVINCE,DADELDHURA,"NEPAL, SUDURPASCHIM PROVINCE, DADELDHURA",NPL,22357,NP-MA,NA,2023-09-01,2023-09-30,2023,10,Total,Admin2,Month,MOH-NPL-2023-Y04-01,SEARO
NEPAL,SUDURPASCHIM PROVINCE,DOTI,"NEPAL, SUDURPASCHIM PROVINCE, DOTI",NPL,22357,NP-MA,NA,2023-09-01,2023-09-30,2023,5,Total,Admin2,Month,MOH-NPL-2023-Y04-01,SEARO
NEPAL,SUDURPASCHIM PROVINCE,ACHHAM,"NEPAL, SUDURPASCHIM PROVINCE, ACHHAM",NPL,22357,NP-MA,NA,2023-09-01,2023-09-30,2023,34,Total,Admin2,Month,MOH-NPL-2023-Y04-01,SEARO
NEPAL,SUDURPASCHIM PROVINCE,KAILALI,"NEPAL, SUDURPASCHIM PROVINCE, KAILALI",NPL,22357,NP-MA,NA,2023-09-01,2023-09-30,2023,309,Total,Admin2,Month,MOH-NPL-2023-Y04-01,SEARO
NEPAL,SUDURPASCHIM PROVINCE,KANCHANPUR,"NEPAL, SUDURPASCHIM PROVINCE, KANCHANPUR",NPL,22357,NP-MA,NA,2023-09-01,2023-09-30,2023,61,Total,Admin2,Month,MOH-NPL-2023-Y04-01,SEARO
NEPAL,NA,NA,NEPAL,NPL,175,NPL,NA,2023-10-01,2023-10-31,2023,12699,Total,Admin0,Month,WHO-ALL-2025-Y01-00,SEARO
NEPAL,KOSHI PROVINCE,TAPLEJUNG,"NEPAL, KOSHI PROVINCE, TAPLEJUNG",NPL,22354,NP-KO,NA,2023-10-01,2023-10-31,2023,4,Total,Admin2,Month,MOH-NPL-2023-Y04-01,SEARO
NEPAL,KOSHI PROVINCE,SANKHUWASABHA,"NEPAL, KOSHI PROVINCE, SANKHUWASABHA",NPL,22354,NP-KO,NA,2023-10-01,2023-10-31,2023,244,Total,Admin2,Month,MOH-NPL-2023-Y04-01,SEARO
NEPAL,KOSHI PROVINCE,SOLUKHUMBU,"NEPAL, KOSHI PROVINCE, SOLUKHUMBU",NPL,22354,NP-KO,NA,2023-10-01,2023-10-31,2023,5,Total,Admin2,Month,MOH-NPL-2023-Y04-01,SEARO
NEPAL,KOSHI PROVINCE,OKHALDHUNGA,"NEPAL, KOSHI PROVINCE, OKHALDHUNGA",NPL,22354,NP-KO,NA,2023-10-01,2023-10-31,2023,31,Total,Admin2,Month,MOH-NPL-2023-Y04-01,SEARO
NEPAL,KOSHI PROVINCE,KHOTANG,"NEPAL, KOSHI PROVINCE, KHOTANG",NPL,22354,NP-KO,NA,2023-10-01,2023-10-31,2023,26,Total,Admin2,Month,MOH-NPL-2023-Y04-01,SEARO
NEPAL,KOSHI PROVINCE,BHOJPUR,"NEPAL, KOSHI PROVINCE, BHOJPUR",NPL,22354,NP-KO,NA,2023-10-01,2023-10-31,2023,160,Total,Admin2,Month,MOH-NPL-2023-Y04-01,SEARO
NEPAL,KOSHI PROVINCE,DHANKUTA,"NEPAL, KOSHI PROVINCE, DHANKUTA",NPL,22354,NP-KO,NA,2023-10-01,2023-10-31,2023,167,Total,Admin2,Month,MOH-NPL-2023-Y04-01,SEARO
NEPAL,KOSHI PROVINCE,TERHATHUM,"NEPAL, KOSHI PROVINCE, TERHATHUM",NPL,22354,NP-KO,NA,2023-10-01,2023-10-31,2023,31,Total,Admin2,Month,MOH-NPL-2023-Y04-01,SEARO
NEPAL,KOSHI PROVINCE,PANCHTHAR,"NEPAL, KOSHI PROVINCE, PANCHTHAR",NPL,22354,NP-KO,NA,2023-10-01,2023-10-31,2023,162,Total,Admin2,Month,MOH-NPL-2023-Y04-01,SEARO
NEPAL,KOSHI PROVINCE,ILAM,"NEPAL, KOSHI PROVINCE, ILAM",NPL,22354,NP-KO,NA,2023-10-01,2023-10-31,2023,57,Total,Admin2,Month,MOH-NPL-2023-Y04-01,SEARO
NEPAL,KOSHI PROVINCE,JHAPA,"NEPAL, KOSHI PROVINCE, JHAPA",NPL,22354,NP-KO,NA,2023-10-01,2023-10-31,2023,184,Total,Admin2,Month,MOH-NPL-2023-Y04-01,SEARO
NEPAL,KOSHI PROVINCE,MORANG,"NEPAL, KOSHI PROVINCE, MORANG",NPL,22354,NP-KO,NA,2023-10-01,2023-10-31,2023,36,Total,Admin2,Month,MOH-NPL-2023-Y04-01,SEARO
NEPAL,KOSHI PROVINCE,SUNSARI,"NEPAL, KOSHI PROVINCE, SUNSARI",NPL,22354,NP-KO,NA,2023-10-01,2023-10-31,2023,94,Total,Admin2,Month,MOH-NPL-2023-Y04-01,SEARO
NEPAL,KOSHI PROVINCE,UDAYAPUR,"NEPAL, KOSHI PROVINCE, UDAYAPUR",NPL,22354,NP-KO,NA,2023-10-01,2023-10-31,2023,7,Total,Admin2,Month,MOH-NPL-2023-Y04-01,SEARO
NEPAL,MADHESH PROVINCE,SAPTARI,"NEPAL, MADHESH PROVINCE, SAPTARI",NPL,22352,NP-JA,NA,2023-10-01,2023-10-31,2023,5,Total,Admin2,Month,MOH-NPL-2023-Y04-01,SEARO
NEPAL,MADHESH PROVINCE,SIRAHA,"NEPAL, MADHESH PROVINCE, SIRAHA",NPL,22352,NP-JA,NA,2023-10-01,2023-10-31,2023,19,Total,Admin2,Month,MOH-NPL-2023-Y04-01,SEARO
NEPAL,MADHESH PROVINCE,DHANUSA,"NEPAL, MADHESH PROVINCE, DHANUSA",NPL,22352,NP-JA,NA,2023-10-01,2023-10-31,2023,23,Total,Admin2,Month,MOH-NPL-2023-Y04-01,SEARO
NEPAL,MADHESH PROVINCE,MAHOTTARI,"NEPAL, MADHESH PROVINCE, MAHOTTARI",NPL,22352,NP-JA,NA,2023-10-01,2023-10-31,2023,9,Total,Admin2,Month,MOH-NPL-2023-Y04-01,SEARO
NEPAL,MADHESH PROVINCE,SARLAHI,"NEPAL, MADHESH PROVINCE, SARLAHI",NPL,22352,NP-JA,NA,2023-10-01,2023-10-31,2023,27,Total,Admin2,Month,MOH-NPL-2023-Y04-01,SEARO
NEPAL,MADHESH PROVINCE,RAUTAHAT,"NEPAL, MADHESH PROVINCE, RAUTAHAT",NPL,22352,NP-JA,NA,2023-10-01,2023-10-31,2023,14,Total,Admin2,Month,MOH-NPL-2023-Y04-01,SEARO
NEPAL,MADHESH PROVINCE,BARA,"NEPAL, MADHESH PROVINCE, BARA",NPL,22352,NP-JA,NA,2023-10-01,2023-10-31,2023,10,Total,Admin2,Month,MOH-NPL-2023-Y04-01,SEARO
NEPAL,MADHESH PROVINCE,PARSA,"NEPAL, MADHESH PROVINCE, PARSA",NPL,22352,NP-JA,NA,2023-10-01,2023-10-31,2023,18,Total,Admin2,Month,MOH-NPL-2023-Y04-01,SEARO
NEPAL,BAGMATI PROVINCE,DOLAKHA,"NEPAL, BAGMATI PROVINCE, DOLAKHA",NPL,22351,NP-BA,NA,2023-10-01,2023-10-31,2023,14,Total,Admin2,Month,MOH-NPL-2023-Y04-01,SEARO
NEPAL,BAGMATI PROVINCE,SINDHUPALCHOK,"NEPAL, BAGMATI PROVINCE, SINDHUPALCHOK",NPL,22351,NP-BA,NA,2023-10-01,2023-10-31,2023,39,Total,Admin2,Month,MOH-NPL-2023-Y04-01,SEARO
NEPAL,BAGMATI PROVINCE,RASUWA,"NEPAL, BAGMATI PROVINCE, RASUWA",NPL,22351,NP-BA,NA,2023-10-01,2023-10-31,2023,3,Total,Admin2,Month,MOH-NPL-2023-Y04-01,SEARO
NEPAL,BAGMATI PROVINCE,DHADING,"NEPAL, BAGMATI PROVINCE, DHADING",NPL,22351,NP-BA,NA,2023-10-01,2023-10-31,2023,123,Total,Admin2,Month,MOH-NPL-2023-Y04-01,SEARO
NEPAL,BAGMATI PROVINCE,NUWAKOT,"NEPAL, BAGMATI PROVINCE, NUWAKOT",NPL,22351,NP-BA,NA,2023-10-01,2023-10-31,2023,55,Total,Admin2,Month,MOH-NPL-2023-Y04-01,SEARO
NEPAL,BAGMATI PROVINCE,KATHMANDU,"NEPAL, BAGMATI PROVINCE, KATHMANDU",NPL,22351,NP-BA,NA,2023-10-01,2023-10-31,2023,878,Total,Admin2,Month,MOH-NPL-2023-Y04-01,SEARO
NEPAL,BAGMATI PROVINCE,BHAKTAPUR,"NEPAL, BAGMATI PROVINCE, BHAKTAPUR",NPL,22351,NP-BA,NA,2023-10-01,2023-10-31,2023,241,Total,Admin2,Month,MOH-NPL-2023-Y04-01,SEARO
NEPAL,BAGMATI PROVINCE,LALITPUR,"NEPAL, BAGMATI PROVINCE, LALITPUR",NPL,22351,NP-BA,NA,2023-10-01,2023-10-31,2023,193,Total,Admin2,Month,MOH-NPL-2023-Y04-01,SEARO
NEPAL,BAGMATI PROVINCE,KAVREPALANCHOK,"NEPAL, BAGMATI PROVINCE, KAVREPALANCHOK",NPL,22351,NP-BA,NA,2023-10-01,2023-10-31,2023,27,Total,Admin2,Month,MOH-NPL-2023-Y04-01,SEARO
NEPAL,BAGMATI PROVINCE,RAMECHHAP,"NEPAL, BAGMATI PROVINCE, RAMECHHAP",NPL,22351,NP-BA,NA,2023-10-01,2023-10-31,2023,21,Total,Admin2,Month,MOH-NPL-2023-Y04-01,SEARO
NEPAL,BAGMATI PROVINCE,SINDHULI,"NEPAL, BAGMATI PROVINCE, SINDHULI",NPL,22351,NP-BA,NA,2023-10-01,2023-10-31,2023,15,Total,Admin2,Month,MOH-NPL-2023-Y04-01,SEARO
NEPAL,BAGMATI PROVINCE,MAKWANPUR,"NEPAL, BAGMATI PROVINCE, MAKWANPUR",NPL,22351,NP-BA,NA,2023-10-01,2023-10-31,2023,47,Total,Admin2,Month,MOH-NPL-2023-Y04-01,SEARO
NEPAL,BAGMATI PROVINCE,CHITAWAN,"NEPAL, BAGMATI PROVINCE, CHITAWAN",NPL,22351,NP-BA,NA,2023-10-01,2023-10-31,2023,138,Total,Admin2,Month,MOH-NPL-2023-Y04-01,SEARO
NEPAL,GANDAKI PROVINCE,GORKHA,"NEPAL, GANDAKI PROVINCE, GORKHA",NPL,22363,NP-GA,NA,2023-10-01,2023-10-31,2023,586,Total,Admin2,Month,MOH-NPL-2023-Y04-01,SEARO
NEPAL,GANDAKI PROVINCE,MANANG,"NEPAL, GANDAKI PROVINCE, MANANG",NPL,22363,NP-GA,NA,2023-10-01,2023-10-31,2023,9,Total,Admin2,Month,MOH-NPL-2023-Y04-01,SEARO
NEPAL,GANDAKI PROVINCE,MUSTANG,"NEPAL, GANDAKI PROVINCE, MUSTANG",NPL,22363,NP-GA,NA,2023-10-01,2023-10-31,2023,3,Total,Admin2,Month,MOH-NPL-2023-Y04-01,SEARO
NEPAL,GANDAKI PROVINCE,MYAGDI,"NEPAL, GANDAKI PROVINCE, MYAGDI",NPL,22363,NP-GA,NA,2023-10-01,2023-10-31,2023,38,Total,Admin2,Month,MOH-NPL-2023-Y04-01,SEARO
NEPAL,GANDAKI PROVINCE,KASKI,"NEPAL, GANDAKI PROVINCE, KASKI",NPL,22363,NP-GA,NA,2023-10-01,2023-10-31,2023,1946,Total,Admin2,Month,MOH-NPL-2023-Y04-01,SEARO
NEPAL,GANDAKI PROVINCE,LAMJUNG,"NEPAL, GANDAKI PROVINCE, LAMJUNG",NPL,22363,NP-GA,NA,2023-10-01,2023-10-31,2023,146,Total,Admin2,Month,MOH-NPL-2023-Y04-01,SEARO
NEPAL,GANDAKI PROVINCE,TANAHU,"NEPAL, GANDAKI PROVINCE, TANAHU",NPL,22363,NP-GA,NA,2023-10-01,2023-10-31,2023,4605,Total,Admin2,Month,MOH-NPL-2023-Y04-01,SEARO
NEPAL,GANDAKI PROVINCE,NAWALPARASI EAST,"NEPAL, GANDAKI PROVINCE, NAWALPARASI EAST",NPL,22363,NP-GA,NA,2023-10-01,2023-10-31,2023,60,Total,Admin2,Month,MOH-NPL-2023-Y04-01,SEARO
NEPAL,GANDAKI PROVINCE,SYANGJA,"NEPAL, GANDAKI PROVINCE, SYANGJA",NPL,22363,NP-GA,NA,2023-10-01,2023-10-31,2023,428,Total,Admin2,Month,MOH-NPL-2023-Y04-01,SEARO
NEPAL,GANDAKI PROVINCE,PARBAT,"NEPAL, GANDAKI PROVINCE, PARBAT",NPL,22363,NP-GA,NA,2023-10-01,2023-10-31,2023,35,Total,Admin2,Month,MOH-NPL-2023-Y04-01,SEARO
NEPAL,GANDAKI PROVINCE,BAGLUNG,"NEPAL, GANDAKI PROVINCE, BAGLUNG",NPL,22363,NP-GA,NA,2023-10-01,2023-10-31,2023,363,Total,Admin2,Month,MOH-NPL-2023-Y04-01,SEARO
NEPAL,LUMBINI PROVINCE,RUKUM EAST,"NEPAL, LUMBINI PROVINCE, RUKUM EAST",NPL,22364,NP-LU,NA,2023-10-01,2023-10-31,2023,5,Total,Admin2,Month,MOH-NPL-2023-Y04-01,SEARO
NEPAL,LUMBINI PROVINCE,ROLPA,"NEPAL, LUMBINI PROVINCE, ROLPA",NPL,22364,NP-LU,NA,2023-10-01,2023-10-31,2023,13,Total,Admin2,Month,MOH-NPL-2023-Y04-01,SEARO
NEPAL,LUMBINI PROVINCE,PYUTHAN,"NEPAL, LUMBINI PROVINCE, PYUTHAN",NPL,22364,NP-LU,NA,2023-10-01,2023-10-31,2023,13,Total,Admin2,Month,MOH-NPL-2023-Y04-01,SEARO
NEPAL,LUMBINI PROVINCE,GULMI,"NEPAL, LUMBINI PROVINCE, GULMI",NPL,22364,NP-LU,NA,2023-10-01,2023-10-31,2023,67,Total,Admin2,Month,MOH-NPL-2023-Y04-01,SEARO
NEPAL,LUMBINI PROVINCE,ARGHAKHANCHI,"NEPAL, LUMBINI PROVINCE, ARGHAKHANCHI",NPL,22364,NP-LU,NA,2023-10-01,2023-10-31,2023,57,Total,Admin2,Month,MOH-NPL-2023-Y04-01,SEARO
NEPAL,LUMBINI PROVINCE,PALPA,"NEPAL, LUMBINI PROVINCE, PALPA",NPL,22364,NP-LU,NA,2023-10-01,2023-10-31,2023,147,Total,Admin2,Month,MOH-NPL-2023-Y04-01,SEARO
NEPAL,LUMBINI PROVINCE,NAWALPARASI WEST,"NEPAL, LUMBINI PROVINCE, NAWALPARASI WEST",NPL,22364,NP-LU,NA,2023-10-01,2023-10-31,2023,16,Total,Admin2,Month,MOH-NPL-2023-Y04-01,SEARO
NEPAL,LUMBINI PROVINCE,RUPANDEHI,"NEPAL, LUMBINI PROVINCE, RUPANDEHI",NPL,22364,NP-LU,NA,2023-10-01,2023-10-31,2023,101,Total,Admin2,Month,MOH-NPL-2023-Y04-01,SEARO
NEPAL,LUMBINI PROVINCE,KAPILBASTU,"NEPAL, LUMBINI PROVINCE, KAPILBASTU",NPL,22364,NP-LU,NA,2023-10-01,2023-10-31,2023,18,Total,Admin2,Month,MOH-NPL-2023-Y04-01,SEARO
NEPAL,LUMBINI PROVINCE,DANG,"NEPAL, LUMBINI PROVINCE, DANG",NPL,22364,NP-LU,NA,2023-10-01,2023-10-31,2023,23,Total,Admin2,Month,MOH-NPL-2023-Y04-01,SEARO
NEPAL,LUMBINI PROVINCE,BANKE,"NEPAL, LUMBINI PROVINCE, BANKE",NPL,22364,NP-LU,NA,2023-10-01,2023-10-31,2023,31,Total,Admin2,Month,MOH-NPL-2023-Y04-01,SEARO
NEPAL,LUMBINI PROVINCE,BARDIYA,"NEPAL, LUMBINI PROVINCE, BARDIYA",NPL,22364,NP-LU,NA,2023-10-01,2023-10-31,2023,9,Total,Admin2,Month,MOH-NPL-2023-Y04-01,SEARO
NEPAL,KARNALI PROVINCE,DOLPA,"NEPAL, KARNALI PROVINCE, DOLPA",NPL,22359,NP-KA,NA,2023-10-01,2023-10-31,2023,1,Total,Admin2,Month,MOH-NPL-2023-Y04-01,SEARO
NEPAL,KARNALI PROVINCE,MUGU,"NEPAL, KARNALI PROVINCE, MUGU",NPL,22359,NP-KA,NA,2023-10-01,2023-10-31,2023,1,Total,Admin2,Month,MOH-NPL-2023-Y04-01,SEARO
NEPAL,KARNALI PROVINCE,HUMLA,"NEPAL, KARNALI PROVINCE, HUMLA",NPL,22359,NP-KA,NA,2023-10-01,2023-10-31,2023,0,Total,Admin2,Month,MOH-NPL-2023-Y04-01,SEARO
NEPAL,KARNALI PROVINCE,JUMLA,"NEPAL, KARNALI PROVINCE, JUMLA",NPL,22359,NP-KA,NA,2023-10-01,2023-10-31,2023,0,Total,Admin2,Month,MOH-NPL-2023-Y04-01,SEARO
NEPAL,KARNALI PROVINCE,KALIKOT,"NEPAL, KARNALI PROVINCE, KALIKOT",NPL,22359,NP-KA,NA,2023-10-01,2023-10-31,2023,6,Total,Admin2,Month,MOH-NPL-2023-Y04-01,SEARO
NEPAL,KARNALI PROVINCE,DAILEKH,"NEPAL, KARNALI PROVINCE, DAILEKH",NPL,22359,NP-KA,NA,2023-10-01,2023-10-31,2023,7,Total,Admin2,Month,MOH-NPL-2023-Y04-01,SEARO
NEPAL,KARNALI PROVINCE,JAJARKOT,"NEPAL, KARNALI PROVINCE, JAJARKOT",NPL,22359,NP-KA,NA,2023-10-01,2023-10-31,2023,31,Total,Admin2,Month,MOH-NPL-2023-Y04-01,SEARO
NEPAL,KARNALI PROVINCE,RUKUM WEST,"NEPAL, KARNALI PROVINCE, RUKUM WEST",NPL,22359,NP-KA,NA,2023-10-01,2023-10-31,2023,19,Total,Admin2,Month,MOH-NPL-2023-Y04-01,SEARO
NEPAL,KARNALI PROVINCE,SALYAN,"NEPAL, KARNALI PROVINCE, SALYAN",NPL,22359,NP-KA,NA,2023-10-01,2023-10-31,2023,5,Total,Admin2,Month,MOH-NPL-2023-Y04-01,SEARO
NEPAL,KARNALI PROVINCE,SURKHET,"NEPAL, KARNALI PROVINCE, SURKHET",NPL,22359,NP-KA,NA,2023-10-01,2023-10-31,2023,17,Total,Admin2,Month,MOH-NPL-2023-Y04-01,SEARO
NEPAL,SUDURPASCHIM PROVINCE,BAJURA,"NEPAL, SUDURPASCHIM PROVINCE, BAJURA",NPL,22357,NP-MA,NA,2023-10-01,2023-10-31,2023,13,Total,Admin2,Month,MOH-NPL-2023-Y04-01,SEARO
NEPAL,SUDURPASCHIM PROVINCE,BAJHANG,"NEPAL, SUDURPASCHIM PROVINCE, BAJHANG",NPL,22357,NP-MA,NA,2023-10-01,2023-10-31,2023,13,Total,Admin2,Month,MOH-NPL-2023-Y04-01,SEARO
NEPAL,SUDURPASCHIM PROVINCE,DARCHULA,"NEPAL, SUDURPASCHIM PROVINCE, DARCHULA",NPL,22357,NP-MA,NA,2023-10-01,2023-10-31,2023,18,Total,Admin2,Month,MOH-NPL-2023-Y04-01,SEARO
NEPAL,SUDURPASCHIM PROVINCE,BAITADI,"NEPAL, SUDURPASCHIM PROVINCE, BAITADI",NPL,22357,NP-MA,NA,2023-10-01,2023-10-31,2023,15,Total,Admin2,Month,MOH-NPL-2023-Y04-01,SEARO
NEPAL,SUDURPASCHIM PROVINCE,DADELDHURA,"NEPAL, SUDURPASCHIM PROVINCE, DADELDHURA",NPL,22357,NP-MA,NA,2023-10-01,2023-10-31,2023,9,Total,Admin2,Month,MOH-NPL-2023-Y04-01,SEARO
NEPAL,SUDURPASCHIM PROVINCE,DOTI,"NEPAL, SUDURPASCHIM PROVINCE, DOTI",NPL,22357,NP-MA,NA,2023-10-01,2023-10-31,2023,1,Total,Admin2,Month,MOH-NPL-2023-Y04-01,SEARO
NEPAL,SUDURPASCHIM PROVINCE,ACHHAM,"NEPAL, SUDURPASCHIM PROVINCE, ACHHAM",NPL,22357,NP-MA,NA,2023-10-01,2023-10-31,2023,54,Total,Admin2,Month,MOH-NPL-2023-Y04-01,SEARO
NEPAL,SUDURPASCHIM PROVINCE,KAILALI,"NEPAL, SUDURPASCHIM PROVINCE, KAILALI",NPL,22357,NP-MA,NA,2023-10-01,2023-10-31,2023,330,Total,Admin2,Month,MOH-NPL-2023-Y04-01,SEARO
NEPAL,SUDURPASCHIM PROVINCE,KANCHANPUR,"NEPAL, SUDURPASCHIM PROVINCE, KANCHANPUR",NPL,22357,NP-MA,NA,2023-10-01,2023-10-31,2023,102,Total,Admin2,Month,MOH-NPL-2023-Y04-01,SEARO
NEPAL,NA,NA,NEPAL,NPL,175,NPL,NA,2023-11-01,2023-11-30,2023,2805,Total,Admin0,Month,WHO-ALL-2025-Y01-00,SEARO
NEPAL,KOSHI PROVINCE,TAPLEJUNG,"NEPAL, KOSHI PROVINCE, TAPLEJUNG",NPL,22354,NP-KO,NA,2023-11-01,2023-11-30,2023,0,Total,Admin2,Month,MOH-NPL-2023-Y04-01,SEARO
NEPAL,KOSHI PROVINCE,SANKHUWASABHA,"NEPAL, KOSHI PROVINCE, SANKHUWASABHA",NPL,22354,NP-KO,NA,2023-11-01,2023-11-30,2023,20,Total,Admin2,Month,MOH-NPL-2023-Y04-01,SEARO
NEPAL,KOSHI PROVINCE,SOLUKHUMBU,"NEPAL, KOSHI PROVINCE, SOLUKHUMBU",NPL,22354,NP-KO,NA,2023-11-01,2023-11-30,2023,0,Total,Admin2,Month,MOH-NPL-2023-Y04-01,SEARO
NEPAL,KOSHI PROVINCE,OKHALDHUNGA,"NEPAL, KOSHI PROVINCE, OKHALDHUNGA",NPL,22354,NP-KO,NA,2023-11-01,2023-11-30,2023,14,Total,Admin2,Month,MOH-NPL-2023-Y04-01,SEARO
NEPAL,KOSHI PROVINCE,KHOTANG,"NEPAL, KOSHI PROVINCE, KHOTANG",NPL,22354,NP-KO,NA,2023-11-01,2023-11-30,2023,1,Total,Admin2,Month,MOH-NPL-2023-Y04-01,SEARO
NEPAL,KOSHI PROVINCE,BHOJPUR,"NEPAL, KOSHI PROVINCE, BHOJPUR",NPL,22354,NP-KO,NA,2023-11-01,2023-11-30,2023,21,Total,Admin2,Month,MOH-NPL-2023-Y04-01,SEARO
NEPAL,KOSHI PROVINCE,DHANKUTA,"NEPAL, KOSHI PROVINCE, DHANKUTA",NPL,22354,NP-KO,NA,2023-11-01,2023-11-30,2023,0,Total,Admin2,Month,MOH-NPL-2023-Y04-01,SEARO
NEPAL,KOSHI PROVINCE,TERHATHUM,"NEPAL, KOSHI PROVINCE, TERHATHUM",NPL,22354,NP-KO,NA,2023-11-01,2023-11-30,2023,3,Total,Admin2,Month,MOH-NPL-2023-Y04-01,SEARO
NEPAL,KOSHI PROVINCE,PANCHTHAR,"NEPAL, KOSHI PROVINCE, PANCHTHAR",NPL,22354,NP-KO,NA,2023-11-01,2023-11-30,2023,0,Total,Admin2,Month,MOH-NPL-2023-Y04-01,SEARO
NEPAL,KOSHI PROVINCE,ILAM,"NEPAL, KOSHI PROVINCE, ILAM",NPL,22354,NP-KO,NA,2023-11-01,2023-11-30,2023,3,Total,Admin2,Month,MOH-NPL-2023-Y04-01,SEARO
NEPAL,KOSHI PROVINCE,JHAPA,"NEPAL, KOSHI PROVINCE, JHAPA",NPL,22354,NP-KO,NA,2023-11-01,2023-11-30,2023,70,Total,Admin2,Month,MOH-NPL-2023-Y04-01,SEARO
NEPAL,KOSHI PROVINCE,MORANG,"NEPAL, KOSHI PROVINCE, MORANG",NPL,22354,NP-KO,NA,2023-11-01,2023-11-30,2023,20,Total,Admin2,Month,MOH-NPL-2023-Y04-01,SEARO
NEPAL,KOSHI PROVINCE,SUNSARI,"NEPAL, KOSHI PROVINCE, SUNSARI",NPL,22354,NP-KO,NA,2023-11-01,2023-11-30,2023,9,Total,Admin2,Month,MOH-NPL-2023-Y04-01,SEARO
NEPAL,KOSHI PROVINCE,UDAYAPUR,"NEPAL, KOSHI PROVINCE, UDAYAPUR",NPL,22354,NP-KO,NA,2023-11-01,2023-11-30,2023,1,Total,Admin2,Month,MOH-NPL-2023-Y04-01,SEARO
NEPAL,MADHESH PROVINCE,SAPTARI,"NEPAL, MADHESH PROVINCE, SAPTARI",NPL,22352,NP-JA,NA,2023-11-01,2023-11-30,2023,1,Total,Admin2,Month,MOH-NPL-2023-Y04-01,SEARO
NEPAL,MADHESH PROVINCE,SIRAHA,"NEPAL, MADHESH PROVINCE, SIRAHA",NPL,22352,NP-JA,NA,2023-11-01,2023-11-30,2023,0,Total,Admin2,Month,MOH-NPL-2023-Y04-01,SEARO
NEPAL,MADHESH PROVINCE,DHANUSA,"NEPAL, MADHESH PROVINCE, DHANUSA",NPL,22352,NP-JA,NA,2023-11-01,2023-11-30,2023,6,Total,Admin2,Month,MOH-NPL-2023-Y04-01,SEARO
NEPAL,MADHESH PROVINCE,MAHOTTARI,"NEPAL, MADHESH PROVINCE, MAHOTTARI",NPL,22352,NP-JA,NA,2023-11-01,2023-11-30,2023,5,Total,Admin2,Month,MOH-NPL-2023-Y04-01,SEARO
NEPAL,MADHESH PROVINCE,SARLAHI,"NEPAL, MADHESH PROVINCE, SARLAHI",NPL,22352,NP-JA,NA,2023-11-01,2023-11-30,2023,2,Total,Admin2,Month,MOH-NPL-2023-Y04-01,SEARO
NEPAL,MADHESH PROVINCE,RAUTAHAT,"NEPAL, MADHESH PROVINCE, RAUTAHAT",NPL,22352,NP-JA,NA,2023-11-01,2023-11-30,2023,4,Total,Admin2,Month,MOH-NPL-2023-Y04-01,SEARO
NEPAL,MADHESH PROVINCE,BARA,"NEPAL, MADHESH PROVINCE, BARA",NPL,22352,NP-JA,NA,2023-11-01,2023-11-30,2023,6,Total,Admin2,Month,MOH-NPL-2023-Y04-01,SEARO
NEPAL,MADHESH PROVINCE,PARSA,"NEPAL, MADHESH PROVINCE, PARSA",NPL,22352,NP-JA,NA,2023-11-01,2023-11-30,2023,2,Total,Admin2,Month,MOH-NPL-2023-Y04-01,SEARO
NEPAL,BAGMATI PROVINCE,DOLAKHA,"NEPAL, BAGMATI PROVINCE, DOLAKHA",NPL,22351,NP-BA,NA,2023-11-01,2023-11-30,2023,0,Total,Admin2,Month,MOH-NPL-2023-Y04-01,SEARO
NEPAL,BAGMATI PROVINCE,SINDHUPALCHOK,"NEPAL, BAGMATI PROVINCE, SINDHUPALCHOK",NPL,22351,NP-BA,NA,2023-11-01,2023-11-30,2023,4,Total,Admin2,Month,MOH-NPL-2023-Y04-01,SEARO
NEPAL,BAGMATI PROVINCE,RASUWA,"NEPAL, BAGMATI PROVINCE, RASUWA",NPL,22351,NP-BA,NA,2023-11-01,2023-11-30,2023,2,Total,Admin2,Month,MOH-NPL-2023-Y04-01,SEARO
NEPAL,BAGMATI PROVINCE,DHADING,"NEPAL, BAGMATI PROVINCE, DHADING",NPL,22351,NP-BA,NA,2023-11-01,2023-11-30,2023,6,Total,Admin2,Month,MOH-NPL-2023-Y04-01,SEARO
NEPAL,BAGMATI PROVINCE,NUWAKOT,"NEPAL, BAGMATI PROVINCE, NUWAKOT",NPL,22351,NP-BA,NA,2023-11-01,2023-11-30,2023,1,Total,Admin2,Month,MOH-NPL-2023-Y04-01,SEARO
NEPAL,BAGMATI PROVINCE,KATHMANDU,"NEPAL, BAGMATI PROVINCE, KATHMANDU",NPL,22351,NP-BA,NA,2023-11-01,2023-11-30,2023,108,Total,Admin2,Month,MOH-NPL-2023-Y04-01,SEARO
NEPAL,BAGMATI PROVINCE,BHAKTAPUR,"NEPAL, BAGMATI PROVINCE, BHAKTAPUR",NPL,22351,NP-BA,NA,2023-11-01,2023-11-30,2023,30,Total,Admin2,Month,MOH-NPL-2023-Y04-01,SEARO
NEPAL,BAGMATI PROVINCE,LALITPUR,"NEPAL, BAGMATI PROVINCE, LALITPUR",NPL,22351,NP-BA,NA,2023-11-01,2023-11-30,2023,31,Total,Admin2,Month,MOH-NPL-2023-Y04-01,SEARO
NEPAL,BAGMATI PROVINCE,KAVREPALANCHOK,"NEPAL, BAGMATI PROVINCE, KAVREPALANCHOK",NPL,22351,NP-BA,NA,2023-11-01,2023-11-30,2023,33,Total,Admin2,Month,MOH-NPL-2023-Y04-01,SEARO
NEPAL,BAGMATI PROVINCE,RAMECHHAP,"NEPAL, BAGMATI PROVINCE, RAMECHHAP",NPL,22351,NP-BA,NA,2023-11-01,2023-11-30,2023,2,Total,Admin2,Month,MOH-NPL-2023-Y04-01,SEARO
NEPAL,BAGMATI PROVINCE,SINDHULI,"NEPAL, BAGMATI PROVINCE, SINDHULI",NPL,22351,NP-BA,NA,2023-11-01,2023-11-30,2023,5,Total,Admin2,Month,MOH-NPL-2023-Y04-01,SEARO
NEPAL,BAGMATI PROVINCE,MAKWANPUR,"NEPAL, BAGMATI PROVINCE, MAKWANPUR",NPL,22351,NP-BA,NA,2023-11-01,2023-11-30,2023,8,Total,Admin2,Month,MOH-NPL-2023-Y04-01,SEARO
NEPAL,BAGMATI PROVINCE,CHITAWAN,"NEPAL, BAGMATI PROVINCE, CHITAWAN",NPL,22351,NP-BA,NA,2023-11-01,2023-11-30,2023,62,Total,Admin2,Month,MOH-NPL-2023-Y04-01,SEARO
NEPAL,GANDAKI PROVINCE,GORKHA,"NEPAL, GANDAKI PROVINCE, GORKHA",NPL,22363,NP-GA,NA,2023-11-01,2023-11-30,2023,63,Total,Admin2,Month,MOH-NPL-2023-Y04-01,SEARO
NEPAL,GANDAKI PROVINCE,MANANG,"NEPAL, GANDAKI PROVINCE, MANANG",NPL,22363,NP-GA,NA,2023-11-01,2023-11-30,2023,0,Total,Admin2,Month,MOH-NPL-2023-Y04-01,SEARO
NEPAL,GANDAKI PROVINCE,MUSTANG,"NEPAL, GANDAKI PROVINCE, MUSTANG",NPL,22363,NP-GA,NA,2023-11-01,2023-11-30,2023,0,Total,Admin2,Month,MOH-NPL-2023-Y04-01,SEARO
NEPAL,GANDAKI PROVINCE,MYAGDI,"NEPAL, GANDAKI PROVINCE, MYAGDI",NPL,22363,NP-GA,NA,2023-11-01,2023-11-30,2023,2,Total,Admin2,Month,MOH-NPL-2023-Y04-01,SEARO
NEPAL,GANDAKI PROVINCE,KASKI,"NEPAL, GANDAKI PROVINCE, KASKI",NPL,22363,NP-GA,NA,2023-11-01,2023-11-30,2023,473,Total,Admin2,Month,MOH-NPL-2023-Y04-01,SEARO
NEPAL,GANDAKI PROVINCE,LAMJUNG,"NEPAL, GANDAKI PROVINCE, LAMJUNG",NPL,22363,NP-GA,NA,2023-11-01,2023-11-30,2023,53,Total,Admin2,Month,MOH-NPL-2023-Y04-01,SEARO
NEPAL,GANDAKI PROVINCE,TANAHU,"NEPAL, GANDAKI PROVINCE, TANAHU",NPL,22363,NP-GA,NA,2023-11-01,2023-11-30,2023,650,Total,Admin2,Month,MOH-NPL-2023-Y04-01,SEARO
NEPAL,GANDAKI PROVINCE,NAWALPARASI EAST,"NEPAL, GANDAKI PROVINCE, NAWALPARASI EAST",NPL,22363,NP-GA,NA,2023-11-01,2023-11-30,2023,8,Total,Admin2,Month,MOH-NPL-2023-Y04-01,SEARO
NEPAL,GANDAKI PROVINCE,SYANGJA,"NEPAL, GANDAKI PROVINCE, SYANGJA",NPL,22363,NP-GA,NA,2023-11-01,2023-11-30,2023,21,Total,Admin2,Month,MOH-NPL-2023-Y04-01,SEARO
NEPAL,GANDAKI PROVINCE,PARBAT,"NEPAL, GANDAKI PROVINCE, PARBAT",NPL,22363,NP-GA,NA,2023-11-01,2023-11-30,2023,3,Total,Admin2,Month,MOH-NPL-2023-Y04-01,SEARO
NEPAL,GANDAKI PROVINCE,BAGLUNG,"NEPAL, GANDAKI PROVINCE, BAGLUNG",NPL,22363,NP-GA,NA,2023-11-01,2023-11-30,2023,152,Total,Admin2,Month,MOH-NPL-2023-Y04-01,SEARO
NEPAL,LUMBINI PROVINCE,RUKUM EAST,"NEPAL, LUMBINI PROVINCE, RUKUM EAST",NPL,22364,NP-LU,NA,2023-11-01,2023-11-30,2023,0,Total,Admin2,Month,MOH-NPL-2023-Y04-01,SEARO
NEPAL,LUMBINI PROVINCE,ROLPA,"NEPAL, LUMBINI PROVINCE, ROLPA",NPL,22364,NP-LU,NA,2023-11-01,2023-11-30,2023,4,Total,Admin2,Month,MOH-NPL-2023-Y04-01,SEARO
NEPAL,LUMBINI PROVINCE,PYUTHAN,"NEPAL, LUMBINI PROVINCE, PYUTHAN",NPL,22364,NP-LU,NA,2023-11-01,2023-11-30,2023,1,Total,Admin2,Month,MOH-NPL-2023-Y04-01,SEARO
NEPAL,LUMBINI PROVINCE,GULMI,"NEPAL, LUMBINI PROVINCE, GULMI",NPL,22364,NP-LU,NA,2023-11-01,2023-11-30,2023,6,Total,Admin2,Month,MOH-NPL-2023-Y04-01,SEARO
NEPAL,LUMBINI PROVINCE,ARGHAKHANCHI,"NEPAL, LUMBINI PROVINCE, ARGHAKHANCHI",NPL,22364,NP-LU,NA,2023-11-01,2023-11-30,2023,3,Total,Admin2,Month,MOH-NPL-2023-Y04-01,SEARO
NEPAL,LUMBINI PROVINCE,PALPA,"NEPAL, LUMBINI PROVINCE, PALPA",NPL,22364,NP-LU,NA,2023-11-01,2023-11-30,2023,23,Total,Admin2,Month,MOH-NPL-2023-Y04-01,SEARO
NEPAL,LUMBINI PROVINCE,NAWALPARASI WEST,"NEPAL, LUMBINI PROVINCE, NAWALPARASI WEST",NPL,22364,NP-LU,NA,2023-11-01,2023-11-30,2023,2,Total,Admin2,Month,MOH-NPL-2023-Y04-01,SEARO
NEPAL,LUMBINI PROVINCE,RUPANDEHI,"NEPAL, LUMBINI PROVINCE, RUPANDEHI",NPL,22364,NP-LU,NA,2023-11-01,2023-11-30,2023,21,Total,Admin2,Month,MOH-NPL-2023-Y04-01,SEARO
NEPAL,LUMBINI PROVINCE,KAPILBASTU,"NEPAL, LUMBINI PROVINCE, KAPILBASTU",NPL,22364,NP-LU,NA,2023-11-01,2023-11-30,2023,8,Total,Admin2,Month,MOH-NPL-2023-Y04-01,SEARO
NEPAL,LUMBINI PROVINCE,DANG,"NEPAL, LUMBINI PROVINCE, DANG",NPL,22364,NP-LU,NA,2023-11-01,2023-11-30,2023,4,Total,Admin2,Month,MOH-NPL-2023-Y04-01,SEARO
NEPAL,LUMBINI PROVINCE,BANKE,"NEPAL, LUMBINI PROVINCE, BANKE",NPL,22364,NP-LU,NA,2023-11-01,2023-11-30,2023,2,Total,Admin2,Month,MOH-NPL-2023-Y04-01,SEARO
NEPAL,LUMBINI PROVINCE,BARDIYA,"NEPAL, LUMBINI PROVINCE, BARDIYA",NPL,22364,NP-LU,NA,2023-11-01,2023-11-30,2023,1,Total,Admin2,Month,MOH-NPL-2023-Y04-01,SEARO
NEPAL,KARNALI PROVINCE,DOLPA,"NEPAL, KARNALI PROVINCE, DOLPA",NPL,22359,NP-KA,NA,2023-11-01,2023-11-30,2023,0,Total,Admin2,Month,MOH-NPL-2023-Y04-01,SEARO
NEPAL,KARNALI PROVINCE,MUGU,"NEPAL, KARNALI PROVINCE, MUGU",NPL,22359,NP-KA,NA,2023-11-01,2023-11-30,2023,0,Total,Admin2,Month,MOH-NPL-2023-Y04-01,SEARO
NEPAL,KARNALI PROVINCE,HUMLA,"NEPAL, KARNALI PROVINCE, HUMLA",NPL,22359,NP-KA,NA,2023-11-01,2023-11-30,2023,1,Total,Admin2,Month,MOH-NPL-2023-Y04-01,SEARO
NEPAL,KARNALI PROVINCE,JUMLA,"NEPAL, KARNALI PROVINCE, JUMLA",NPL,22359,NP-KA,NA,2023-11-01,2023-11-30,2023,0,Total,Admin2,Month,MOH-NPL-2023-Y04-01,SEARO
NEPAL,KARNALI PROVINCE,KALIKOT,"NEPAL, KARNALI PROVINCE, KALIKOT",NPL,22359,NP-KA,NA,2023-11-01,2023-11-30,2023,0,Total,Admin2,Month,MOH-NPL-2023-Y04-01,SEARO
NEPAL,KARNALI PROVINCE,DAILEKH,"NEPAL, KARNALI PROVINCE, DAILEKH",NPL,22359,NP-KA,NA,2023-11-01,2023-11-30,2023,0,Total,Admin2,Month,MOH-NPL-2023-Y04-01,SEARO
NEPAL,KARNALI PROVINCE,JAJARKOT,"NEPAL, KARNALI PROVINCE, JAJARKOT",NPL,22359,NP-KA,NA,2023-11-01,2023-11-30,2023,11,Total,Admin2,Month,MOH-NPL-2023-Y04-01,SEARO
NEPAL,KARNALI PROVINCE,RUKUM WEST,"NEPAL, KARNALI PROVINCE, RUKUM WEST",NPL,22359,NP-KA,NA,2023-11-01,2023-11-30,2023,10,Total,Admin2,Month,MOH-NPL-2023-Y04-01,SEARO
NEPAL,KARNALI PROVINCE,SALYAN,"NEPAL, KARNALI PROVINCE, SALYAN",NPL,22359,NP-KA,NA,2023-11-01,2023-11-30,2023,0,Total,Admin2,Month,MOH-NPL-2023-Y04-01,SEARO
NEPAL,KARNALI PROVINCE,SURKHET,"NEPAL, KARNALI PROVINCE, SURKHET",NPL,22359,NP-KA,NA,2023-11-01,2023-11-30,2023,0,Total,Admin2,Month,MOH-NPL-2023-Y04-01,SEARO
NEPAL,SUDURPASCHIM PROVINCE,BAJURA,"NEPAL, SUDURPASCHIM PROVINCE, BAJURA",NPL,22357,NP-MA,NA,2023-11-01,2023-11-30,2023,9,Total,Admin2,Month,MOH-NPL-2023-Y04-01,SEARO
NEPAL,SUDURPASCHIM PROVINCE,BAJHANG,"NEPAL, SUDURPASCHIM PROVINCE, BAJHANG",NPL,22357,NP-MA,NA,2023-11-01,2023-11-30,2023,0,Total,Admin2,Month,MOH-NPL-2023-Y04-01,SEARO
NEPAL,SUDURPASCHIM PROVINCE,DARCHULA,"NEPAL, SUDURPASCHIM PROVINCE, DARCHULA",NPL,22357,NP-MA,NA,2023-11-01,2023-11-30,2023,4,Total,Admin2,Month,MOH-NPL-2023-Y04-01,SEARO
NEPAL,SUDURPASCHIM PROVINCE,BAITADI,"NEPAL, SUDURPASCHIM PROVINCE, BAITADI",NPL,22357,NP-MA,NA,2023-11-01,2023-11-30,2023,0,Total,Admin2,Month,MOH-NPL-2023-Y04-01,SEARO
NEPAL,SUDURPASCHIM PROVINCE,DADELDHURA,"NEPAL, SUDURPASCHIM PROVINCE, DADELDHURA",NPL,22357,NP-MA,NA,2023-11-01,2023-11-30,2023,2,Total,Admin2,Month,MOH-NPL-2023-Y04-01,SEARO
NEPAL,SUDURPASCHIM PROVINCE,DOTI,"NEPAL, SUDURPASCHIM PROVINCE, DOTI",NPL,22357,NP-MA,NA,2023-11-01,2023-11-30,2023,0,Total,Admin2,Month,MOH-NPL-2023-Y04-01,SEARO
NEPAL,SUDURPASCHIM PROVINCE,ACHHAM,"NEPAL, SUDURPASCHIM PROVINCE, ACHHAM",NPL,22357,NP-MA,NA,2023-11-01,2023-11-30,2023,0,Total,Admin2,Month,MOH-NPL-2023-Y04-01,SEARO
NEPAL,SUDURPASCHIM PROVINCE,KAILALI,"NEPAL, SUDURPASCHIM PROVINCE, KAILALI",NPL,22357,NP-MA,NA,2023-11-01,2023-11-30,2023,80,Total,Admin2,Month,MOH-NPL-2023-Y04-01,SEARO
NEPAL,SUDURPASCHIM PROVINCE,KANCHANPUR,"NEPAL, SUDURPASCHIM PROVINCE, KANCHANPUR",NPL,22357,NP-MA,NA,2023-11-01,2023-11-30,2023,25,Total,Admin2,Month,MOH-NPL-2023-Y04-01,SEARO
NEPAL,NA,NA,NEPAL,NPL,175,NPL,NA,2023-12-01,2023-12-31,2023,576,Total,Admin0,Month,WHO-ALL-2025-Y01-00,SEARO
NEPAL,KOSHI PROVINCE,TAPLEJUNG,"NEPAL, KOSHI PROVINCE, TAPLEJUNG",NPL,22354,NP-KO,NA,2023-12-01,2023-12-31,2023,0,Total,Admin2,Month,MOH-NPL-2023-Y04-01,SEARO
NEPAL,KOSHI PROVINCE,SANKHUWASABHA,"NEPAL, KOSHI PROVINCE, SANKHUWASABHA",NPL,22354,NP-KO,NA,2023-12-01,2023-12-31,2023,2,Total,Admin2,Month,MOH-NPL-2023-Y04-01,SEARO
NEPAL,KOSHI PROVINCE,SOLUKHUMBU,"NEPAL, KOSHI PROVINCE, SOLUKHUMBU",NPL,22354,NP-KO,NA,2023-12-01,2023-12-31,2023,0,Total,Admin2,Month,MOH-NPL-2023-Y04-01,SEARO
NEPAL,KOSHI PROVINCE,OKHALDHUNGA,"NEPAL, KOSHI PROVINCE, OKHALDHUNGA",NPL,22354,NP-KO,NA,2023-12-01,2023-12-31,2023,6,Total,Admin2,Month,MOH-NPL-2023-Y04-01,SEARO
NEPAL,KOSHI PROVINCE,KHOTANG,"NEPAL, KOSHI PROVINCE, KHOTANG",NPL,22354,NP-KO,NA,2023-12-01,2023-12-31,2023,0,Total,Admin2,Month,MOH-NPL-2023-Y04-01,SEARO
NEPAL,KOSHI PROVINCE,BHOJPUR,"NEPAL, KOSHI PROVINCE, BHOJPUR",NPL,22354,NP-KO,NA,2023-12-01,2023-12-31,2023,2,Total,Admin2,Month,MOH-NPL-2023-Y04-01,SEARO
NEPAL,KOSHI PROVINCE,DHANKUTA,"NEPAL, KOSHI PROVINCE, DHANKUTA",NPL,22354,NP-KO,NA,2023-12-01,2023-12-31,2023,0,Total,Admin2,Month,MOH-NPL-2023-Y04-01,SEARO
NEPAL,KOSHI PROVINCE,TERHATHUM,"NEPAL, KOSHI PROVINCE, TERHATHUM",NPL,22354,NP-KO,NA,2023-12-01,2023-12-31,2023,0,Total,Admin2,Month,MOH-NPL-2023-Y04-01,SEARO
NEPAL,KOSHI PROVINCE,PANCHTHAR,"NEPAL, KOSHI PROVINCE, PANCHTHAR",NPL,22354,NP-KO,NA,2023-12-01,2023-12-31,2023,0,Total,Admin2,Month,MOH-NPL-2023-Y04-01,SEARO
NEPAL,KOSHI PROVINCE,ILAM,"NEPAL, KOSHI PROVINCE, ILAM",NPL,22354,NP-KO,NA,2023-12-01,2023-12-31,2023,1,Total,Admin2,Month,MOH-NPL-2023-Y04-01,SEARO
NEPAL,KOSHI PROVINCE,JHAPA,"NEPAL, KOSHI PROVINCE, JHAPA",NPL,22354,NP-KO,NA,2023-12-01,2023-12-31,2023,28,Total,Admin2,Month,MOH-NPL-2023-Y04-01,SEARO
NEPAL,KOSHI PROVINCE,MORANG,"NEPAL, KOSHI PROVINCE, MORANG",NPL,22354,NP-KO,NA,2023-12-01,2023-12-31,2023,6,Total,Admin2,Month,MOH-NPL-2023-Y04-01,SEARO
NEPAL,KOSHI PROVINCE,SUNSARI,"NEPAL, KOSHI PROVINCE, SUNSARI",NPL,22354,NP-KO,NA,2023-12-01,2023-12-31,2023,5,Total,Admin2,Month,MOH-NPL-2023-Y04-01,SEARO
NEPAL,KOSHI PROVINCE,UDAYAPUR,"NEPAL, KOSHI PROVINCE, UDAYAPUR",NPL,22354,NP-KO,NA,2023-12-01,2023-12-31,2023,0,Total,Admin2,Month,MOH-NPL-2023-Y04-01,SEARO
NEPAL,MADHESH PROVINCE,SAPTARI,"NEPAL, MADHESH PROVINCE, SAPTARI",NPL,22352,NP-JA,NA,2023-12-01,2023-12-31,2023,1,Total,Admin2,Month,MOH-NPL-2023-Y04-01,SEARO
NEPAL,MADHESH PROVINCE,SIRAHA,"NEPAL, MADHESH PROVINCE, SIRAHA",NPL,22352,NP-JA,NA,2023-12-01,2023-12-31,2023,0,Total,Admin2,Month,MOH-NPL-2023-Y04-01,SEARO
NEPAL,MADHESH PROVINCE,DHANUSA,"NEPAL, MADHESH PROVINCE, DHANUSA",NPL,22352,NP-JA,NA,2023-12-01,2023-12-31,2023,0,Total,Admin2,Month,MOH-NPL-2023-Y04-01,SEARO
NEPAL,MADHESH PROVINCE,MAHOTTARI,"NEPAL, MADHESH PROVINCE, MAHOTTARI",NPL,22352,NP-JA,NA,2023-12-01,2023-12-31,2023,1,Total,Admin2,Month,MOH-NPL-2023-Y04-01,SEARO
NEPAL,MADHESH PROVINCE,SARLAHI,"NEPAL, MADHESH PROVINCE, SARLAHI",NPL,22352,NP-JA,NA,2023-12-01,2023-12-31,2023,4,Total,Admin2,Month,MOH-NPL-2023-Y04-01,SEARO
NEPAL,MADHESH PROVINCE,RAUTAHAT,"NEPAL, MADHESH PROVINCE, RAUTAHAT",NPL,22352,NP-JA,NA,2023-12-01,2023-12-31,2023,1,Total,Admin2,Month,MOH-NPL-2023-Y04-01,SEARO
NEPAL,MADHESH PROVINCE,BARA,"NEPAL, MADHESH PROVINCE, BARA",NPL,22352,NP-JA,NA,2023-12-01,2023-12-31,2023,1,Total,Admin2,Month,MOH-NPL-2023-Y04-01,SEARO
NEPAL,MADHESH PROVINCE,PARSA,"NEPAL, MADHESH PROVINCE, PARSA",NPL,22352,NP-JA,NA,2023-12-01,2023-12-31,2023,0,Total,Admin2,Month,MOH-NPL-2023-Y04-01,SEARO
NEPAL,BAGMATI PROVINCE,DOLAKHA,"NEPAL, BAGMATI PROVINCE, DOLAKHA",NPL,22351,NP-BA,NA,2023-12-01,2023-12-31,2023,0,Total,Admin2,Month,MOH-NPL-2023-Y04-01,SEARO
NEPAL,BAGMATI PROVINCE,SINDHUPALCHOK,"NEPAL, BAGMATI PROVINCE, SINDHUPALCHOK",NPL,22351,NP-BA,NA,2023-12-01,2023-12-31,2023,0,Total,Admin2,Month,MOH-NPL-2023-Y04-01,SEARO
NEPAL,BAGMATI PROVINCE,RASUWA,"NEPAL, BAGMATI PROVINCE, RASUWA",NPL,22351,NP-BA,NA,2023-12-01,2023-12-31,2023,0,Total,Admin2,Month,MOH-NPL-2023-Y04-01,SEARO
NEPAL,BAGMATI PROVINCE,DHADING,"NEPAL, BAGMATI PROVINCE, DHADING",NPL,22351,NP-BA,NA,2023-12-01,2023-12-31,2023,2,Total,Admin2,Month,MOH-NPL-2023-Y04-01,SEARO
NEPAL,BAGMATI PROVINCE,NUWAKOT,"NEPAL, BAGMATI PROVINCE, NUWAKOT",NPL,22351,NP-BA,NA,2023-12-01,2023-12-31,2023,0,Total,Admin2,Month,MOH-NPL-2023-Y04-01,SEARO
NEPAL,BAGMATI PROVINCE,KATHMANDU,"NEPAL, BAGMATI PROVINCE, KATHMANDU",NPL,22351,NP-BA,NA,2023-12-01,2023-12-31,2023,27,Total,Admin2,Month,MOH-NPL-2023-Y04-01,SEARO
NEPAL,BAGMATI PROVINCE,BHAKTAPUR,"NEPAL, BAGMATI PROVINCE, BHAKTAPUR",NPL,22351,NP-BA,NA,2023-12-01,2023-12-31,2023,9,Total,Admin2,Month,MOH-NPL-2023-Y04-01,SEARO
NEPAL,BAGMATI PROVINCE,LALITPUR,"NEPAL, BAGMATI PROVINCE, LALITPUR",NPL,22351,NP-BA,NA,2023-12-01,2023-12-31,2023,8,Total,Admin2,Month,MOH-NPL-2023-Y04-01,SEARO
NEPAL,BAGMATI PROVINCE,KAVREPALANCHOK,"NEPAL, BAGMATI PROVINCE, KAVREPALANCHOK",NPL,22351,NP-BA,NA,2023-12-01,2023-12-31,2023,0,Total,Admin2,Month,MOH-NPL-2023-Y04-01,SEARO
NEPAL,BAGMATI PROVINCE,RAMECHHAP,"NEPAL, BAGMATI PROVINCE, RAMECHHAP",NPL,22351,NP-BA,NA,2023-12-01,2023-12-31,2023,1,Total,Admin2,Month,MOH-NPL-2023-Y04-01,SEARO
NEPAL,BAGMATI PROVINCE,SINDHULI,"NEPAL, BAGMATI PROVINCE, SINDHULI",NPL,22351,NP-BA,NA,2023-12-01,2023-12-31,2023,1,Total,Admin2,Month,MOH-NPL-2023-Y04-01,SEARO
NEPAL,BAGMATI PROVINCE,MAKWANPUR,"NEPAL, BAGMATI PROVINCE, MAKWANPUR",NPL,22351,NP-BA,NA,2023-12-01,2023-12-31,2023,2,Total,Admin2,Month,MOH-NPL-2023-Y04-01,SEARO
NEPAL,BAGMATI PROVINCE,CHITAWAN,"NEPAL, BAGMATI PROVINCE, CHITAWAN",NPL,22351,NP-BA,NA,2023-12-01,2023-12-31,2023,14,Total,Admin2,Month,MOH-NPL-2023-Y04-01,SEARO
NEPAL,GANDAKI PROVINCE,GORKHA,"NEPAL, GANDAKI PROVINCE, GORKHA",NPL,22363,NP-GA,NA,2023-12-01,2023-12-31,2023,13,Total,Admin2,Month,MOH-NPL-2023-Y04-01,SEARO
NEPAL,GANDAKI PROVINCE,MANANG,"NEPAL, GANDAKI PROVINCE, MANANG",NPL,22363,NP-GA,NA,2023-12-01,2023-12-31,2023,0,Total,Admin2,Month,MOH-NPL-2023-Y04-01,SEARO
NEPAL,GANDAKI PROVINCE,MUSTANG,"NEPAL, GANDAKI PROVINCE, MUSTANG",NPL,22363,NP-GA,NA,2023-12-01,2023-12-31,2023,0,Total,Admin2,Month,MOH-NPL-2023-Y04-01,SEARO
NEPAL,GANDAKI PROVINCE,MYAGDI,"NEPAL, GANDAKI PROVINCE, MYAGDI",NPL,22363,NP-GA,NA,2023-12-01,2023-12-31,2023,3,Total,Admin2,Month,MOH-NPL-2023-Y04-01,SEARO
NEPAL,GANDAKI PROVINCE,KASKI,"NEPAL, GANDAKI PROVINCE, KASKI",NPL,22363,NP-GA,NA,2023-12-01,2023-12-31,2023,54,Total,Admin2,Month,MOH-NPL-2023-Y04-01,SEARO
NEPAL,GANDAKI PROVINCE,LAMJUNG,"NEPAL, GANDAKI PROVINCE, LAMJUNG",NPL,22363,NP-GA,NA,2023-12-01,2023-12-31,2023,15,Total,Admin2,Month,MOH-NPL-2023-Y04-01,SEARO
NEPAL,GANDAKI PROVINCE,TANAHU,"NEPAL, GANDAKI PROVINCE, TANAHU",NPL,22363,NP-GA,NA,2023-12-01,2023-12-31,2023,26,Total,Admin2,Month,MOH-NPL-2023-Y04-01,SEARO
NEPAL,GANDAKI PROVINCE,NAWALPARASI EAST,"NEPAL, GANDAKI PROVINCE, NAWALPARASI EAST",NPL,22363,NP-GA,NA,2023-12-01,2023-12-31,2023,1,Total,Admin2,Month,MOH-NPL-2023-Y04-01,SEARO
NEPAL,GANDAKI PROVINCE,SYANGJA,"NEPAL, GANDAKI PROVINCE, SYANGJA",NPL,22363,NP-GA,NA,2023-12-01,2023-12-31,2023,5,Total,Admin2,Month,MOH-NPL-2023-Y04-01,SEARO
NEPAL,GANDAKI PROVINCE,PARBAT,"NEPAL, GANDAKI PROVINCE, PARBAT",NPL,22363,NP-GA,NA,2023-12-01,2023-12-31,2023,0,Total,Admin2,Month,MOH-NPL-2023-Y04-01,SEARO
NEPAL,GANDAKI PROVINCE,BAGLUNG,"NEPAL, GANDAKI PROVINCE, BAGLUNG",NPL,22363,NP-GA,NA,2023-12-01,2023-12-31,2023,2,Total,Admin2,Month,MOH-NPL-2023-Y04-01,SEARO
NEPAL,LUMBINI PROVINCE,RUKUM EAST,"NEPAL, LUMBINI PROVINCE, RUKUM EAST",NPL,22364,NP-LU,NA,2023-12-01,2023-12-31,2023,0,Total,Admin2,Month,MOH-NPL-2023-Y04-01,SEARO
NEPAL,LUMBINI PROVINCE,ROLPA,"NEPAL, LUMBINI PROVINCE, ROLPA",NPL,22364,NP-LU,NA,2023-12-01,2023-12-31,2023,0,Total,Admin2,Month,MOH-NPL-2023-Y04-01,SEARO
NEPAL,LUMBINI PROVINCE,PYUTHAN,"NEPAL, LUMBINI PROVINCE, PYUTHAN",NPL,22364,NP-LU,NA,2023-12-01,2023-12-31,2023,0,Total,Admin2,Month,MOH-NPL-2023-Y04-01,SEARO
NEPAL,LUMBINI PROVINCE,GULMI,"NEPAL, LUMBINI PROVINCE, GULMI",NPL,22364,NP-LU,NA,2023-12-01,2023-12-31,2023,1,Total,Admin2,Month,MOH-NPL-2023-Y04-01,SEARO
NEPAL,LUMBINI PROVINCE,ARGHAKHANCHI,"NEPAL, LUMBINI PROVINCE, ARGHAKHANCHI",NPL,22364,NP-LU,NA,2023-12-01,2023-12-31,2023,0,Total,Admin2,Month,MOH-NPL-2023-Y04-01,SEARO
NEPAL,LUMBINI PROVINCE,PALPA,"NEPAL, LUMBINI PROVINCE, PALPA",NPL,22364,NP-LU,NA,2023-12-01,2023-12-31,2023,11,Total,Admin2,Month,MOH-NPL-2023-Y04-01,SEARO
NEPAL,LUMBINI PROVINCE,NAWALPARASI WEST,"NEPAL, LUMBINI PROVINCE, NAWALPARASI WEST",NPL,22364,NP-LU,NA,2023-12-01,2023-12-31,2023,2,Total,Admin2,Month,MOH-NPL-2023-Y04-01,SEARO
NEPAL,LUMBINI PROVINCE,RUPANDEHI,"NEPAL, LUMBINI PROVINCE, RUPANDEHI",NPL,22364,NP-LU,NA,2023-12-01,2023-12-31,2023,6,Total,Admin2,Month,MOH-NPL-2023-Y04-01,SEARO
NEPAL,LUMBINI PROVINCE,KAPILBASTU,"NEPAL, LUMBINI PROVINCE, KAPILBASTU",NPL,22364,NP-LU,NA,2023-12-01,2023-12-31,2023,2,Total,Admin2,Month,MOH-NPL-2023-Y04-01,SEARO
NEPAL,LUMBINI PROVINCE,DANG,"NEPAL, LUMBINI PROVINCE, DANG",NPL,22364,NP-LU,NA,2023-12-01,2023-12-31,2023,1,Total,Admin2,Month,MOH-NPL-2023-Y04-01,SEARO
NEPAL,LUMBINI PROVINCE,BANKE,"NEPAL, LUMBINI PROVINCE, BANKE",NPL,22364,NP-LU,NA,2023-12-01,2023-12-31,2023,0,Total,Admin2,Month,MOH-NPL-2023-Y04-01,SEARO
NEPAL,LUMBINI PROVINCE,BARDIYA,"NEPAL, LUMBINI PROVINCE, BARDIYA",NPL,22364,NP-LU,NA,2023-12-01,2023-12-31,2023,1,Total,Admin2,Month,MOH-NPL-2023-Y04-01,SEARO
NEPAL,KARNALI PROVINCE,DOLPA,"NEPAL, KARNALI PROVINCE, DOLPA",NPL,22359,NP-KA,NA,2023-12-01,2023-12-31,2023,0,Total,Admin2,Month,MOH-NPL-2023-Y04-01,SEARO
NEPAL,KARNALI PROVINCE,MUGU,"NEPAL, KARNALI PROVINCE, MUGU",NPL,22359,NP-KA,NA,2023-12-01,2023-12-31,2023,0,Total,Admin2,Month,MOH-NPL-2023-Y04-01,SEARO
NEPAL,KARNALI PROVINCE,HUMLA,"NEPAL, KARNALI PROVINCE, HUMLA",NPL,22359,NP-KA,NA,2023-12-01,2023-12-31,2023,0,Total,Admin2,Month,MOH-NPL-2023-Y04-01,SEARO
NEPAL,KARNALI PROVINCE,JUMLA,"NEPAL, KARNALI PROVINCE, JUMLA",NPL,22359,NP-KA,NA,2023-12-01,2023-12-31,2023,1,Total,Admin2,Month,MOH-NPL-2023-Y04-01,SEARO
NEPAL,KARNALI PROVINCE,KALIKOT,"NEPAL, KARNALI PROVINCE, KALIKOT",NPL,22359,NP-KA,NA,2023-12-01,2023-12-31,2023,0,Total,Admin2,Month,MOH-NPL-2023-Y04-01,SEARO
NEPAL,KARNALI PROVINCE,DAILEKH,"NEPAL, KARNALI PROVINCE, DAILEKH",NPL,22359,NP-KA,NA,2023-12-01,2023-12-31,2023,0,Total,Admin2,Month,MOH-NPL-2023-Y04-01,SEARO
NEPAL,KARNALI PROVINCE,JAJARKOT,"NEPAL, KARNALI PROVINCE, JAJARKOT",NPL,22359,NP-KA,NA,2023-12-01,2023-12-31,2023,4,Total,Admin2,Month,MOH-NPL-2023-Y04-01,SEARO
NEPAL,KARNALI PROVINCE,RUKUM WEST,"NEPAL, KARNALI PROVINCE, RUKUM WEST",NPL,22359,NP-KA,NA,2023-12-01,2023-12-31,2023,1,Total,Admin2,Month,MOH-NPL-2023-Y04-01,SEARO
NEPAL,KARNALI PROVINCE,SALYAN,"NEPAL, KARNALI PROVINCE, SALYAN",NPL,22359,NP-KA,NA,2023-12-01,2023-12-31,2023,0,Total,Admin2,Month,MOH-NPL-2023-Y04-01,SEARO
NEPAL,KARNALI PROVINCE,SURKHET,"NEPAL, KARNALI PROVINCE, SURKHET",NPL,22359,NP-KA,NA,2023-12-01,2023-12-31,2023,0,Total,Admin2,Month,MOH-NPL-2023-Y04-01,SEARO
NEPAL,SUDURPASCHIM PROVINCE,BAJURA,"NEPAL, SUDURPASCHIM PROVINCE, BAJURA",NPL,22357,NP-MA,NA,2023-12-01,2023-12-31,2023,3,Total,Admin2,Month,MOH-NPL-2023-Y04-01,SEARO
NEPAL,SUDURPASCHIM PROVINCE,BAJHANG,"NEPAL, SUDURPASCHIM PROVINCE, BAJHANG",NPL,22357,NP-MA,NA,2023-12-01,2023-12-31,2023,0,Total,Admin2,Month,MOH-NPL-2023-Y04-01,SEARO
NEPAL,SUDURPASCHIM PROVINCE,DARCHULA,"NEPAL, SUDURPASCHIM PROVINCE, DARCHULA",NPL,22357,NP-MA,NA,2023-12-01,2023-12-31,2023,1,Total,Admin2,Month,MOH-NPL-2023-Y04-01,SEARO
NEPAL,SUDURPASCHIM PROVINCE,BAITADI,"NEPAL, SUDURPASCHIM PROVINCE, BAITADI",NPL,22357,NP-MA,NA,2023-12-01,2023-12-31,2023,0,Total,Admin2,Month,MOH-NPL-2023-Y04-01,SEARO
NEPAL,SUDURPASCHIM PROVINCE,DADELDHURA,"NEPAL, SUDURPASCHIM PROVINCE, DADELDHURA",NPL,22357,NP-MA,NA,2023-12-01,2023-12-31,2023,0,Total,Admin2,Month,MOH-NPL-2023-Y04-01,SEARO
NEPAL,SUDURPASCHIM PROVINCE,DOTI,"NEPAL, SUDURPASCHIM PROVINCE, DOTI",NPL,22357,NP-MA,NA,2023-12-01,2023-12-31,2023,0,Total,Admin2,Month,MOH-NPL-2023-Y04-01,SEARO
NEPAL,SUDURPASCHIM PROVINCE,ACHHAM,"NEPAL, SUDURPASCHIM PROVINCE, ACHHAM",NPL,22357,NP-MA,NA,2023-12-01,2023-12-31,2023,0,Total,Admin2,Month,MOH-NPL-2023-Y04-01,SEARO
NEPAL,SUDURPASCHIM PROVINCE,KAILALI,"NEPAL, SUDURPASCHIM PROVINCE, KAILALI",NPL,22357,NP-MA,NA,2023-12-01,2023-12-31,2023,13,Total,Admin2,Month,MOH-NPL-2023-Y04-01,SEARO
NEPAL,SUDURPASCHIM PROVINCE,KANCHANPUR,"NEPAL, SUDURPASCHIM PROVINCE, KANCHANPUR",NPL,22357,NP-MA,NA,2023-12-01,2023-12-31,2023,3,Total,Admin2,Month,MOH-NPL-2023-Y04-01,SEARO
NEPAL,NA,NA,NEPAL,NPL,175,NPL,NA,2024-01-01,2024-01-31,2024,499,Total,Admin0,Month,WHO-ALL-2025-Y01-00,SEARO
NEPAL,KOSHI PROVINCE,TAPLEJUNG,"NEPAL, KOSHI PROVINCE, TAPLEJUNG",NPL,22354,NP-KO,NA,2024-01-01,2024-01-31,2024,0,Total,Admin2,Month,MOH-NPL-2024-Y04-02,SEARO
NEPAL,KOSHI PROVINCE,SANKHUWASABHA,"NEPAL, KOSHI PROVINCE, SANKHUWASABHA",NPL,22354,NP-KO,NA,2024-01-01,2024-01-31,2024,3,Total,Admin2,Month,MOH-NPL-2024-Y04-02,SEARO
NEPAL,KOSHI PROVINCE,SOLUKHUMBU,"NEPAL, KOSHI PROVINCE, SOLUKHUMBU",NPL,22354,NP-KO,NA,2024-01-01,2024-01-31,2024,2,Total,Admin2,Month,MOH-NPL-2024-Y04-02,SEARO
NEPAL,KOSHI PROVINCE,OKHALDHUNGA,"NEPAL, KOSHI PROVINCE, OKHALDHUNGA",NPL,22354,NP-KO,NA,2024-01-01,2024-01-31,2024,5,Total,Admin2,Month,MOH-NPL-2024-Y04-02,SEARO
NEPAL,KOSHI PROVINCE,KHOTANG,"NEPAL, KOSHI PROVINCE, KHOTANG",NPL,22354,NP-KO,NA,2024-01-01,2024-01-31,2024,1,Total,Admin2,Month,MOH-NPL-2024-Y04-02,SEARO
NEPAL,KOSHI PROVINCE,BHOJPUR,"NEPAL, KOSHI PROVINCE, BHOJPUR",NPL,22354,NP-KO,NA,2024-01-01,2024-01-31,2024,4,Total,Admin2,Month,MOH-NPL-2024-Y04-02,SEARO
NEPAL,KOSHI PROVINCE,DHANKUTA,"NEPAL, KOSHI PROVINCE, DHANKUTA",NPL,22354,NP-KO,NA,2024-01-01,2024-01-31,2024,2,Total,Admin2,Month,MOH-NPL-2024-Y04-02,SEARO
NEPAL,KOSHI PROVINCE,TERHATHUM,"NEPAL, KOSHI PROVINCE, TERHATHUM",NPL,22354,NP-KO,NA,2024-01-01,2024-01-31,2024,0,Total,Admin2,Month,MOH-NPL-2024-Y04-02,SEARO
NEPAL,KOSHI PROVINCE,PANCHTHAR,"NEPAL, KOSHI PROVINCE, PANCHTHAR",NPL,22354,NP-KO,NA,2024-01-01,2024-01-31,2024,0,Total,Admin2,Month,MOH-NPL-2024-Y04-02,SEARO
NEPAL,KOSHI PROVINCE,ILAM,"NEPAL, KOSHI PROVINCE, ILAM",NPL,22354,NP-KO,NA,2024-01-01,2024-01-31,2024,8,Total,Admin2,Month,MOH-NPL-2024-Y04-02,SEARO
NEPAL,KOSHI PROVINCE,JHAPA,"NEPAL, KOSHI PROVINCE, JHAPA",NPL,22354,NP-KO,NA,2024-01-01,2024-01-31,2024,22,Total,Admin2,Month,MOH-NPL-2024-Y04-02,SEARO
NEPAL,KOSHI PROVINCE,MORANG,"NEPAL, KOSHI PROVINCE, MORANG",NPL,22354,NP-KO,NA,2024-01-01,2024-01-31,2024,8,Total,Admin2,Month,MOH-NPL-2024-Y04-02,SEARO
NEPAL,KOSHI PROVINCE,SUNSARI,"NEPAL, KOSHI PROVINCE, SUNSARI",NPL,22354,NP-KO,NA,2024-01-01,2024-01-31,2024,5,Total,Admin2,Month,MOH-NPL-2024-Y04-02,SEARO
NEPAL,KOSHI PROVINCE,UDAYAPUR,"NEPAL, KOSHI PROVINCE, UDAYAPUR",NPL,22354,NP-KO,NA,2024-01-01,2024-01-31,2024,2,Total,Admin2,Month,MOH-NPL-2024-Y04-02,SEARO
NEPAL,MADHESH PROVINCE,SAPTARI,"NEPAL, MADHESH PROVINCE, SAPTARI",NPL,22352,NP-JA,NA,2024-01-01,2024-01-31,2024,1,Total,Admin2,Month,MOH-NPL-2024-Y04-02,SEARO
NEPAL,MADHESH PROVINCE,SIRAHA,"NEPAL, MADHESH PROVINCE, SIRAHA",NPL,22352,NP-JA,NA,2024-01-01,2024-01-31,2024,0,Total,Admin2,Month,MOH-NPL-2024-Y04-02,SEARO
NEPAL,MADHESH PROVINCE,DHANUSA,"NEPAL, MADHESH PROVINCE, DHANUSA",NPL,22352,NP-JA,NA,2024-01-01,2024-01-31,2024,1,Total,Admin2,Month,MOH-NPL-2024-Y04-02,SEARO
NEPAL,MADHESH PROVINCE,MAHOTTARI,"NEPAL, MADHESH PROVINCE, MAHOTTARI",NPL,22352,NP-JA,NA,2024-01-01,2024-01-31,2024,0,Total,Admin2,Month,MOH-NPL-2024-Y04-02,SEARO
NEPAL,MADHESH PROVINCE,SARLAHI,"NEPAL, MADHESH PROVINCE, SARLAHI",NPL,22352,NP-JA,NA,2024-01-01,2024-01-31,2024,0,Total,Admin2,Month,MOH-NPL-2024-Y04-02,SEARO
NEPAL,MADHESH PROVINCE,RAUTAHAT,"NEPAL, MADHESH PROVINCE, RAUTAHAT",NPL,22352,NP-JA,NA,2024-01-01,2024-01-31,2024,0,Total,Admin2,Month,MOH-NPL-2024-Y04-02,SEARO
NEPAL,MADHESH PROVINCE,BARA,"NEPAL, MADHESH PROVINCE, BARA",NPL,22352,NP-JA,NA,2024-01-01,2024-01-31,2024,2,Total,Admin2,Month,MOH-NPL-2024-Y04-02,SEARO
NEPAL,MADHESH PROVINCE,PARSA,"NEPAL, MADHESH PROVINCE, PARSA",NPL,22352,NP-JA,NA,2024-01-01,2024-01-31,2024,2,Total,Admin2,Month,MOH-NPL-2024-Y04-02,SEARO
NEPAL,BAGMATI PROVINCE,DOLAKHA,"NEPAL, BAGMATI PROVINCE, DOLAKHA",NPL,22351,NP-BA,NA,2024-01-01,2024-01-31,2024,0,Total,Admin2,Month,MOH-NPL-2024-Y04-02,SEARO
NEPAL,BAGMATI PROVINCE,SINDHUPALCHOK,"NEPAL, BAGMATI PROVINCE, SINDHUPALCHOK",NPL,22351,NP-BA,NA,2024-01-01,2024-01-31,2024,1,Total,Admin2,Month,MOH-NPL-2024-Y04-02,SEARO
NEPAL,BAGMATI PROVINCE,RASUWA,"NEPAL, BAGMATI PROVINCE, RASUWA",NPL,22351,NP-BA,NA,2024-01-01,2024-01-31,2024,1,Total,Admin2,Month,MOH-NPL-2024-Y04-02,SEARO
NEPAL,BAGMATI PROVINCE,DHADING,"NEPAL, BAGMATI PROVINCE, DHADING",NPL,22351,NP-BA,NA,2024-01-01,2024-01-31,2024,2,Total,Admin2,Month,MOH-NPL-2024-Y04-02,SEARO
NEPAL,BAGMATI PROVINCE,NUWAKOT,"NEPAL, BAGMATI PROVINCE, NUWAKOT",NPL,22351,NP-BA,NA,2024-01-01,2024-01-31,2024,4,Total,Admin2,Month,MOH-NPL-2024-Y04-02,SEARO
NEPAL,BAGMATI PROVINCE,KATHMANDU,"NEPAL, BAGMATI PROVINCE, KATHMANDU",NPL,22351,NP-BA,NA,2024-01-01,2024-01-31,2024,16,Total,Admin2,Month,MOH-NPL-2024-Y04-02,SEARO
NEPAL,BAGMATI PROVINCE,BHAKTAPUR,"NEPAL, BAGMATI PROVINCE, BHAKTAPUR",NPL,22351,NP-BA,NA,2024-01-01,2024-01-31,2024,14,Total,Admin2,Month,MOH-NPL-2024-Y04-02,SEARO
NEPAL,BAGMATI PROVINCE,LALITPUR,"NEPAL, BAGMATI PROVINCE, LALITPUR",NPL,22351,NP-BA,NA,2024-01-01,2024-01-31,2024,10,Total,Admin2,Month,MOH-NPL-2024-Y04-02,SEARO
NEPAL,BAGMATI PROVINCE,KAVREPALANCHOK,"NEPAL, BAGMATI PROVINCE, KAVREPALANCHOK",NPL,22351,NP-BA,NA,2024-01-01,2024-01-31,2024,2,Total,Admin2,Month,MOH-NPL-2024-Y04-02,SEARO
NEPAL,BAGMATI PROVINCE,RAMECHHAP,"NEPAL, BAGMATI PROVINCE, RAMECHHAP",NPL,22351,NP-BA,NA,2024-01-01,2024-01-31,2024,2,Total,Admin2,Month,MOH-NPL-2024-Y04-02,SEARO
NEPAL,BAGMATI PROVINCE,SINDHULI,"NEPAL, BAGMATI PROVINCE, SINDHULI",NPL,22351,NP-BA,NA,2024-01-01,2024-01-31,2024,2,Total,Admin2,Month,MOH-NPL-2024-Y04-02,SEARO
NEPAL,BAGMATI PROVINCE,MAKWANPUR,"NEPAL, BAGMATI PROVINCE, MAKWANPUR",NPL,22351,NP-BA,NA,2024-01-01,2024-01-31,2024,11,Total,Admin2,Month,MOH-NPL-2024-Y04-02,SEARO
NEPAL,BAGMATI PROVINCE,CHITAWAN,"NEPAL, BAGMATI PROVINCE, CHITAWAN",NPL,22351,NP-BA,NA,2024-01-01,2024-01-31,2024,10,Total,Admin2,Month,MOH-NPL-2024-Y04-02,SEARO
NEPAL,GANDAKI PROVINCE,GORKHA,"NEPAL, GANDAKI PROVINCE, GORKHA",NPL,22363,NP-GA,NA,2024-01-01,2024-01-31,2024,12,Total,Admin2,Month,MOH-NPL-2024-Y04-02,SEARO
NEPAL,GANDAKI PROVINCE,MANANG,"NEPAL, GANDAKI PROVINCE, MANANG",NPL,22363,NP-GA,NA,2024-01-01,2024-01-31,2024,0,Total,Admin2,Month,MOH-NPL-2024-Y04-02,SEARO
NEPAL,GANDAKI PROVINCE,MUSTANG,"NEPAL, GANDAKI PROVINCE, MUSTANG",NPL,22363,NP-GA,NA,2024-01-01,2024-01-31,2024,0,Total,Admin2,Month,MOH-NPL-2024-Y04-02,SEARO
NEPAL,GANDAKI PROVINCE,MYAGDI,"NEPAL, GANDAKI PROVINCE, MYAGDI",NPL,22363,NP-GA,NA,2024-01-01,2024-01-31,2024,6,Total,Admin2,Month,MOH-NPL-2024-Y04-02,SEARO
NEPAL,GANDAKI PROVINCE,KASKI,"NEPAL, GANDAKI PROVINCE, KASKI",NPL,22363,NP-GA,NA,2024-01-01,2024-01-31,2024,30,Total,Admin2,Month,MOH-NPL-2024-Y04-02,SEARO
NEPAL,GANDAKI PROVINCE,LAMJUNG,"NEPAL, GANDAKI PROVINCE, LAMJUNG",NPL,22363,NP-GA,NA,2024-01-01,2024-01-31,2024,10,Total,Admin2,Month,MOH-NPL-2024-Y04-02,SEARO
NEPAL,GANDAKI PROVINCE,TANAHU,"NEPAL, GANDAKI PROVINCE, TANAHU",NPL,22363,NP-GA,NA,2024-01-01,2024-01-31,2024,8,Total,Admin2,Month,MOH-NPL-2024-Y04-02,SEARO
NEPAL,GANDAKI PROVINCE,NAWALPARASI EAST,"NEPAL, GANDAKI PROVINCE, NAWALPARASI EAST",NPL,22363,NP-GA,NA,2024-01-01,2024-01-31,2024,6,Total,Admin2,Month,MOH-NPL-2024-Y04-02,SEARO
NEPAL,GANDAKI PROVINCE,SYANGJA,"NEPAL, GANDAKI PROVINCE, SYANGJA",NPL,22363,NP-GA,NA,2024-01-01,2024-01-31,2024,5,Total,Admin2,Month,MOH-NPL-2024-Y04-02,SEARO
NEPAL,GANDAKI PROVINCE,PARBAT,"NEPAL, GANDAKI PROVINCE, PARBAT",NPL,22363,NP-GA,NA,2024-01-01,2024-01-31,2024,1,Total,Admin2,Month,MOH-NPL-2024-Y04-02,SEARO
NEPAL,GANDAKI PROVINCE,BAGLUNG,"NEPAL, GANDAKI PROVINCE, BAGLUNG",NPL,22363,NP-GA,NA,2024-01-01,2024-01-31,2024,0,Total,Admin2,Month,MOH-NPL-2024-Y04-02,SEARO
NEPAL,LUMBINI PROVINCE,RUKUM EAST,"NEPAL, LUMBINI PROVINCE, RUKUM EAST",NPL,22364,NP-LU,NA,2024-01-01,2024-01-31,2024,0,Total,Admin2,Month,MOH-NPL-2024-Y04-02,SEARO
NEPAL,LUMBINI PROVINCE,ROLPA,"NEPAL, LUMBINI PROVINCE, ROLPA",NPL,22364,NP-LU,NA,2024-01-01,2024-01-31,2024,0,Total,Admin2,Month,MOH-NPL-2024-Y04-02,SEARO
NEPAL,LUMBINI PROVINCE,PYUTHAN,"NEPAL, LUMBINI PROVINCE, PYUTHAN",NPL,22364,NP-LU,NA,2024-01-01,2024-01-31,2024,0,Total,Admin2,Month,MOH-NPL-2024-Y04-02,SEARO
NEPAL,LUMBINI PROVINCE,GULMI,"NEPAL, LUMBINI PROVINCE, GULMI",NPL,22364,NP-LU,NA,2024-01-01,2024-01-31,2024,3,Total,Admin2,Month,MOH-NPL-2024-Y04-02,SEARO
NEPAL,LUMBINI PROVINCE,ARGHAKHANCHI,"NEPAL, LUMBINI PROVINCE, ARGHAKHANCHI",NPL,22364,NP-LU,NA,2024-01-01,2024-01-31,2024,0,Total,Admin2,Month,MOH-NPL-2024-Y04-02,SEARO
NEPAL,LUMBINI PROVINCE,PALPA,"NEPAL, LUMBINI PROVINCE, PALPA",NPL,22364,NP-LU,NA,2024-01-01,2024-01-31,2024,4,Total,Admin2,Month,MOH-NPL-2024-Y04-02,SEARO
NEPAL,LUMBINI PROVINCE,NAWALPARASI WEST,"NEPAL, LUMBINI PROVINCE, NAWALPARASI WEST",NPL,22364,NP-LU,NA,2024-01-01,2024-01-31,2024,1,Total,Admin2,Month,MOH-NPL-2024-Y04-02,SEARO
NEPAL,LUMBINI PROVINCE,RUPANDEHI,"NEPAL, LUMBINI PROVINCE, RUPANDEHI",NPL,22364,NP-LU,NA,2024-01-01,2024-01-31,2024,3,Total,Admin2,Month,MOH-NPL-2024-Y04-02,SEARO
NEPAL,LUMBINI PROVINCE,KAPILBASTU,"NEPAL, LUMBINI PROVINCE, KAPILBASTU",NPL,22364,NP-LU,NA,2024-01-01,2024-01-31,2024,6,Total,Admin2,Month,MOH-NPL-2024-Y04-02,SEARO
NEPAL,LUMBINI PROVINCE,DANG,"NEPAL, LUMBINI PROVINCE, DANG",NPL,22364,NP-LU,NA,2024-01-01,2024-01-31,2024,3,Total,Admin2,Month,MOH-NPL-2024-Y04-02,SEARO
NEPAL,LUMBINI PROVINCE,BANKE,"NEPAL, LUMBINI PROVINCE, BANKE",NPL,22364,NP-LU,NA,2024-01-01,2024-01-31,2024,0,Total,Admin2,Month,MOH-NPL-2024-Y04-02,SEARO
NEPAL,LUMBINI PROVINCE,BARDIYA,"NEPAL, LUMBINI PROVINCE, BARDIYA",NPL,22364,NP-LU,NA,2024-01-01,2024-01-31,2024,0,Total,Admin2,Month,MOH-NPL-2024-Y04-02,SEARO
NEPAL,KARNALI PROVINCE,DOLPA,"NEPAL, KARNALI PROVINCE, DOLPA",NPL,22359,NP-KA,NA,2024-01-01,2024-01-31,2024,0,Total,Admin2,Month,MOH-NPL-2024-Y04-02,SEARO
NEPAL,KARNALI PROVINCE,MUGU,"NEPAL, KARNALI PROVINCE, MUGU",NPL,22359,NP-KA,NA,2024-01-01,2024-01-31,2024,0,Total,Admin2,Month,MOH-NPL-2024-Y04-02,SEARO
NEPAL,KARNALI PROVINCE,HUMLA,"NEPAL, KARNALI PROVINCE, HUMLA",NPL,22359,NP-KA,NA,2024-01-01,2024-01-31,2024,0,Total,Admin2,Month,MOH-NPL-2024-Y04-02,SEARO
NEPAL,KARNALI PROVINCE,JUMLA,"NEPAL, KARNALI PROVINCE, JUMLA",NPL,22359,NP-KA,NA,2024-01-01,2024-01-31,2024,0,Total,Admin2,Month,MOH-NPL-2024-Y04-02,SEARO
NEPAL,KARNALI PROVINCE,KALIKOT,"NEPAL, KARNALI PROVINCE, KALIKOT",NPL,22359,NP-KA,NA,2024-01-01,2024-01-31,2024,0,Total,Admin2,Month,MOH-NPL-2024-Y04-02,SEARO
NEPAL,KARNALI PROVINCE,DAILEKH,"NEPAL, KARNALI PROVINCE, DAILEKH",NPL,22359,NP-KA,NA,2024-01-01,2024-01-31,2024,0,Total,Admin2,Month,MOH-NPL-2024-Y04-02,SEARO
NEPAL,KARNALI PROVINCE,JAJARKOT,"NEPAL, KARNALI PROVINCE, JAJARKOT",NPL,22359,NP-KA,NA,2024-01-01,2024-01-31,2024,0,Total,Admin2,Month,MOH-NPL-2024-Y04-02,SEARO
NEPAL,KARNALI PROVINCE,RUKUM WEST,"NEPAL, KARNALI PROVINCE, RUKUM WEST",NPL,22359,NP-KA,NA,2024-01-01,2024-01-31,2024,0,Total,Admin2,Month,MOH-NPL-2024-Y04-02,SEARO
NEPAL,KARNALI PROVINCE,SALYAN,"NEPAL, KARNALI PROVINCE, SALYAN",NPL,22359,NP-KA,NA,2024-01-01,2024-01-31,2024,0,Total,Admin2,Month,MOH-NPL-2024-Y04-02,SEARO
NEPAL,KARNALI PROVINCE,SURKHET,"NEPAL, KARNALI PROVINCE, SURKHET",NPL,22359,NP-KA,NA,2024-01-01,2024-01-31,2024,0,Total,Admin2,Month,MOH-NPL-2024-Y04-02,SEARO
NEPAL,SUDUR PASHCHIM PROVINCE,BAJURA,"NEPAL, SUDUR PASHCHIM PROVINCE, BAJURA",NPL,22357,NP-MA,NA,2024-01-01,2024-01-31,2024,2,Total,Admin2,Month,MOH-NPL-2024-Y04-02,SEARO
NEPAL,SUDUR PASHCHIM PROVINCE,BAJHANG,"NEPAL, SUDUR PASHCHIM PROVINCE, BAJHANG",NPL,22357,NP-MA,NA,2024-01-01,2024-01-31,2024,0,Total,Admin2,Month,MOH-NPL-2024-Y04-02,SEARO
NEPAL,SUDUR PASHCHIM PROVINCE,DARCHULA,"NEPAL, SUDUR PASHCHIM PROVINCE, DARCHULA",NPL,22357,NP-MA,NA,2024-01-01,2024-01-31,2024,0,Total,Admin2,Month,MOH-NPL-2024-Y04-02,SEARO
NEPAL,SUDUR PASHCHIM PROVINCE,BAITADI,"NEPAL, SUDUR PASHCHIM PROVINCE, BAITADI",NPL,22357,NP-MA,NA,2024-01-01,2024-01-31,2024,0,Total,Admin2,Month,MOH-NPL-2024-Y04-02,SEARO
NEPAL,SUDUR PASHCHIM PROVINCE,DADELDHURA,"NEPAL, SUDUR PASHCHIM PROVINCE, DADELDHURA",NPL,22357,NP-MA,NA,2024-01-01,2024-01-31,2024,0,Total,Admin2,Month,MOH-NPL-2024-Y04-02,SEARO
NEPAL,SUDUR PASHCHIM PROVINCE,DOTI,"NEPAL, SUDUR PASHCHIM PROVINCE, DOTI",NPL,22357,NP-MA,NA,2024-01-01,2024-01-31,2024,4,Total,Admin2,Month,MOH-NPL-2024-Y04-02,SEARO
NEPAL,SUDUR PASHCHIM PROVINCE,ACHHAM,"NEPAL, SUDUR PASHCHIM PROVINCE, ACHHAM",NPL,22357,NP-MA,NA,2024-01-01,2024-01-31,2024,0,Total,Admin2,Month,MOH-NPL-2024-Y04-02,SEARO
NEPAL,SUDUR PASHCHIM PROVINCE,KAILALI,"NEPAL, SUDUR PASHCHIM PROVINCE, KAILALI",NPL,22357,NP-MA,NA,2024-01-01,2024-01-31,2024,1,Total,Admin2,Month,MOH-NPL-2024-Y04-02,SEARO
NEPAL,SUDUR PASHCHIM PROVINCE,KANCHANPUR,"NEPAL, SUDUR PASHCHIM PROVINCE, KANCHANPUR",NPL,22357,NP-MA,NA,2024-01-01,2024-01-31,2024,6,Total,Admin2,Month,MOH-NPL-2024-Y04-02,SEARO
NEPAL,NA,NA,NEPAL,NPL,175,NPL,NA,2024-02-01,2024-02-29,2024,408,Total,Admin0,Month,WHO-ALL-2025-Y01-00,SEARO
NEPAL,KOSHI PROVINCE,TAPLEJUNG,"NEPAL, KOSHI PROVINCE, TAPLEJUNG",NPL,22354,NP-KO,NA,2024-02-01,2024-02-29,2024,0,Total,Admin2,Month,MOH-NPL-2024-Y04-02,SEARO
NEPAL,KOSHI PROVINCE,SANKHUWASABHA,"NEPAL, KOSHI PROVINCE, SANKHUWASABHA",NPL,22354,NP-KO,NA,2024-02-01,2024-02-29,2024,8,Total,Admin2,Month,MOH-NPL-2024-Y04-02,SEARO
NEPAL,KOSHI PROVINCE,SOLUKHUMBU,"NEPAL, KOSHI PROVINCE, SOLUKHUMBU",NPL,22354,NP-KO,NA,2024-02-01,2024-02-29,2024,0,Total,Admin2,Month,MOH-NPL-2024-Y04-02,SEARO
NEPAL,KOSHI PROVINCE,OKHALDHUNGA,"NEPAL, KOSHI PROVINCE, OKHALDHUNGA",NPL,22354,NP-KO,NA,2024-02-01,2024-02-29,2024,15,Total,Admin2,Month,MOH-NPL-2024-Y04-02,SEARO
NEPAL,KOSHI PROVINCE,KHOTANG,"NEPAL, KOSHI PROVINCE, KHOTANG",NPL,22354,NP-KO,NA,2024-02-01,2024-02-29,2024,0,Total,Admin2,Month,MOH-NPL-2024-Y04-02,SEARO
NEPAL,KOSHI PROVINCE,BHOJPUR,"NEPAL, KOSHI PROVINCE, BHOJPUR",NPL,22354,NP-KO,NA,2024-02-01,2024-02-29,2024,4,Total,Admin2,Month,MOH-NPL-2024-Y04-02,SEARO
NEPAL,KOSHI PROVINCE,DHANKUTA,"NEPAL, KOSHI PROVINCE, DHANKUTA",NPL,22354,NP-KO,NA,2024-02-01,2024-02-29,2024,5,Total,Admin2,Month,MOH-NPL-2024-Y04-02,SEARO
NEPAL,KOSHI PROVINCE,TERHATHUM,"NEPAL, KOSHI PROVINCE, TERHATHUM",NPL,22354,NP-KO,NA,2024-02-01,2024-02-29,2024,0,Total,Admin2,Month,MOH-NPL-2024-Y04-02,SEARO
NEPAL,KOSHI PROVINCE,PANCHTHAR,"NEPAL, KOSHI PROVINCE, PANCHTHAR",NPL,22354,NP-KO,NA,2024-02-01,2024-02-29,2024,1,Total,Admin2,Month,MOH-NPL-2024-Y04-02,SEARO
NEPAL,KOSHI PROVINCE,ILAM,"NEPAL, KOSHI PROVINCE, ILAM",NPL,22354,NP-KO,NA,2024-02-01,2024-02-29,2024,3,Total,Admin2,Month,MOH-NPL-2024-Y04-02,SEARO
NEPAL,KOSHI PROVINCE,JHAPA,"NEPAL, KOSHI PROVINCE, JHAPA",NPL,22354,NP-KO,NA,2024-02-01,2024-02-29,2024,17,Total,Admin2,Month,MOH-NPL-2024-Y04-02,SEARO
NEPAL,KOSHI PROVINCE,MORANG,"NEPAL, KOSHI PROVINCE, MORANG",NPL,22354,NP-KO,NA,2024-02-01,2024-02-29,2024,1,Total,Admin2,Month,MOH-NPL-2024-Y04-02,SEARO
NEPAL,KOSHI PROVINCE,SUNSARI,"NEPAL, KOSHI PROVINCE, SUNSARI",NPL,22354,NP-KO,NA,2024-02-01,2024-02-29,2024,3,Total,Admin2,Month,MOH-NPL-2024-Y04-02,SEARO
NEPAL,KOSHI PROVINCE,UDAYAPUR,"NEPAL, KOSHI PROVINCE, UDAYAPUR",NPL,22354,NP-KO,NA,2024-02-01,2024-02-29,2024,0,Total,Admin2,Month,MOH-NPL-2024-Y04-02,SEARO
NEPAL,MADHESH PROVINCE,SAPTARI,"NEPAL, MADHESH PROVINCE, SAPTARI",NPL,22352,NP-JA,NA,2024-02-01,2024-02-29,2024,0,Total,Admin2,Month,MOH-NPL-2024-Y04-02,SEARO
NEPAL,MADHESH PROVINCE,SIRAHA,"NEPAL, MADHESH PROVINCE, SIRAHA",NPL,22352,NP-JA,NA,2024-02-01,2024-02-29,2024,0,Total,Admin2,Month,MOH-NPL-2024-Y04-02,SEARO
NEPAL,MADHESH PROVINCE,DHANUSA,"NEPAL, MADHESH PROVINCE, DHANUSA",NPL,22352,NP-JA,NA,2024-02-01,2024-02-29,2024,0,Total,Admin2,Month,MOH-NPL-2024-Y04-02,SEARO
NEPAL,MADHESH PROVINCE,MAHOTTARI,"NEPAL, MADHESH PROVINCE, MAHOTTARI",NPL,22352,NP-JA,NA,2024-02-01,2024-02-29,2024,0,Total,Admin2,Month,MOH-NPL-2024-Y04-02,SEARO
NEPAL,MADHESH PROVINCE,SARLAHI,"NEPAL, MADHESH PROVINCE, SARLAHI",NPL,22352,NP-JA,NA,2024-02-01,2024-02-29,2024,0,Total,Admin2,Month,MOH-NPL-2024-Y04-02,SEARO
NEPAL,MADHESH PROVINCE,RAUTAHAT,"NEPAL, MADHESH PROVINCE, RAUTAHAT",NPL,22352,NP-JA,NA,2024-02-01,2024-02-29,2024,0,Total,Admin2,Month,MOH-NPL-2024-Y04-02,SEARO
NEPAL,MADHESH PROVINCE,BARA,"NEPAL, MADHESH PROVINCE, BARA",NPL,22352,NP-JA,NA,2024-02-01,2024-02-29,2024,2,Total,Admin2,Month,MOH-NPL-2024-Y04-02,SEARO
NEPAL,MADHESH PROVINCE,PARSA,"NEPAL, MADHESH PROVINCE, PARSA",NPL,22352,NP-JA,NA,2024-02-01,2024-02-29,2024,1,Total,Admin2,Month,MOH-NPL-2024-Y04-02,SEARO
NEPAL,BAGMATI PROVINCE,DOLAKHA,"NEPAL, BAGMATI PROVINCE, DOLAKHA",NPL,22351,NP-BA,NA,2024-02-01,2024-02-29,2024,1,Total,Admin2,Month,MOH-NPL-2024-Y04-02,SEARO
NEPAL,BAGMATI PROVINCE,SINDHUPALCHOK,"NEPAL, BAGMATI PROVINCE, SINDHUPALCHOK",NPL,22351,NP-BA,NA,2024-02-01,2024-02-29,2024,10,Total,Admin2,Month,MOH-NPL-2024-Y04-02,SEARO
NEPAL,BAGMATI PROVINCE,RASUWA,"NEPAL, BAGMATI PROVINCE, RASUWA",NPL,22351,NP-BA,NA,2024-02-01,2024-02-29,2024,0,Total,Admin2,Month,MOH-NPL-2024-Y04-02,SEARO
NEPAL,BAGMATI PROVINCE,DHADING,"NEPAL, BAGMATI PROVINCE, DHADING",NPL,22351,NP-BA,NA,2024-02-01,2024-02-29,2024,0,Total,Admin2,Month,MOH-NPL-2024-Y04-02,SEARO
NEPAL,BAGMATI PROVINCE,NUWAKOT,"NEPAL, BAGMATI PROVINCE, NUWAKOT",NPL,22351,NP-BA,NA,2024-02-01,2024-02-29,2024,0,Total,Admin2,Month,MOH-NPL-2024-Y04-02,SEARO
NEPAL,BAGMATI PROVINCE,KATHMANDU,"NEPAL, BAGMATI PROVINCE, KATHMANDU",NPL,22351,NP-BA,NA,2024-02-01,2024-02-29,2024,7,Total,Admin2,Month,MOH-NPL-2024-Y04-02,SEARO
NEPAL,BAGMATI PROVINCE,BHAKTAPUR,"NEPAL, BAGMATI PROVINCE, BHAKTAPUR",NPL,22351,NP-BA,NA,2024-02-01,2024-02-29,2024,3,Total,Admin2,Month,MOH-NPL-2024-Y04-02,SEARO
NEPAL,BAGMATI PROVINCE,LALITPUR,"NEPAL, BAGMATI PROVINCE, LALITPUR",NPL,22351,NP-BA,NA,2024-02-01,2024-02-29,2024,1,Total,Admin2,Month,MOH-NPL-2024-Y04-02,SEARO
NEPAL,BAGMATI PROVINCE,KAVREPALANCHOK,"NEPAL, BAGMATI PROVINCE, KAVREPALANCHOK",NPL,22351,NP-BA,NA,2024-02-01,2024-02-29,2024,2,Total,Admin2,Month,MOH-NPL-2024-Y04-02,SEARO
NEPAL,BAGMATI PROVINCE,RAMECHHAP,"NEPAL, BAGMATI PROVINCE, RAMECHHAP",NPL,22351,NP-BA,NA,2024-02-01,2024-02-29,2024,7,Total,Admin2,Month,MOH-NPL-2024-Y04-02,SEARO
NEPAL,BAGMATI PROVINCE,SINDHULI,"NEPAL, BAGMATI PROVINCE, SINDHULI",NPL,22351,NP-BA,NA,2024-02-01,2024-02-29,2024,3,Total,Admin2,Month,MOH-NPL-2024-Y04-02,SEARO
NEPAL,BAGMATI PROVINCE,MAKWANPUR,"NEPAL, BAGMATI PROVINCE, MAKWANPUR",NPL,22351,NP-BA,NA,2024-02-01,2024-02-29,2024,11,Total,Admin2,Month,MOH-NPL-2024-Y04-02,SEARO
NEPAL,BAGMATI PROVINCE,CHITAWAN,"NEPAL, BAGMATI PROVINCE, CHITAWAN",NPL,22351,NP-BA,NA,2024-02-01,2024-02-29,2024,10,Total,Admin2,Month,MOH-NPL-2024-Y04-02,SEARO
NEPAL,GANDAKI PROVINCE,GORKHA,"NEPAL, GANDAKI PROVINCE, GORKHA",NPL,22363,NP-GA,NA,2024-02-01,2024-02-29,2024,0,Total,Admin2,Month,MOH-NPL-2024-Y04-02,SEARO
NEPAL,GANDAKI PROVINCE,MANANG,"NEPAL, GANDAKI PROVINCE, MANANG",NPL,22363,NP-GA,NA,2024-02-01,2024-02-29,2024,0,Total,Admin2,Month,MOH-NPL-2024-Y04-02,SEARO
NEPAL,GANDAKI PROVINCE,MUSTANG,"NEPAL, GANDAKI PROVINCE, MUSTANG",NPL,22363,NP-GA,NA,2024-02-01,2024-02-29,2024,0,Total,Admin2,Month,MOH-NPL-2024-Y04-02,SEARO
NEPAL,GANDAKI PROVINCE,MYAGDI,"NEPAL, GANDAKI PROVINCE, MYAGDI",NPL,22363,NP-GA,NA,2024-02-01,2024-02-29,2024,3,Total,Admin2,Month,MOH-NPL-2024-Y04-02,SEARO
NEPAL,GANDAKI PROVINCE,KASKI,"NEPAL, GANDAKI PROVINCE, KASKI",NPL,22363,NP-GA,NA,2024-02-01,2024-02-29,2024,3,Total,Admin2,Month,MOH-NPL-2024-Y04-02,SEARO
NEPAL,GANDAKI PROVINCE,LAMJUNG,"NEPAL, GANDAKI PROVINCE, LAMJUNG",NPL,22363,NP-GA,NA,2024-02-01,2024-02-29,2024,0,Total,Admin2,Month,MOH-NPL-2024-Y04-02,SEARO
NEPAL,GANDAKI PROVINCE,TANAHU,"NEPAL, GANDAKI PROVINCE, TANAHU",NPL,22363,NP-GA,NA,2024-02-01,2024-02-29,2024,0,Total,Admin2,Month,MOH-NPL-2024-Y04-02,SEARO
NEPAL,GANDAKI PROVINCE,NAWALPARASI EAST,"NEPAL, GANDAKI PROVINCE, NAWALPARASI EAST",NPL,22363,NP-GA,NA,2024-02-01,2024-02-29,2024,3,Total,Admin2,Month,MOH-NPL-2024-Y04-02,SEARO
NEPAL,GANDAKI PROVINCE,SYANGJA,"NEPAL, GANDAKI PROVINCE, SYANGJA",NPL,22363,NP-GA,NA,2024-02-01,2024-02-29,2024,5,Total,Admin2,Month,MOH-NPL-2024-Y04-02,SEARO
NEPAL,GANDAKI PROVINCE,PARBAT,"NEPAL, GANDAKI PROVINCE, PARBAT",NPL,22363,NP-GA,NA,2024-02-01,2024-02-29,2024,0,Total,Admin2,Month,MOH-NPL-2024-Y04-02,SEARO
NEPAL,GANDAKI PROVINCE,BAGLUNG,"NEPAL, GANDAKI PROVINCE, BAGLUNG",NPL,22363,NP-GA,NA,2024-02-01,2024-02-29,2024,2,Total,Admin2,Month,MOH-NPL-2024-Y04-02,SEARO
NEPAL,LUMBINI PROVINCE,RUKUM EAST,"NEPAL, LUMBINI PROVINCE, RUKUM EAST",NPL,22364,NP-LU,NA,2024-02-01,2024-02-29,2024,0,Total,Admin2,Month,MOH-NPL-2024-Y04-02,SEARO
NEPAL,LUMBINI PROVINCE,ROLPA,"NEPAL, LUMBINI PROVINCE, ROLPA",NPL,22364,NP-LU,NA,2024-02-01,2024-02-29,2024,0,Total,Admin2,Month,MOH-NPL-2024-Y04-02,SEARO
NEPAL,LUMBINI PROVINCE,PYUTHAN,"NEPAL, LUMBINI PROVINCE, PYUTHAN",NPL,22364,NP-LU,NA,2024-02-01,2024-02-29,2024,0,Total,Admin2,Month,MOH-NPL-2024-Y04-02,SEARO
NEPAL,LUMBINI PROVINCE,GULMI,"NEPAL, LUMBINI PROVINCE, GULMI",NPL,22364,NP-LU,NA,2024-02-01,2024-02-29,2024,3,Total,Admin2,Month,MOH-NPL-2024-Y04-02,SEARO
NEPAL,LUMBINI PROVINCE,ARGHAKHANCHI,"NEPAL, LUMBINI PROVINCE, ARGHAKHANCHI",NPL,22364,NP-LU,NA,2024-02-01,2024-02-29,2024,1,Total,Admin2,Month,MOH-NPL-2024-Y04-02,SEARO
NEPAL,LUMBINI PROVINCE,PALPA,"NEPAL, LUMBINI PROVINCE, PALPA",NPL,22364,NP-LU,NA,2024-02-01,2024-02-29,2024,6,Total,Admin2,Month,MOH-NPL-2024-Y04-02,SEARO
NEPAL,LUMBINI PROVINCE,NAWALPARASI WEST,"NEPAL, LUMBINI PROVINCE, NAWALPARASI WEST",NPL,22364,NP-LU,NA,2024-02-01,2024-02-29,2024,0,Total,Admin2,Month,MOH-NPL-2024-Y04-02,SEARO
NEPAL,LUMBINI PROVINCE,RUPANDEHI,"NEPAL, LUMBINI PROVINCE, RUPANDEHI",NPL,22364,NP-LU,NA,2024-02-01,2024-02-29,2024,8,Total,Admin2,Month,MOH-NPL-2024-Y04-02,SEARO
NEPAL,LUMBINI PROVINCE,KAPILBASTU,"NEPAL, LUMBINI PROVINCE, KAPILBASTU",NPL,22364,NP-LU,NA,2024-02-01,2024-02-29,2024,2,Total,Admin2,Month,MOH-NPL-2024-Y04-02,SEARO
NEPAL,LUMBINI PROVINCE,DANG,"NEPAL, LUMBINI PROVINCE, DANG",NPL,22364,NP-LU,NA,2024-02-01,2024-02-29,2024,4,Total,Admin2,Month,MOH-NPL-2024-Y04-02,SEARO
NEPAL,LUMBINI PROVINCE,BANKE,"NEPAL, LUMBINI PROVINCE, BANKE",NPL,22364,NP-LU,NA,2024-02-01,2024-02-29,2024,0,Total,Admin2,Month,MOH-NPL-2024-Y04-02,SEARO
NEPAL,LUMBINI PROVINCE,BARDIYA,"NEPAL, LUMBINI PROVINCE, BARDIYA",NPL,22364,NP-LU,NA,2024-02-01,2024-02-29,2024,0,Total,Admin2,Month,MOH-NPL-2024-Y04-02,SEARO
NEPAL,KARNALI PROVINCE,DOLPA,"NEPAL, KARNALI PROVINCE, DOLPA",NPL,22359,NP-KA,NA,2024-02-01,2024-02-29,2024,0,Total,Admin2,Month,MOH-NPL-2024-Y04-02,SEARO
NEPAL,KARNALI PROVINCE,MUGU,"NEPAL, KARNALI PROVINCE, MUGU",NPL,22359,NP-KA,NA,2024-02-01,2024-02-29,2024,0,Total,Admin2,Month,MOH-NPL-2024-Y04-02,SEARO
NEPAL,KARNALI PROVINCE,HUMLA,"NEPAL, KARNALI PROVINCE, HUMLA",NPL,22359,NP-KA,NA,2024-02-01,2024-02-29,2024,0,Total,Admin2,Month,MOH-NPL-2024-Y04-02,SEARO
NEPAL,KARNALI PROVINCE,JUMLA,"NEPAL, KARNALI PROVINCE, JUMLA",NPL,22359,NP-KA,NA,2024-02-01,2024-02-29,2024,0,Total,Admin2,Month,MOH-NPL-2024-Y04-02,SEARO
NEPAL,KARNALI PROVINCE,KALIKOT,"NEPAL, KARNALI PROVINCE, KALIKOT",NPL,22359,NP-KA,NA,2024-02-01,2024-02-29,2024,0,Total,Admin2,Month,MOH-NPL-2024-Y04-02,SEARO
NEPAL,KARNALI PROVINCE,DAILEKH,"NEPAL, KARNALI PROVINCE, DAILEKH",NPL,22359,NP-KA,NA,2024-02-01,2024-02-29,2024,0,Total,Admin2,Month,MOH-NPL-2024-Y04-02,SEARO
NEPAL,KARNALI PROVINCE,JAJARKOT,"NEPAL, KARNALI PROVINCE, JAJARKOT",NPL,22359,NP-KA,NA,2024-02-01,2024-02-29,2024,0,Total,Admin2,Month,MOH-NPL-2024-Y04-02,SEARO
NEPAL,KARNALI PROVINCE,RUKUM WEST,"NEPAL, KARNALI PROVINCE, RUKUM WEST",NPL,22359,NP-KA,NA,2024-02-01,2024-02-29,2024,2,Total,Admin2,Month,MOH-NPL-2024-Y04-02,SEARO
NEPAL,KARNALI PROVINCE,SALYAN,"NEPAL, KARNALI PROVINCE, SALYAN",NPL,22359,NP-KA,NA,2024-02-01,2024-02-29,2024,0,Total,Admin2,Month,MOH-NPL-2024-Y04-02,SEARO
NEPAL,KARNALI PROVINCE,SURKHET,"NEPAL, KARNALI PROVINCE, SURKHET",NPL,22359,NP-KA,NA,2024-02-01,2024-02-29,2024,0,Total,Admin2,Month,MOH-NPL-2024-Y04-02,SEARO
NEPAL,SUDUR PASHCHIM PROVINCE,BAJURA,"NEPAL, SUDUR PASHCHIM PROVINCE, BAJURA",NPL,22357,NP-MA,NA,2024-02-01,2024-02-29,2024,4,Total,Admin2,Month,MOH-NPL-2024-Y04-02,SEARO
NEPAL,SUDUR PASHCHIM PROVINCE,BAJHANG,"NEPAL, SUDUR PASHCHIM PROVINCE, BAJHANG",NPL,22357,NP-MA,NA,2024-02-01,2024-02-29,2024,0,Total,Admin2,Month,MOH-NPL-2024-Y04-02,SEARO
NEPAL,SUDUR PASHCHIM PROVINCE,DARCHULA,"NEPAL, SUDUR PASHCHIM PROVINCE, DARCHULA",NPL,22357,NP-MA,NA,2024-02-01,2024-02-29,2024,0,Total,Admin2,Month,MOH-NPL-2024-Y04-02,SEARO
NEPAL,SUDUR PASHCHIM PROVINCE,BAITADI,"NEPAL, SUDUR PASHCHIM PROVINCE, BAITADI",NPL,22357,NP-MA,NA,2024-02-01,2024-02-29,2024,0,Total,Admin2,Month,MOH-NPL-2024-Y04-02,SEARO
NEPAL,SUDUR PASHCHIM PROVINCE,DADELDHURA,"NEPAL, SUDUR PASHCHIM PROVINCE, DADELDHURA",NPL,22357,NP-MA,NA,2024-02-01,2024-02-29,2024,0,Total,Admin2,Month,MOH-NPL-2024-Y04-02,SEARO
NEPAL,SUDUR PASHCHIM PROVINCE,DOTI,"NEPAL, SUDUR PASHCHIM PROVINCE, DOTI",NPL,22357,NP-MA,NA,2024-02-01,2024-02-29,2024,8,Total,Admin2,Month,MOH-NPL-2024-Y04-02,SEARO
NEPAL,SUDUR PASHCHIM PROVINCE,ACHHAM,"NEPAL, SUDUR PASHCHIM PROVINCE, ACHHAM",NPL,22357,NP-MA,NA,2024-02-01,2024-02-29,2024,0,Total,Admin2,Month,MOH-NPL-2024-Y04-02,SEARO
NEPAL,SUDUR PASHCHIM PROVINCE,KAILALI,"NEPAL, SUDUR PASHCHIM PROVINCE, KAILALI",NPL,22357,NP-MA,NA,2024-02-01,2024-02-29,2024,9,Total,Admin2,Month,MOH-NPL-2024-Y04-02,SEARO
NEPAL,SUDUR PASHCHIM PROVINCE,KANCHANPUR,"NEPAL, SUDUR PASHCHIM PROVINCE, KANCHANPUR",NPL,22357,NP-MA,NA,2024-02-01,2024-02-29,2024,4,Total,Admin2,Month,MOH-NPL-2024-Y04-02,SEARO
NEPAL,NA,NA,NEPAL,NPL,175,NPL,NA,2024-03-01,2024-03-31,2024,374,Total,Admin0,Month,WHO-ALL-2025-Y01-00,SEARO
NEPAL,KOSHI PROVINCE,TAPLEJUNG,"NEPAL, KOSHI PROVINCE, TAPLEJUNG",NPL,22354,NP-KO,NA,2024-03-01,2024-03-31,2024,0,Total,Admin2,Month,MOH-NPL-2024-Y04-02,SEARO
NEPAL,KOSHI PROVINCE,SANKHUWASABHA,"NEPAL, KOSHI PROVINCE, SANKHUWASABHA",NPL,22354,NP-KO,NA,2024-03-01,2024-03-31,2024,6,Total,Admin2,Month,MOH-NPL-2024-Y04-02,SEARO
NEPAL,KOSHI PROVINCE,SOLUKHUMBU,"NEPAL, KOSHI PROVINCE, SOLUKHUMBU",NPL,22354,NP-KO,NA,2024-03-01,2024-03-31,2024,0,Total,Admin2,Month,MOH-NPL-2024-Y04-02,SEARO
NEPAL,KOSHI PROVINCE,OKHALDHUNGA,"NEPAL, KOSHI PROVINCE, OKHALDHUNGA",NPL,22354,NP-KO,NA,2024-03-01,2024-03-31,2024,6,Total,Admin2,Month,MOH-NPL-2024-Y04-02,SEARO
NEPAL,KOSHI PROVINCE,KHOTANG,"NEPAL, KOSHI PROVINCE, KHOTANG",NPL,22354,NP-KO,NA,2024-03-01,2024-03-31,2024,1,Total,Admin2,Month,MOH-NPL-2024-Y04-02,SEARO
NEPAL,KOSHI PROVINCE,BHOJPUR,"NEPAL, KOSHI PROVINCE, BHOJPUR",NPL,22354,NP-KO,NA,2024-03-01,2024-03-31,2024,2,Total,Admin2,Month,MOH-NPL-2024-Y04-02,SEARO
NEPAL,KOSHI PROVINCE,DHANKUTA,"NEPAL, KOSHI PROVINCE, DHANKUTA",NPL,22354,NP-KO,NA,2024-03-01,2024-03-31,2024,5,Total,Admin2,Month,MOH-NPL-2024-Y04-02,SEARO
NEPAL,KOSHI PROVINCE,TERHATHUM,"NEPAL, KOSHI PROVINCE, TERHATHUM",NPL,22354,NP-KO,NA,2024-03-01,2024-03-31,2024,0,Total,Admin2,Month,MOH-NPL-2024-Y04-02,SEARO
NEPAL,KOSHI PROVINCE,PANCHTHAR,"NEPAL, KOSHI PROVINCE, PANCHTHAR",NPL,22354,NP-KO,NA,2024-03-01,2024-03-31,2024,1,Total,Admin2,Month,MOH-NPL-2024-Y04-02,SEARO
NEPAL,KOSHI PROVINCE,ILAM,"NEPAL, KOSHI PROVINCE, ILAM",NPL,22354,NP-KO,NA,2024-03-01,2024-03-31,2024,3,Total,Admin2,Month,MOH-NPL-2024-Y04-02,SEARO
NEPAL,KOSHI PROVINCE,JHAPA,"NEPAL, KOSHI PROVINCE, JHAPA",NPL,22354,NP-KO,NA,2024-03-01,2024-03-31,2024,11,Total,Admin2,Month,MOH-NPL-2024-Y04-02,SEARO
NEPAL,KOSHI PROVINCE,MORANG,"NEPAL, KOSHI PROVINCE, MORANG",NPL,22354,NP-KO,NA,2024-03-01,2024-03-31,2024,2,Total,Admin2,Month,MOH-NPL-2024-Y04-02,SEARO
NEPAL,KOSHI PROVINCE,SUNSARI,"NEPAL, KOSHI PROVINCE, SUNSARI",NPL,22354,NP-KO,NA,2024-03-01,2024-03-31,2024,2,Total,Admin2,Month,MOH-NPL-2024-Y04-02,SEARO
NEPAL,KOSHI PROVINCE,UDAYAPUR,"NEPAL, KOSHI PROVINCE, UDAYAPUR",NPL,22354,NP-KO,NA,2024-03-01,2024-03-31,2024,1,Total,Admin2,Month,MOH-NPL-2024-Y04-02,SEARO
NEPAL,MADHESH PROVINCE,SAPTARI,"NEPAL, MADHESH PROVINCE, SAPTARI",NPL,22352,NP-JA,NA,2024-03-01,2024-03-31,2024,0,Total,Admin2,Month,MOH-NPL-2024-Y04-02,SEARO
NEPAL,MADHESH PROVINCE,SIRAHA,"NEPAL, MADHESH PROVINCE, SIRAHA",NPL,22352,NP-JA,NA,2024-03-01,2024-03-31,2024,0,Total,Admin2,Month,MOH-NPL-2024-Y04-02,SEARO
NEPAL,MADHESH PROVINCE,DHANUSA,"NEPAL, MADHESH PROVINCE, DHANUSA",NPL,22352,NP-JA,NA,2024-03-01,2024-03-31,2024,0,Total,Admin2,Month,MOH-NPL-2024-Y04-02,SEARO
NEPAL,MADHESH PROVINCE,MAHOTTARI,"NEPAL, MADHESH PROVINCE, MAHOTTARI",NPL,22352,NP-JA,NA,2024-03-01,2024-03-31,2024,0,Total,Admin2,Month,MOH-NPL-2024-Y04-02,SEARO
NEPAL,MADHESH PROVINCE,SARLAHI,"NEPAL, MADHESH PROVINCE, SARLAHI",NPL,22352,NP-JA,NA,2024-03-01,2024-03-31,2024,0,Total,Admin2,Month,MOH-NPL-2024-Y04-02,SEARO
NEPAL,MADHESH PROVINCE,RAUTAHAT,"NEPAL, MADHESH PROVINCE, RAUTAHAT",NPL,22352,NP-JA,NA,2024-03-01,2024-03-31,2024,1,Total,Admin2,Month,MOH-NPL-2024-Y04-02,SEARO
NEPAL,MADHESH PROVINCE,BARA,"NEPAL, MADHESH PROVINCE, BARA",NPL,22352,NP-JA,NA,2024-03-01,2024-03-31,2024,1,Total,Admin2,Month,MOH-NPL-2024-Y04-02,SEARO
NEPAL,MADHESH PROVINCE,PARSA,"NEPAL, MADHESH PROVINCE, PARSA",NPL,22352,NP-JA,NA,2024-03-01,2024-03-31,2024,0,Total,Admin2,Month,MOH-NPL-2024-Y04-02,SEARO
NEPAL,BAGMATI PROVINCE,DOLAKHA,"NEPAL, BAGMATI PROVINCE, DOLAKHA",NPL,22351,NP-BA,NA,2024-03-01,2024-03-31,2024,2,Total,Admin2,Month,MOH-NPL-2024-Y04-02,SEARO
NEPAL,BAGMATI PROVINCE,SINDHUPALCHOK,"NEPAL, BAGMATI PROVINCE, SINDHUPALCHOK",NPL,22351,NP-BA,NA,2024-03-01,2024-03-31,2024,25,Total,Admin2,Month,MOH-NPL-2024-Y04-02,SEARO
NEPAL,BAGMATI PROVINCE,RASUWA,"NEPAL, BAGMATI PROVINCE, RASUWA",NPL,22351,NP-BA,NA,2024-03-01,2024-03-31,2024,0,Total,Admin2,Month,MOH-NPL-2024-Y04-02,SEARO
NEPAL,BAGMATI PROVINCE,DHADING,"NEPAL, BAGMATI PROVINCE, DHADING",NPL,22351,NP-BA,NA,2024-03-01,2024-03-31,2024,0,Total,Admin2,Month,MOH-NPL-2024-Y04-02,SEARO
NEPAL,BAGMATI PROVINCE,NUWAKOT,"NEPAL, BAGMATI PROVINCE, NUWAKOT",NPL,22351,NP-BA,NA,2024-03-01,2024-03-31,2024,2,Total,Admin2,Month,MOH-NPL-2024-Y04-02,SEARO
NEPAL,BAGMATI PROVINCE,KATHMANDU,"NEPAL, BAGMATI PROVINCE, KATHMANDU",NPL,22351,NP-BA,NA,2024-03-01,2024-03-31,2024,14,Total,Admin2,Month,MOH-NPL-2024-Y04-02,SEARO
NEPAL,BAGMATI PROVINCE,BHAKTAPUR,"NEPAL, BAGMATI PROVINCE, BHAKTAPUR",NPL,22351,NP-BA,NA,2024-03-01,2024-03-31,2024,2,Total,Admin2,Month,MOH-NPL-2024-Y04-02,SEARO
NEPAL,BAGMATI PROVINCE,LALITPUR,"NEPAL, BAGMATI PROVINCE, LALITPUR",NPL,22351,NP-BA,NA,2024-03-01,2024-03-31,2024,4,Total,Admin2,Month,MOH-NPL-2024-Y04-02,SEARO
NEPAL,BAGMATI PROVINCE,KAVREPALANCHOK,"NEPAL, BAGMATI PROVINCE, KAVREPALANCHOK",NPL,22351,NP-BA,NA,2024-03-01,2024-03-31,2024,0,Total,Admin2,Month,MOH-NPL-2024-Y04-02,SEARO
NEPAL,BAGMATI PROVINCE,RAMECHHAP,"NEPAL, BAGMATI PROVINCE, RAMECHHAP",NPL,22351,NP-BA,NA,2024-03-01,2024-03-31,2024,0,Total,Admin2,Month,MOH-NPL-2024-Y04-02,SEARO
NEPAL,BAGMATI PROVINCE,SINDHULI,"NEPAL, BAGMATI PROVINCE, SINDHULI",NPL,22351,NP-BA,NA,2024-03-01,2024-03-31,2024,1,Total,Admin2,Month,MOH-NPL-2024-Y04-02,SEARO
NEPAL,BAGMATI PROVINCE,MAKWANPUR,"NEPAL, BAGMATI PROVINCE, MAKWANPUR",NPL,22351,NP-BA,NA,2024-03-01,2024-03-31,2024,13,Total,Admin2,Month,MOH-NPL-2024-Y04-02,SEARO
NEPAL,BAGMATI PROVINCE,CHITAWAN,"NEPAL, BAGMATI PROVINCE, CHITAWAN",NPL,22351,NP-BA,NA,2024-03-01,2024-03-31,2024,11,Total,Admin2,Month,MOH-NPL-2024-Y04-02,SEARO
NEPAL,GANDAKI PROVINCE,GORKHA,"NEPAL, GANDAKI PROVINCE, GORKHA",NPL,22363,NP-GA,NA,2024-03-01,2024-03-31,2024,1,Total,Admin2,Month,MOH-NPL-2024-Y04-02,SEARO
NEPAL,GANDAKI PROVINCE,MANANG,"NEPAL, GANDAKI PROVINCE, MANANG",NPL,22363,NP-GA,NA,2024-03-01,2024-03-31,2024,0,Total,Admin2,Month,MOH-NPL-2024-Y04-02,SEARO
NEPAL,GANDAKI PROVINCE,MUSTANG,"NEPAL, GANDAKI PROVINCE, MUSTANG",NPL,22363,NP-GA,NA,2024-03-01,2024-03-31,2024,0,Total,Admin2,Month,MOH-NPL-2024-Y04-02,SEARO
NEPAL,GANDAKI PROVINCE,MYAGDI,"NEPAL, GANDAKI PROVINCE, MYAGDI",NPL,22363,NP-GA,NA,2024-03-01,2024-03-31,2024,2,Total,Admin2,Month,MOH-NPL-2024-Y04-02,SEARO
NEPAL,GANDAKI PROVINCE,KASKI,"NEPAL, GANDAKI PROVINCE, KASKI",NPL,22363,NP-GA,NA,2024-03-01,2024-03-31,2024,2,Total,Admin2,Month,MOH-NPL-2024-Y04-02,SEARO
NEPAL,GANDAKI PROVINCE,LAMJUNG,"NEPAL, GANDAKI PROVINCE, LAMJUNG",NPL,22363,NP-GA,NA,2024-03-01,2024-03-31,2024,0,Total,Admin2,Month,MOH-NPL-2024-Y04-02,SEARO
NEPAL,GANDAKI PROVINCE,TANAHU,"NEPAL, GANDAKI PROVINCE, TANAHU",NPL,22363,NP-GA,NA,2024-03-01,2024-03-31,2024,2,Total,Admin2,Month,MOH-NPL-2024-Y04-02,SEARO
NEPAL,GANDAKI PROVINCE,NAWALPARASI EAST,"NEPAL, GANDAKI PROVINCE, NAWALPARASI EAST",NPL,22363,NP-GA,NA,2024-03-01,2024-03-31,2024,4,Total,Admin2,Month,MOH-NPL-2024-Y04-02,SEARO
NEPAL,GANDAKI PROVINCE,SYANGJA,"NEPAL, GANDAKI PROVINCE, SYANGJA",NPL,22363,NP-GA,NA,2024-03-01,2024-03-31,2024,3,Total,Admin2,Month,MOH-NPL-2024-Y04-02,SEARO
NEPAL,GANDAKI PROVINCE,PARBAT,"NEPAL, GANDAKI PROVINCE, PARBAT",NPL,22363,NP-GA,NA,2024-03-01,2024-03-31,2024,2,Total,Admin2,Month,MOH-NPL-2024-Y04-02,SEARO
NEPAL,GANDAKI PROVINCE,BAGLUNG,"NEPAL, GANDAKI PROVINCE, BAGLUNG",NPL,22363,NP-GA,NA,2024-03-01,2024-03-31,2024,4,Total,Admin2,Month,MOH-NPL-2024-Y04-02,SEARO
NEPAL,LUMBINI PROVINCE,RUKUM EAST,"NEPAL, LUMBINI PROVINCE, RUKUM EAST",NPL,22364,NP-LU,NA,2024-03-01,2024-03-31,2024,1,Total,Admin2,Month,MOH-NPL-2024-Y04-02,SEARO
NEPAL,LUMBINI PROVINCE,ROLPA,"NEPAL, LUMBINI PROVINCE, ROLPA",NPL,22364,NP-LU,NA,2024-03-01,2024-03-31,2024,1,Total,Admin2,Month,MOH-NPL-2024-Y04-02,SEARO
NEPAL,LUMBINI PROVINCE,PYUTHAN,"NEPAL, LUMBINI PROVINCE, PYUTHAN",NPL,22364,NP-LU,NA,2024-03-01,2024-03-31,2024,1,Total,Admin2,Month,MOH-NPL-2024-Y04-02,SEARO
NEPAL,LUMBINI PROVINCE,GULMI,"NEPAL, LUMBINI PROVINCE, GULMI",NPL,22364,NP-LU,NA,2024-03-01,2024-03-31,2024,2,Total,Admin2,Month,MOH-NPL-2024-Y04-02,SEARO
NEPAL,LUMBINI PROVINCE,ARGHAKHANCHI,"NEPAL, LUMBINI PROVINCE, ARGHAKHANCHI",NPL,22364,NP-LU,NA,2024-03-01,2024-03-31,2024,2,Total,Admin2,Month,MOH-NPL-2024-Y04-02,SEARO
NEPAL,LUMBINI PROVINCE,PALPA,"NEPAL, LUMBINI PROVINCE, PALPA",NPL,22364,NP-LU,NA,2024-03-01,2024-03-31,2024,10,Total,Admin2,Month,MOH-NPL-2024-Y04-02,SEARO
NEPAL,LUMBINI PROVINCE,NAWALPARASI WEST,"NEPAL, LUMBINI PROVINCE, NAWALPARASI WEST",NPL,22364,NP-LU,NA,2024-03-01,2024-03-31,2024,2,Total,Admin2,Month,MOH-NPL-2024-Y04-02,SEARO
NEPAL,LUMBINI PROVINCE,RUPANDEHI,"NEPAL, LUMBINI PROVINCE, RUPANDEHI",NPL,22364,NP-LU,NA,2024-03-01,2024-03-31,2024,6,Total,Admin2,Month,MOH-NPL-2024-Y04-02,SEARO
NEPAL,LUMBINI PROVINCE,KAPILBASTU,"NEPAL, LUMBINI PROVINCE, KAPILBASTU",NPL,22364,NP-LU,NA,2024-03-01,2024-03-31,2024,2,Total,Admin2,Month,MOH-NPL-2024-Y04-02,SEARO
NEPAL,LUMBINI PROVINCE,DANG,"NEPAL, LUMBINI PROVINCE, DANG",NPL,22364,NP-LU,NA,2024-03-01,2024-03-31,2024,1,Total,Admin2,Month,MOH-NPL-2024-Y04-02,SEARO
NEPAL,LUMBINI PROVINCE,BANKE,"NEPAL, LUMBINI PROVINCE, BANKE",NPL,22364,NP-LU,NA,2024-03-01,2024-03-31,2024,1,Total,Admin2,Month,MOH-NPL-2024-Y04-02,SEARO
NEPAL,LUMBINI PROVINCE,BARDIYA,"NEPAL, LUMBINI PROVINCE, BARDIYA",NPL,22364,NP-LU,NA,2024-03-01,2024-03-31,2024,0,Total,Admin2,Month,MOH-NPL-2024-Y04-02,SEARO
NEPAL,KARNALI PROVINCE,DOLPA,"NEPAL, KARNALI PROVINCE, DOLPA",NPL,22359,NP-KA,NA,2024-03-01,2024-03-31,2024,0,Total,Admin2,Month,MOH-NPL-2024-Y04-02,SEARO
NEPAL,KARNALI PROVINCE,MUGU,"NEPAL, KARNALI PROVINCE, MUGU",NPL,22359,NP-KA,NA,2024-03-01,2024-03-31,2024,0,Total,Admin2,Month,MOH-NPL-2024-Y04-02,SEARO
NEPAL,KARNALI PROVINCE,HUMLA,"NEPAL, KARNALI PROVINCE, HUMLA",NPL,22359,NP-KA,NA,2024-03-01,2024-03-31,2024,0,Total,Admin2,Month,MOH-NPL-2024-Y04-02,SEARO
NEPAL,KARNALI PROVINCE,JUMLA,"NEPAL, KARNALI PROVINCE, JUMLA",NPL,22359,NP-KA,NA,2024-03-01,2024-03-31,2024,0,Total,Admin2,Month,MOH-NPL-2024-Y04-02,SEARO
NEPAL,KARNALI PROVINCE,KALIKOT,"NEPAL, KARNALI PROVINCE, KALIKOT",NPL,22359,NP-KA,NA,2024-03-01,2024-03-31,2024,0,Total,Admin2,Month,MOH-NPL-2024-Y04-02,SEARO
NEPAL,KARNALI PROVINCE,DAILEKH,"NEPAL, KARNALI PROVINCE, DAILEKH",NPL,22359,NP-KA,NA,2024-03-01,2024-03-31,2024,0,Total,Admin2,Month,MOH-NPL-2024-Y04-02,SEARO
NEPAL,KARNALI PROVINCE,JAJARKOT,"NEPAL, KARNALI PROVINCE, JAJARKOT",NPL,22359,NP-KA,NA,2024-03-01,2024-03-31,2024,1,Total,Admin2,Month,MOH-NPL-2024-Y04-02,SEARO
NEPAL,KARNALI PROVINCE,RUKUM WEST,"NEPAL, KARNALI PROVINCE, RUKUM WEST",NPL,22359,NP-KA,NA,2024-03-01,2024-03-31,2024,3,Total,Admin2,Month,MOH-NPL-2024-Y04-02,SEARO
NEPAL,KARNALI PROVINCE,SALYAN,"NEPAL, KARNALI PROVINCE, SALYAN",NPL,22359,NP-KA,NA,2024-03-01,2024-03-31,2024,0,Total,Admin2,Month,MOH-NPL-2024-Y04-02,SEARO
NEPAL,KARNALI PROVINCE,SURKHET,"NEPAL, KARNALI PROVINCE, SURKHET",NPL,22359,NP-KA,NA,2024-03-01,2024-03-31,2024,2,Total,Admin2,Month,MOH-NPL-2024-Y04-02,SEARO
NEPAL,SUDUR PASHCHIM PROVINCE,BAJURA,"NEPAL, SUDUR PASHCHIM PROVINCE, BAJURA",NPL,22357,NP-MA,NA,2024-03-01,2024-03-31,2024,5,Total,Admin2,Month,MOH-NPL-2024-Y04-02,SEARO
NEPAL,SUDUR PASHCHIM PROVINCE,BAJHANG,"NEPAL, SUDUR PASHCHIM PROVINCE, BAJHANG",NPL,22357,NP-MA,NA,2024-03-01,2024-03-31,2024,0,Total,Admin2,Month,MOH-NPL-2024-Y04-02,SEARO
NEPAL,SUDUR PASHCHIM PROVINCE,DARCHULA,"NEPAL, SUDUR PASHCHIM PROVINCE, DARCHULA",NPL,22357,NP-MA,NA,2024-03-01,2024-03-31,2024,0,Total,Admin2,Month,MOH-NPL-2024-Y04-02,SEARO
NEPAL,SUDUR PASHCHIM PROVINCE,BAITADI,"NEPAL, SUDUR PASHCHIM PROVINCE, BAITADI",NPL,22357,NP-MA,NA,2024-03-01,2024-03-31,2024,0,Total,Admin2,Month,MOH-NPL-2024-Y04-02,SEARO
NEPAL,SUDUR PASHCHIM PROVINCE,DADELDHURA,"NEPAL, SUDUR PASHCHIM PROVINCE, DADELDHURA",NPL,22357,NP-MA,NA,2024-03-01,2024-03-31,2024,1,Total,Admin2,Month,MOH-NPL-2024-Y04-02,SEARO
NEPAL,SUDUR PASHCHIM PROVINCE,DOTI,"NEPAL, SUDUR PASHCHIM PROVINCE, DOTI",NPL,22357,NP-MA,NA,2024-03-01,2024-03-31,2024,9,Total,Admin2,Month,MOH-NPL-2024-Y04-02,SEARO
NEPAL,SUDUR PASHCHIM PROVINCE,ACHHAM,"NEPAL, SUDUR PASHCHIM PROVINCE, ACHHAM",NPL,22357,NP-MA,NA,2024-03-01,2024-03-31,2024,10,Total,Admin2,Month,MOH-NPL-2024-Y04-02,SEARO
NEPAL,SUDUR PASHCHIM PROVINCE,KAILALI,"NEPAL, SUDUR PASHCHIM PROVINCE, KAILALI",NPL,22357,NP-MA,NA,2024-03-01,2024-03-31,2024,7,Total,Admin2,Month,MOH-NPL-2024-Y04-02,SEARO
NEPAL,SUDUR PASHCHIM PROVINCE,KANCHANPUR,"NEPAL, SUDUR PASHCHIM PROVINCE, KANCHANPUR",NPL,22357,NP-MA,NA,2024-03-01,2024-03-31,2024,7,Total,Admin2,Month,MOH-NPL-2024-Y04-02,SEARO
NEPAL,NA,NA,NEPAL,NPL,175,NPL,NA,2024-04-01,2024-04-30,2024,463,Total,Admin0,Month,WHO-ALL-2025-Y01-00,SEARO
NEPAL,KOSHI PROVINCE,TAPLEJUNG,"NEPAL, KOSHI PROVINCE, TAPLEJUNG",NPL,22354,NP-KO,NA,2024-04-01,2024-04-30,2024,0,Total,Admin2,Month,MOH-NPL-2024-Y04-02,SEARO
NEPAL,KOSHI PROVINCE,SANKHUWASABHA,"NEPAL, KOSHI PROVINCE, SANKHUWASABHA",NPL,22354,NP-KO,NA,2024-04-01,2024-04-30,2024,6,Total,Admin2,Month,MOH-NPL-2024-Y04-02,SEARO
NEPAL,KOSHI PROVINCE,SOLUKHUMBU,"NEPAL, KOSHI PROVINCE, SOLUKHUMBU",NPL,22354,NP-KO,NA,2024-04-01,2024-04-30,2024,0,Total,Admin2,Month,MOH-NPL-2024-Y04-02,SEARO
NEPAL,KOSHI PROVINCE,OKHALDHUNGA,"NEPAL, KOSHI PROVINCE, OKHALDHUNGA",NPL,22354,NP-KO,NA,2024-04-01,2024-04-30,2024,3,Total,Admin2,Month,MOH-NPL-2024-Y04-02,SEARO
NEPAL,KOSHI PROVINCE,KHOTANG,"NEPAL, KOSHI PROVINCE, KHOTANG",NPL,22354,NP-KO,NA,2024-04-01,2024-04-30,2024,1,Total,Admin2,Month,MOH-NPL-2024-Y04-02,SEARO
NEPAL,KOSHI PROVINCE,BHOJPUR,"NEPAL, KOSHI PROVINCE, BHOJPUR",NPL,22354,NP-KO,NA,2024-04-01,2024-04-30,2024,4,Total,Admin2,Month,MOH-NPL-2024-Y04-02,SEARO
NEPAL,KOSHI PROVINCE,DHANKUTA,"NEPAL, KOSHI PROVINCE, DHANKUTA",NPL,22354,NP-KO,NA,2024-04-01,2024-04-30,2024,1,Total,Admin2,Month,MOH-NPL-2024-Y04-02,SEARO
NEPAL,KOSHI PROVINCE,TERHATHUM,"NEPAL, KOSHI PROVINCE, TERHATHUM",NPL,22354,NP-KO,NA,2024-04-01,2024-04-30,2024,0,Total,Admin2,Month,MOH-NPL-2024-Y04-02,SEARO
NEPAL,KOSHI PROVINCE,PANCHTHAR,"NEPAL, KOSHI PROVINCE, PANCHTHAR",NPL,22354,NP-KO,NA,2024-04-01,2024-04-30,2024,0,Total,Admin2,Month,MOH-NPL-2024-Y04-02,SEARO
NEPAL,KOSHI PROVINCE,ILAM,"NEPAL, KOSHI PROVINCE, ILAM",NPL,22354,NP-KO,NA,2024-04-01,2024-04-30,2024,4,Total,Admin2,Month,MOH-NPL-2024-Y04-02,SEARO
NEPAL,KOSHI PROVINCE,JHAPA,"NEPAL, KOSHI PROVINCE, JHAPA",NPL,22354,NP-KO,NA,2024-04-01,2024-04-30,2024,10,Total,Admin2,Month,MOH-NPL-2024-Y04-02,SEARO
NEPAL,KOSHI PROVINCE,MORANG,"NEPAL, KOSHI PROVINCE, MORANG",NPL,22354,NP-KO,NA,2024-04-01,2024-04-30,2024,1,Total,Admin2,Month,MOH-NPL-2024-Y04-02,SEARO
NEPAL,KOSHI PROVINCE,SUNSARI,"NEPAL, KOSHI PROVINCE, SUNSARI",NPL,22354,NP-KO,NA,2024-04-01,2024-04-30,2024,4,Total,Admin2,Month,MOH-NPL-2024-Y04-02,SEARO
NEPAL,KOSHI PROVINCE,UDAYAPUR,"NEPAL, KOSHI PROVINCE, UDAYAPUR",NPL,22354,NP-KO,NA,2024-04-01,2024-04-30,2024,0,Total,Admin2,Month,MOH-NPL-2024-Y04-02,SEARO
NEPAL,MADHESH PROVINCE,SAPTARI,"NEPAL, MADHESH PROVINCE, SAPTARI",NPL,22352,NP-JA,NA,2024-04-01,2024-04-30,2024,1,Total,Admin2,Month,MOH-NPL-2024-Y04-02,SEARO
NEPAL,MADHESH PROVINCE,SIRAHA,"NEPAL, MADHESH PROVINCE, SIRAHA",NPL,22352,NP-JA,NA,2024-04-01,2024-04-30,2024,0,Total,Admin2,Month,MOH-NPL-2024-Y04-02,SEARO
NEPAL,MADHESH PROVINCE,DHANUSA,"NEPAL, MADHESH PROVINCE, DHANUSA",NPL,22352,NP-JA,NA,2024-04-01,2024-04-30,2024,0,Total,Admin2,Month,MOH-NPL-2024-Y04-02,SEARO
NEPAL,MADHESH PROVINCE,MAHOTTARI,"NEPAL, MADHESH PROVINCE, MAHOTTARI",NPL,22352,NP-JA,NA,2024-04-01,2024-04-30,2024,1,Total,Admin2,Month,MOH-NPL-2024-Y04-02,SEARO
NEPAL,MADHESH PROVINCE,SARLAHI,"NEPAL, MADHESH PROVINCE, SARLAHI",NPL,22352,NP-JA,NA,2024-04-01,2024-04-30,2024,0,Total,Admin2,Month,MOH-NPL-2024-Y04-02,SEARO
NEPAL,MADHESH PROVINCE,RAUTAHAT,"NEPAL, MADHESH PROVINCE, RAUTAHAT",NPL,22352,NP-JA,NA,2024-04-01,2024-04-30,2024,4,Total,Admin2,Month,MOH-NPL-2024-Y04-02,SEARO
NEPAL,MADHESH PROVINCE,BARA,"NEPAL, MADHESH PROVINCE, BARA",NPL,22352,NP-JA,NA,2024-04-01,2024-04-30,2024,1,Total,Admin2,Month,MOH-NPL-2024-Y04-02,SEARO
NEPAL,MADHESH PROVINCE,PARSA,"NEPAL, MADHESH PROVINCE, PARSA",NPL,22352,NP-JA,NA,2024-04-01,2024-04-30,2024,1,Total,Admin2,Month,MOH-NPL-2024-Y04-02,SEARO
NEPAL,BAGMATI PROVINCE,DOLAKHA,"NEPAL, BAGMATI PROVINCE, DOLAKHA",NPL,22351,NP-BA,NA,2024-04-01,2024-04-30,2024,2,Total,Admin2,Month,MOH-NPL-2024-Y04-02,SEARO
NEPAL,BAGMATI PROVINCE,SINDHUPALCHOK,"NEPAL, BAGMATI PROVINCE, SINDHUPALCHOK",NPL,22351,NP-BA,NA,2024-04-01,2024-04-30,2024,2,Total,Admin2,Month,MOH-NPL-2024-Y04-02,SEARO
NEPAL,BAGMATI PROVINCE,RASUWA,"NEPAL, BAGMATI PROVINCE, RASUWA",NPL,22351,NP-BA,NA,2024-04-01,2024-04-30,2024,0,Total,Admin2,Month,MOH-NPL-2024-Y04-02,SEARO
NEPAL,BAGMATI PROVINCE,DHADING,"NEPAL, BAGMATI PROVINCE, DHADING",NPL,22351,NP-BA,NA,2024-04-01,2024-04-30,2024,0,Total,Admin2,Month,MOH-NPL-2024-Y04-02,SEARO
NEPAL,BAGMATI PROVINCE,NUWAKOT,"NEPAL, BAGMATI PROVINCE, NUWAKOT",NPL,22351,NP-BA,NA,2024-04-01,2024-04-30,2024,2,Total,Admin2,Month,MOH-NPL-2024-Y04-02,SEARO
NEPAL,BAGMATI PROVINCE,KATHMANDU,"NEPAL, BAGMATI PROVINCE, KATHMANDU",NPL,22351,NP-BA,NA,2024-04-01,2024-04-30,2024,36,Total,Admin2,Month,MOH-NPL-2024-Y04-02,SEARO
NEPAL,BAGMATI PROVINCE,BHAKTAPUR,"NEPAL, BAGMATI PROVINCE, BHAKTAPUR",NPL,22351,NP-BA,NA,2024-04-01,2024-04-30,2024,3,Total,Admin2,Month,MOH-NPL-2024-Y04-02,SEARO
NEPAL,BAGMATI PROVINCE,LALITPUR,"NEPAL, BAGMATI PROVINCE, LALITPUR",NPL,22351,NP-BA,NA,2024-04-01,2024-04-30,2024,2,Total,Admin2,Month,MOH-NPL-2024-Y04-02,SEARO
NEPAL,BAGMATI PROVINCE,KAVREPALANCHOK,"NEPAL, BAGMATI PROVINCE, KAVREPALANCHOK",NPL,22351,NP-BA,NA,2024-04-01,2024-04-30,2024,0,Total,Admin2,Month,MOH-NPL-2024-Y04-02,SEARO
NEPAL,BAGMATI PROVINCE,RAMECHHAP,"NEPAL, BAGMATI PROVINCE, RAMECHHAP",NPL,22351,NP-BA,NA,2024-04-01,2024-04-30,2024,1,Total,Admin2,Month,MOH-NPL-2024-Y04-02,SEARO
NEPAL,BAGMATI PROVINCE,SINDHULI,"NEPAL, BAGMATI PROVINCE, SINDHULI",NPL,22351,NP-BA,NA,2024-04-01,2024-04-30,2024,1,Total,Admin2,Month,MOH-NPL-2024-Y04-02,SEARO
NEPAL,BAGMATI PROVINCE,MAKWANPUR,"NEPAL, BAGMATI PROVINCE, MAKWANPUR",NPL,22351,NP-BA,NA,2024-04-01,2024-04-30,2024,12,Total,Admin2,Month,MOH-NPL-2024-Y04-02,SEARO
NEPAL,BAGMATI PROVINCE,CHITAWAN,"NEPAL, BAGMATI PROVINCE, CHITAWAN",NPL,22351,NP-BA,NA,2024-04-01,2024-04-30,2024,25,Total,Admin2,Month,MOH-NPL-2024-Y04-02,SEARO
NEPAL,GANDAKI PROVINCE,GORKHA,"NEPAL, GANDAKI PROVINCE, GORKHA",NPL,22363,NP-GA,NA,2024-04-01,2024-04-30,2024,3,Total,Admin2,Month,MOH-NPL-2024-Y04-02,SEARO
NEPAL,GANDAKI PROVINCE,MANANG,"NEPAL, GANDAKI PROVINCE, MANANG",NPL,22363,NP-GA,NA,2024-04-01,2024-04-30,2024,0,Total,Admin2,Month,MOH-NPL-2024-Y04-02,SEARO
NEPAL,GANDAKI PROVINCE,MUSTANG,"NEPAL, GANDAKI PROVINCE, MUSTANG",NPL,22363,NP-GA,NA,2024-04-01,2024-04-30,2024,0,Total,Admin2,Month,MOH-NPL-2024-Y04-02,SEARO
NEPAL,GANDAKI PROVINCE,MYAGDI,"NEPAL, GANDAKI PROVINCE, MYAGDI",NPL,22363,NP-GA,NA,2024-04-01,2024-04-30,2024,1,Total,Admin2,Month,MOH-NPL-2024-Y04-02,SEARO
NEPAL,GANDAKI PROVINCE,KASKI,"NEPAL, GANDAKI PROVINCE, KASKI",NPL,22363,NP-GA,NA,2024-04-01,2024-04-30,2024,8,Total,Admin2,Month,MOH-NPL-2024-Y04-02,SEARO
NEPAL,GANDAKI PROVINCE,LAMJUNG,"NEPAL, GANDAKI PROVINCE, LAMJUNG",NPL,22363,NP-GA,NA,2024-04-01,2024-04-30,2024,7,Total,Admin2,Month,MOH-NPL-2024-Y04-02,SEARO
NEPAL,GANDAKI PROVINCE,TANAHU,"NEPAL, GANDAKI PROVINCE, TANAHU",NPL,22363,NP-GA,NA,2024-04-01,2024-04-30,2024,11,Total,Admin2,Month,MOH-NPL-2024-Y04-02,SEARO
NEPAL,GANDAKI PROVINCE,NAWALPARASI EAST,"NEPAL, GANDAKI PROVINCE, NAWALPARASI EAST",NPL,22363,NP-GA,NA,2024-04-01,2024-04-30,2024,3,Total,Admin2,Month,MOH-NPL-2024-Y04-02,SEARO
NEPAL,GANDAKI PROVINCE,SYANGJA,"NEPAL, GANDAKI PROVINCE, SYANGJA",NPL,22363,NP-GA,NA,2024-04-01,2024-04-30,2024,1,Total,Admin2,Month,MOH-NPL-2024-Y04-02,SEARO
NEPAL,GANDAKI PROVINCE,PARBAT,"NEPAL, GANDAKI PROVINCE, PARBAT",NPL,22363,NP-GA,NA,2024-04-01,2024-04-30,2024,1,Total,Admin2,Month,MOH-NPL-2024-Y04-02,SEARO
NEPAL,GANDAKI PROVINCE,BAGLUNG,"NEPAL, GANDAKI PROVINCE, BAGLUNG",NPL,22363,NP-GA,NA,2024-04-01,2024-04-30,2024,0,Total,Admin2,Month,MOH-NPL-2024-Y04-02,SEARO
NEPAL,LUMBINI PROVINCE,RUKUM EAST,"NEPAL, LUMBINI PROVINCE, RUKUM EAST",NPL,22364,NP-LU,NA,2024-04-01,2024-04-30,2024,0,Total,Admin2,Month,MOH-NPL-2024-Y04-02,SEARO
NEPAL,LUMBINI PROVINCE,ROLPA,"NEPAL, LUMBINI PROVINCE, ROLPA",NPL,22364,NP-LU,NA,2024-04-01,2024-04-30,2024,1,Total,Admin2,Month,MOH-NPL-2024-Y04-02,SEARO
NEPAL,LUMBINI PROVINCE,PYUTHAN,"NEPAL, LUMBINI PROVINCE, PYUTHAN",NPL,22364,NP-LU,NA,2024-04-01,2024-04-30,2024,1,Total,Admin2,Month,MOH-NPL-2024-Y04-02,SEARO
NEPAL,LUMBINI PROVINCE,GULMI,"NEPAL, LUMBINI PROVINCE, GULMI",NPL,22364,NP-LU,NA,2024-04-01,2024-04-30,2024,2,Total,Admin2,Month,MOH-NPL-2024-Y04-02,SEARO
NEPAL,LUMBINI PROVINCE,ARGHAKHANCHI,"NEPAL, LUMBINI PROVINCE, ARGHAKHANCHI",NPL,22364,NP-LU,NA,2024-04-01,2024-04-30,2024,2,Total,Admin2,Month,MOH-NPL-2024-Y04-02,SEARO
NEPAL,LUMBINI PROVINCE,PALPA,"NEPAL, LUMBINI PROVINCE, PALPA",NPL,22364,NP-LU,NA,2024-04-01,2024-04-30,2024,2,Total,Admin2,Month,MOH-NPL-2024-Y04-02,SEARO
NEPAL,LUMBINI PROVINCE,NAWALPARASI WEST,"NEPAL, LUMBINI PROVINCE, NAWALPARASI WEST",NPL,22364,NP-LU,NA,2024-04-01,2024-04-30,2024,0,Total,Admin2,Month,MOH-NPL-2024-Y04-02,SEARO
NEPAL,LUMBINI PROVINCE,RUPANDEHI,"NEPAL, LUMBINI PROVINCE, RUPANDEHI",NPL,22364,NP-LU,NA,2024-04-01,2024-04-30,2024,9,Total,Admin2,Month,MOH-NPL-2024-Y04-02,SEARO
NEPAL,LUMBINI PROVINCE,KAPILBASTU,"NEPAL, LUMBINI PROVINCE, KAPILBASTU",NPL,22364,NP-LU,NA,2024-04-01,2024-04-30,2024,4,Total,Admin2,Month,MOH-NPL-2024-Y04-02,SEARO
NEPAL,LUMBINI PROVINCE,DANG,"NEPAL, LUMBINI PROVINCE, DANG",NPL,22364,NP-LU,NA,2024-04-01,2024-04-30,2024,2,Total,Admin2,Month,MOH-NPL-2024-Y04-02,SEARO
NEPAL,LUMBINI PROVINCE,BANKE,"NEPAL, LUMBINI PROVINCE, BANKE",NPL,22364,NP-LU,NA,2024-04-01,2024-04-30,2024,4,Total,Admin2,Month,MOH-NPL-2024-Y04-02,SEARO
NEPAL,LUMBINI PROVINCE,BARDIYA,"NEPAL, LUMBINI PROVINCE, BARDIYA",NPL,22364,NP-LU,NA,2024-04-01,2024-04-30,2024,1,Total,Admin2,Month,MOH-NPL-2024-Y04-02,SEARO
NEPAL,KARNALI PROVINCE,DOLPA,"NEPAL, KARNALI PROVINCE, DOLPA",NPL,22359,NP-KA,NA,2024-04-01,2024-04-30,2024,0,Total,Admin2,Month,MOH-NPL-2024-Y04-02,SEARO
NEPAL,KARNALI PROVINCE,MUGU,"NEPAL, KARNALI PROVINCE, MUGU",NPL,22359,NP-KA,NA,2024-04-01,2024-04-30,2024,0,Total,Admin2,Month,MOH-NPL-2024-Y04-02,SEARO
NEPAL,KARNALI PROVINCE,HUMLA,"NEPAL, KARNALI PROVINCE, HUMLA",NPL,22359,NP-KA,NA,2024-04-01,2024-04-30,2024,0,Total,Admin2,Month,MOH-NPL-2024-Y04-02,SEARO
NEPAL,KARNALI PROVINCE,JUMLA,"NEPAL, KARNALI PROVINCE, JUMLA",NPL,22359,NP-KA,NA,2024-04-01,2024-04-30,2024,0,Total,Admin2,Month,MOH-NPL-2024-Y04-02,SEARO
NEPAL,KARNALI PROVINCE,KALIKOT,"NEPAL, KARNALI PROVINCE, KALIKOT",NPL,22359,NP-KA,NA,2024-04-01,2024-04-30,2024,1,Total,Admin2,Month,MOH-NPL-2024-Y04-02,SEARO
NEPAL,KARNALI PROVINCE,DAILEKH,"NEPAL, KARNALI PROVINCE, DAILEKH",NPL,22359,NP-KA,NA,2024-04-01,2024-04-30,2024,1,Total,Admin2,Month,MOH-NPL-2024-Y04-02,SEARO
NEPAL,KARNALI PROVINCE,JAJARKOT,"NEPAL, KARNALI PROVINCE, JAJARKOT",NPL,22359,NP-KA,NA,2024-04-01,2024-04-30,2024,0,Total,Admin2,Month,MOH-NPL-2024-Y04-02,SEARO
NEPAL,KARNALI PROVINCE,RUKUM WEST,"NEPAL, KARNALI PROVINCE, RUKUM WEST",NPL,22359,NP-KA,NA,2024-04-01,2024-04-30,2024,1,Total,Admin2,Month,MOH-NPL-2024-Y04-02,SEARO
NEPAL,KARNALI PROVINCE,SALYAN,"NEPAL, KARNALI PROVINCE, SALYAN",NPL,22359,NP-KA,NA,2024-04-01,2024-04-30,2024,1,Total,Admin2,Month,MOH-NPL-2024-Y04-02,SEARO
NEPAL,KARNALI PROVINCE,SURKHET,"NEPAL, KARNALI PROVINCE, SURKHET",NPL,22359,NP-KA,NA,2024-04-01,2024-04-30,2024,0,Total,Admin2,Month,MOH-NPL-2024-Y04-02,SEARO
NEPAL,SUDUR PASHCHIM PROVINCE,BAJURA,"NEPAL, SUDUR PASHCHIM PROVINCE, BAJURA",NPL,22357,NP-MA,NA,2024-04-01,2024-04-30,2024,1,Total,Admin2,Month,MOH-NPL-2024-Y04-02,SEARO
NEPAL,SUDUR PASHCHIM PROVINCE,BAJHANG,"NEPAL, SUDUR PASHCHIM PROVINCE, BAJHANG",NPL,22357,NP-MA,NA,2024-04-01,2024-04-30,2024,1,Total,Admin2,Month,MOH-NPL-2024-Y04-02,SEARO
NEPAL,SUDUR PASHCHIM PROVINCE,DARCHULA,"NEPAL, SUDUR PASHCHIM PROVINCE, DARCHULA",NPL,22357,NP-MA,NA,2024-04-01,2024-04-30,2024,1,Total,Admin2,Month,MOH-NPL-2024-Y04-02,SEARO
NEPAL,SUDUR PASHCHIM PROVINCE,BAITADI,"NEPAL, SUDUR PASHCHIM PROVINCE, BAITADI",NPL,22357,NP-MA,NA,2024-04-01,2024-04-30,2024,0,Total,Admin2,Month,MOH-NPL-2024-Y04-02,SEARO
NEPAL,SUDUR PASHCHIM PROVINCE,DADELDHURA,"NEPAL, SUDUR PASHCHIM PROVINCE, DADELDHURA",NPL,22357,NP-MA,NA,2024-04-01,2024-04-30,2024,0,Total,Admin2,Month,MOH-NPL-2024-Y04-02,SEARO
NEPAL,SUDUR PASHCHIM PROVINCE,DOTI,"NEPAL, SUDUR PASHCHIM PROVINCE, DOTI",NPL,22357,NP-MA,NA,2024-04-01,2024-04-30,2024,6,Total,Admin2,Month,MOH-NPL-2024-Y04-02,SEARO
NEPAL,SUDUR PASHCHIM PROVINCE,ACHHAM,"NEPAL, SUDUR PASHCHIM PROVINCE, ACHHAM",NPL,22357,NP-MA,NA,2024-04-01,2024-04-30,2024,12,Total,Admin2,Month,MOH-NPL-2024-Y04-02,SEARO
NEPAL,SUDUR PASHCHIM PROVINCE,KAILALI,"NEPAL, SUDUR PASHCHIM PROVINCE, KAILALI",NPL,22357,NP-MA,NA,2024-04-01,2024-04-30,2024,12,Total,Admin2,Month,MOH-NPL-2024-Y04-02,SEARO
NEPAL,SUDUR PASHCHIM PROVINCE,KANCHANPUR,"NEPAL, SUDUR PASHCHIM PROVINCE, KANCHANPUR",NPL,22357,NP-MA,NA,2024-04-01,2024-04-30,2024,5,Total,Admin2,Month,MOH-NPL-2024-Y04-02,SEARO
NEPAL,NA,NA,NEPAL,NPL,175,NPL,NA,2024-05-01,2024-05-31,2024,495,Total,Admin0,Month,WHO-ALL-2025-Y01-00,SEARO
NEPAL,KOSHI PROVINCE,TAPLEJUNG,"NEPAL, KOSHI PROVINCE, TAPLEJUNG",NPL,22354,NP-KO,NA,2024-05-01,2024-05-31,2024,1,Total,Admin2,Month,MOH-NPL-2024-Y04-02,SEARO
NEPAL,KOSHI PROVINCE,SANKHUWASABHA,"NEPAL, KOSHI PROVINCE, SANKHUWASABHA",NPL,22354,NP-KO,NA,2024-05-01,2024-05-31,2024,4,Total,Admin2,Month,MOH-NPL-2024-Y04-02,SEARO
NEPAL,KOSHI PROVINCE,SOLUKHUMBU,"NEPAL, KOSHI PROVINCE, SOLUKHUMBU",NPL,22354,NP-KO,NA,2024-05-01,2024-05-31,2024,1,Total,Admin2,Month,MOH-NPL-2024-Y04-02,SEARO
NEPAL,KOSHI PROVINCE,OKHALDHUNGA,"NEPAL, KOSHI PROVINCE, OKHALDHUNGA",NPL,22354,NP-KO,NA,2024-05-01,2024-05-31,2024,7,Total,Admin2,Month,MOH-NPL-2024-Y04-02,SEARO
NEPAL,KOSHI PROVINCE,KHOTANG,"NEPAL, KOSHI PROVINCE, KHOTANG",NPL,22354,NP-KO,NA,2024-05-01,2024-05-31,2024,1,Total,Admin2,Month,MOH-NPL-2024-Y04-02,SEARO
NEPAL,KOSHI PROVINCE,BHOJPUR,"NEPAL, KOSHI PROVINCE, BHOJPUR",NPL,22354,NP-KO,NA,2024-05-01,2024-05-31,2024,9,Total,Admin2,Month,MOH-NPL-2024-Y04-02,SEARO
NEPAL,KOSHI PROVINCE,DHANKUTA,"NEPAL, KOSHI PROVINCE, DHANKUTA",NPL,22354,NP-KO,NA,2024-05-01,2024-05-31,2024,2,Total,Admin2,Month,MOH-NPL-2024-Y04-02,SEARO
NEPAL,KOSHI PROVINCE,TERHATHUM,"NEPAL, KOSHI PROVINCE, TERHATHUM",NPL,22354,NP-KO,NA,2024-05-01,2024-05-31,2024,2,Total,Admin2,Month,MOH-NPL-2024-Y04-02,SEARO
NEPAL,KOSHI PROVINCE,PANCHTHAR,"NEPAL, KOSHI PROVINCE, PANCHTHAR",NPL,22354,NP-KO,NA,2024-05-01,2024-05-31,2024,2,Total,Admin2,Month,MOH-NPL-2024-Y04-02,SEARO
NEPAL,KOSHI PROVINCE,ILAM,"NEPAL, KOSHI PROVINCE, ILAM",NPL,22354,NP-KO,NA,2024-05-01,2024-05-31,2024,2,Total,Admin2,Month,MOH-NPL-2024-Y04-02,SEARO
NEPAL,KOSHI PROVINCE,JHAPA,"NEPAL, KOSHI PROVINCE, JHAPA",NPL,22354,NP-KO,NA,2024-05-01,2024-05-31,2024,44,Total,Admin2,Month,MOH-NPL-2024-Y04-02,SEARO
NEPAL,KOSHI PROVINCE,MORANG,"NEPAL, KOSHI PROVINCE, MORANG",NPL,22354,NP-KO,NA,2024-05-01,2024-05-31,2024,1,Total,Admin2,Month,MOH-NPL-2024-Y04-02,SEARO
NEPAL,KOSHI PROVINCE,SUNSARI,"NEPAL, KOSHI PROVINCE, SUNSARI",NPL,22354,NP-KO,NA,2024-05-01,2024-05-31,2024,3,Total,Admin2,Month,MOH-NPL-2024-Y04-02,SEARO
NEPAL,KOSHI PROVINCE,UDAYAPUR,"NEPAL, KOSHI PROVINCE, UDAYAPUR",NPL,22354,NP-KO,NA,2024-05-01,2024-05-31,2024,2,Total,Admin2,Month,MOH-NPL-2024-Y04-02,SEARO
NEPAL,MADHESH PROVINCE,SAPTARI,"NEPAL, MADHESH PROVINCE, SAPTARI",NPL,22352,NP-JA,NA,2024-05-01,2024-05-31,2024,1,Total,Admin2,Month,MOH-NPL-2024-Y04-02,SEARO
NEPAL,MADHESH PROVINCE,SIRAHA,"NEPAL, MADHESH PROVINCE, SIRAHA",NPL,22352,NP-JA,NA,2024-05-01,2024-05-31,2024,0,Total,Admin2,Month,MOH-NPL-2024-Y04-02,SEARO
NEPAL,MADHESH PROVINCE,DHANUSA,"NEPAL, MADHESH PROVINCE, DHANUSA",NPL,22352,NP-JA,NA,2024-05-01,2024-05-31,2024,0,Total,Admin2,Month,MOH-NPL-2024-Y04-02,SEARO
NEPAL,MADHESH PROVINCE,MAHOTTARI,"NEPAL, MADHESH PROVINCE, MAHOTTARI",NPL,22352,NP-JA,NA,2024-05-01,2024-05-31,2024,0,Total,Admin2,Month,MOH-NPL-2024-Y04-02,SEARO
NEPAL,MADHESH PROVINCE,SARLAHI,"NEPAL, MADHESH PROVINCE, SARLAHI",NPL,22352,NP-JA,NA,2024-05-01,2024-05-31,2024,0,Total,Admin2,Month,MOH-NPL-2024-Y04-02,SEARO
NEPAL,MADHESH PROVINCE,RAUTAHAT,"NEPAL, MADHESH PROVINCE, RAUTAHAT",NPL,22352,NP-JA,NA,2024-05-01,2024-05-31,2024,5,Total,Admin2,Month,MOH-NPL-2024-Y04-02,SEARO
NEPAL,MADHESH PROVINCE,BARA,"NEPAL, MADHESH PROVINCE, BARA",NPL,22352,NP-JA,NA,2024-05-01,2024-05-31,2024,2,Total,Admin2,Month,MOH-NPL-2024-Y04-02,SEARO
NEPAL,MADHESH PROVINCE,PARSA,"NEPAL, MADHESH PROVINCE, PARSA",NPL,22352,NP-JA,NA,2024-05-01,2024-05-31,2024,1,Total,Admin2,Month,MOH-NPL-2024-Y04-02,SEARO
NEPAL,BAGMATI PROVINCE,DOLAKHA,"NEPAL, BAGMATI PROVINCE, DOLAKHA",NPL,22351,NP-BA,NA,2024-05-01,2024-05-31,2024,1,Total,Admin2,Month,MOH-NPL-2024-Y04-02,SEARO
NEPAL,BAGMATI PROVINCE,SINDHUPALCHOK,"NEPAL, BAGMATI PROVINCE, SINDHUPALCHOK",NPL,22351,NP-BA,NA,2024-05-01,2024-05-31,2024,5,Total,Admin2,Month,MOH-NPL-2024-Y04-02,SEARO
NEPAL,BAGMATI PROVINCE,RASUWA,"NEPAL, BAGMATI PROVINCE, RASUWA",NPL,22351,NP-BA,NA,2024-05-01,2024-05-31,2024,0,Total,Admin2,Month,MOH-NPL-2024-Y04-02,SEARO
NEPAL,BAGMATI PROVINCE,DHADING,"NEPAL, BAGMATI PROVINCE, DHADING",NPL,22351,NP-BA,NA,2024-05-01,2024-05-31,2024,2,Total,Admin2,Month,MOH-NPL-2024-Y04-02,SEARO
NEPAL,BAGMATI PROVINCE,NUWAKOT,"NEPAL, BAGMATI PROVINCE, NUWAKOT",NPL,22351,NP-BA,NA,2024-05-01,2024-05-31,2024,2,Total,Admin2,Month,MOH-NPL-2024-Y04-02,SEARO
NEPAL,BAGMATI PROVINCE,KATHMANDU,"NEPAL, BAGMATI PROVINCE, KATHMANDU",NPL,22351,NP-BA,NA,2024-05-01,2024-05-31,2024,32,Total,Admin2,Month,MOH-NPL-2024-Y04-02,SEARO
NEPAL,BAGMATI PROVINCE,BHAKTAPUR,"NEPAL, BAGMATI PROVINCE, BHAKTAPUR",NPL,22351,NP-BA,NA,2024-05-01,2024-05-31,2024,4,Total,Admin2,Month,MOH-NPL-2024-Y04-02,SEARO
NEPAL,BAGMATI PROVINCE,LALITPUR,"NEPAL, BAGMATI PROVINCE, LALITPUR",NPL,22351,NP-BA,NA,2024-05-01,2024-05-31,2024,1,Total,Admin2,Month,MOH-NPL-2024-Y04-02,SEARO
NEPAL,BAGMATI PROVINCE,KAVREPALANCHOK,"NEPAL, BAGMATI PROVINCE, KAVREPALANCHOK",NPL,22351,NP-BA,NA,2024-05-01,2024-05-31,2024,8,Total,Admin2,Month,MOH-NPL-2024-Y04-02,SEARO
NEPAL,BAGMATI PROVINCE,RAMECHHAP,"NEPAL, BAGMATI PROVINCE, RAMECHHAP",NPL,22351,NP-BA,NA,2024-05-01,2024-05-31,2024,1,Total,Admin2,Month,MOH-NPL-2024-Y04-02,SEARO
NEPAL,BAGMATI PROVINCE,SINDHULI,"NEPAL, BAGMATI PROVINCE, SINDHULI",NPL,22351,NP-BA,NA,2024-05-01,2024-05-31,2024,0,Total,Admin2,Month,MOH-NPL-2024-Y04-02,SEARO
NEPAL,BAGMATI PROVINCE,MAKWANPUR,"NEPAL, BAGMATI PROVINCE, MAKWANPUR",NPL,22351,NP-BA,NA,2024-05-01,2024-05-31,2024,9,Total,Admin2,Month,MOH-NPL-2024-Y04-02,SEARO
NEPAL,BAGMATI PROVINCE,CHITAWAN,"NEPAL, BAGMATI PROVINCE, CHITAWAN",NPL,22351,NP-BA,NA,2024-05-01,2024-05-31,2024,16,Total,Admin2,Month,MOH-NPL-2024-Y04-02,SEARO
NEPAL,GANDAKI PROVINCE,GORKHA,"NEPAL, GANDAKI PROVINCE, GORKHA",NPL,22363,NP-GA,NA,2024-05-01,2024-05-31,2024,2,Total,Admin2,Month,MOH-NPL-2024-Y04-02,SEARO
NEPAL,GANDAKI PROVINCE,MANANG,"NEPAL, GANDAKI PROVINCE, MANANG",NPL,22363,NP-GA,NA,2024-05-01,2024-05-31,2024,0,Total,Admin2,Month,MOH-NPL-2024-Y04-02,SEARO
NEPAL,GANDAKI PROVINCE,MUSTANG,"NEPAL, GANDAKI PROVINCE, MUSTANG",NPL,22363,NP-GA,NA,2024-05-01,2024-05-31,2024,0,Total,Admin2,Month,MOH-NPL-2024-Y04-02,SEARO
NEPAL,GANDAKI PROVINCE,MYAGDI,"NEPAL, GANDAKI PROVINCE, MYAGDI",NPL,22363,NP-GA,NA,2024-05-01,2024-05-31,2024,1,Total,Admin2,Month,MOH-NPL-2024-Y04-02,SEARO
NEPAL,GANDAKI PROVINCE,KASKI,"NEPAL, GANDAKI PROVINCE, KASKI",NPL,22363,NP-GA,NA,2024-05-01,2024-05-31,2024,16,Total,Admin2,Month,MOH-NPL-2024-Y04-02,SEARO
NEPAL,GANDAKI PROVINCE,LAMJUNG,"NEPAL, GANDAKI PROVINCE, LAMJUNG",NPL,22363,NP-GA,NA,2024-05-01,2024-05-31,2024,7,Total,Admin2,Month,MOH-NPL-2024-Y04-02,SEARO
NEPAL,GANDAKI PROVINCE,TANAHU,"NEPAL, GANDAKI PROVINCE, TANAHU",NPL,22363,NP-GA,NA,2024-05-01,2024-05-31,2024,17,Total,Admin2,Month,MOH-NPL-2024-Y04-02,SEARO
NEPAL,GANDAKI PROVINCE,NAWALPARASI EAST,"NEPAL, GANDAKI PROVINCE, NAWALPARASI EAST",NPL,22363,NP-GA,NA,2024-05-01,2024-05-31,2024,4,Total,Admin2,Month,MOH-NPL-2024-Y04-02,SEARO
NEPAL,GANDAKI PROVINCE,SYANGJA,"NEPAL, GANDAKI PROVINCE, SYANGJA",NPL,22363,NP-GA,NA,2024-05-01,2024-05-31,2024,4,Total,Admin2,Month,MOH-NPL-2024-Y04-02,SEARO
NEPAL,GANDAKI PROVINCE,PARBAT,"NEPAL, GANDAKI PROVINCE, PARBAT",NPL,22363,NP-GA,NA,2024-05-01,2024-05-31,2024,2,Total,Admin2,Month,MOH-NPL-2024-Y04-02,SEARO
NEPAL,GANDAKI PROVINCE,BAGLUNG,"NEPAL, GANDAKI PROVINCE, BAGLUNG",NPL,22363,NP-GA,NA,2024-05-01,2024-05-31,2024,2,Total,Admin2,Month,MOH-NPL-2024-Y04-02,SEARO
NEPAL,LUMBINI PROVINCE,RUKUM EAST,"NEPAL, LUMBINI PROVINCE, RUKUM EAST",NPL,22364,NP-LU,NA,2024-05-01,2024-05-31,2024,0,Total,Admin2,Month,MOH-NPL-2024-Y04-02,SEARO
NEPAL,LUMBINI PROVINCE,ROLPA,"NEPAL, LUMBINI PROVINCE, ROLPA",NPL,22364,NP-LU,NA,2024-05-01,2024-05-31,2024,0,Total,Admin2,Month,MOH-NPL-2024-Y04-02,SEARO
NEPAL,LUMBINI PROVINCE,PYUTHAN,"NEPAL, LUMBINI PROVINCE, PYUTHAN",NPL,22364,NP-LU,NA,2024-05-01,2024-05-31,2024,0,Total,Admin2,Month,MOH-NPL-2024-Y04-02,SEARO
NEPAL,LUMBINI PROVINCE,GULMI,"NEPAL, LUMBINI PROVINCE, GULMI",NPL,22364,NP-LU,NA,2024-05-01,2024-05-31,2024,3,Total,Admin2,Month,MOH-NPL-2024-Y04-02,SEARO
NEPAL,LUMBINI PROVINCE,ARGHAKHANCHI,"NEPAL, LUMBINI PROVINCE, ARGHAKHANCHI",NPL,22364,NP-LU,NA,2024-05-01,2024-05-31,2024,6,Total,Admin2,Month,MOH-NPL-2024-Y04-02,SEARO
NEPAL,LUMBINI PROVINCE,PALPA,"NEPAL, LUMBINI PROVINCE, PALPA",NPL,22364,NP-LU,NA,2024-05-01,2024-05-31,2024,0,Total,Admin2,Month,MOH-NPL-2024-Y04-02,SEARO
NEPAL,LUMBINI PROVINCE,NAWALPARASI WEST,"NEPAL, LUMBINI PROVINCE, NAWALPARASI WEST",NPL,22364,NP-LU,NA,2024-05-01,2024-05-31,2024,0,Total,Admin2,Month,MOH-NPL-2024-Y04-02,SEARO
NEPAL,LUMBINI PROVINCE,RUPANDEHI,"NEPAL, LUMBINI PROVINCE, RUPANDEHI",NPL,22364,NP-LU,NA,2024-05-01,2024-05-31,2024,2,Total,Admin2,Month,MOH-NPL-2024-Y04-02,SEARO
NEPAL,LUMBINI PROVINCE,KAPILBASTU,"NEPAL, LUMBINI PROVINCE, KAPILBASTU",NPL,22364,NP-LU,NA,2024-05-01,2024-05-31,2024,0,Total,Admin2,Month,MOH-NPL-2024-Y04-02,SEARO
NEPAL,LUMBINI PROVINCE,DANG,"NEPAL, LUMBINI PROVINCE, DANG",NPL,22364,NP-LU,NA,2024-05-01,2024-05-31,2024,4,Total,Admin2,Month,MOH-NPL-2024-Y04-02,SEARO
NEPAL,LUMBINI PROVINCE,BANKE,"NEPAL, LUMBINI PROVINCE, BANKE",NPL,22364,NP-LU,NA,2024-05-01,2024-05-31,2024,1,Total,Admin2,Month,MOH-NPL-2024-Y04-02,SEARO
NEPAL,LUMBINI PROVINCE,BARDIYA,"NEPAL, LUMBINI PROVINCE, BARDIYA",NPL,22364,NP-LU,NA,2024-05-01,2024-05-31,2024,7,Total,Admin2,Month,MOH-NPL-2024-Y04-02,SEARO
NEPAL,KARNALI PROVINCE,DOLPA,"NEPAL, KARNALI PROVINCE, DOLPA",NPL,22359,NP-KA,NA,2024-05-01,2024-05-31,2024,0,Total,Admin2,Month,MOH-NPL-2024-Y04-02,SEARO
NEPAL,KARNALI PROVINCE,MUGU,"NEPAL, KARNALI PROVINCE, MUGU",NPL,22359,NP-KA,NA,2024-05-01,2024-05-31,2024,0,Total,Admin2,Month,MOH-NPL-2024-Y04-02,SEARO
NEPAL,KARNALI PROVINCE,HUMLA,"NEPAL, KARNALI PROVINCE, HUMLA",NPL,22359,NP-KA,NA,2024-05-01,2024-05-31,2024,0,Total,Admin2,Month,MOH-NPL-2024-Y04-02,SEARO
NEPAL,KARNALI PROVINCE,JUMLA,"NEPAL, KARNALI PROVINCE, JUMLA",NPL,22359,NP-KA,NA,2024-05-01,2024-05-31,2024,0,Total,Admin2,Month,MOH-NPL-2024-Y04-02,SEARO
NEPAL,KARNALI PROVINCE,KALIKOT,"NEPAL, KARNALI PROVINCE, KALIKOT",NPL,22359,NP-KA,NA,2024-05-01,2024-05-31,2024,0,Total,Admin2,Month,MOH-NPL-2024-Y04-02,SEARO
NEPAL,KARNALI PROVINCE,DAILEKH,"NEPAL, KARNALI PROVINCE, DAILEKH",NPL,22359,NP-KA,NA,2024-05-01,2024-05-31,2024,2,Total,Admin2,Month,MOH-NPL-2024-Y04-02,SEARO
NEPAL,KARNALI PROVINCE,JAJARKOT,"NEPAL, KARNALI PROVINCE, JAJARKOT",NPL,22359,NP-KA,NA,2024-05-01,2024-05-31,2024,0,Total,Admin2,Month,MOH-NPL-2024-Y04-02,SEARO
NEPAL,KARNALI PROVINCE,RUKUM WEST,"NEPAL, KARNALI PROVINCE, RUKUM WEST",NPL,22359,NP-KA,NA,2024-05-01,2024-05-31,2024,0,Total,Admin2,Month,MOH-NPL-2024-Y04-02,SEARO
NEPAL,KARNALI PROVINCE,SALYAN,"NEPAL, KARNALI PROVINCE, SALYAN",NPL,22359,NP-KA,NA,2024-05-01,2024-05-31,2024,1,Total,Admin2,Month,MOH-NPL-2024-Y04-02,SEARO
NEPAL,KARNALI PROVINCE,SURKHET,"NEPAL, KARNALI PROVINCE, SURKHET",NPL,22359,NP-KA,NA,2024-05-01,2024-05-31,2024,0,Total,Admin2,Month,MOH-NPL-2024-Y04-02,SEARO
NEPAL,SUDUR PASHCHIM PROVINCE,BAJURA,"NEPAL, SUDUR PASHCHIM PROVINCE, BAJURA",NPL,22357,NP-MA,NA,2024-05-01,2024-05-31,2024,1,Total,Admin2,Month,MOH-NPL-2024-Y04-02,SEARO
NEPAL,SUDUR PASHCHIM PROVINCE,BAJHANG,"NEPAL, SUDUR PASHCHIM PROVINCE, BAJHANG",NPL,22357,NP-MA,NA,2024-05-01,2024-05-31,2024,1,Total,Admin2,Month,MOH-NPL-2024-Y04-02,SEARO
NEPAL,SUDUR PASHCHIM PROVINCE,DARCHULA,"NEPAL, SUDUR PASHCHIM PROVINCE, DARCHULA",NPL,22357,NP-MA,NA,2024-05-01,2024-05-31,2024,7,Total,Admin2,Month,MOH-NPL-2024-Y04-02,SEARO
NEPAL,SUDUR PASHCHIM PROVINCE,BAITADI,"NEPAL, SUDUR PASHCHIM PROVINCE, BAITADI",NPL,22357,NP-MA,NA,2024-05-01,2024-05-31,2024,0,Total,Admin2,Month,MOH-NPL-2024-Y04-02,SEARO
NEPAL,SUDUR PASHCHIM PROVINCE,DADELDHURA,"NEPAL, SUDUR PASHCHIM PROVINCE, DADELDHURA",NPL,22357,NP-MA,NA,2024-05-01,2024-05-31,2024,2,Total,Admin2,Month,MOH-NPL-2024-Y04-02,SEARO
NEPAL,SUDUR PASHCHIM PROVINCE,DOTI,"NEPAL, SUDUR PASHCHIM PROVINCE, DOTI",NPL,22357,NP-MA,NA,2024-05-01,2024-05-31,2024,2,Total,Admin2,Month,MOH-NPL-2024-Y04-02,SEARO
NEPAL,SUDUR PASHCHIM PROVINCE,ACHHAM,"NEPAL, SUDUR PASHCHIM PROVINCE, ACHHAM",NPL,22357,NP-MA,NA,2024-05-01,2024-05-31,2024,2,Total,Admin2,Month,MOH-NPL-2024-Y04-02,SEARO
NEPAL,SUDUR PASHCHIM PROVINCE,KAILALI,"NEPAL, SUDUR PASHCHIM PROVINCE, KAILALI",NPL,22357,NP-MA,NA,2024-05-01,2024-05-31,2024,7,Total,Admin2,Month,MOH-NPL-2024-Y04-02,SEARO
NEPAL,SUDUR PASHCHIM PROVINCE,KANCHANPUR,"NEPAL, SUDUR PASHCHIM PROVINCE, KANCHANPUR",NPL,22357,NP-MA,NA,2024-05-01,2024-05-31,2024,4,Total,Admin2,Month,MOH-NPL-2024-Y04-02,SEARO
NEPAL,NA,NA,NEPAL,NPL,175,NPL,NA,2024-06-01,2024-06-30,2024,632,Total,Admin0,Month,WHO-ALL-2025-Y01-00,SEARO
NEPAL,KOSHI PROVINCE,TAPLEJUNG,"NEPAL, KOSHI PROVINCE, TAPLEJUNG",NPL,22354,NP-KO,NA,2024-06-01,2024-06-30,2024,0,Total,Admin2,Month,MOH-NPL-2024-Y04-02,SEARO
NEPAL,KOSHI PROVINCE,SANKHUWASABHA,"NEPAL, KOSHI PROVINCE, SANKHUWASABHA",NPL,22354,NP-KO,NA,2024-06-01,2024-06-30,2024,5,Total,Admin2,Month,MOH-NPL-2024-Y04-02,SEARO
NEPAL,KOSHI PROVINCE,SOLUKHUMBU,"NEPAL, KOSHI PROVINCE, SOLUKHUMBU",NPL,22354,NP-KO,NA,2024-06-01,2024-06-30,2024,0,Total,Admin2,Month,MOH-NPL-2024-Y04-02,SEARO
NEPAL,KOSHI PROVINCE,OKHALDHUNGA,"NEPAL, KOSHI PROVINCE, OKHALDHUNGA",NPL,22354,NP-KO,NA,2024-06-01,2024-06-30,2024,8,Total,Admin2,Month,MOH-NPL-2024-Y04-02,SEARO
NEPAL,KOSHI PROVINCE,KHOTANG,"NEPAL, KOSHI PROVINCE, KHOTANG",NPL,22354,NP-KO,NA,2024-06-01,2024-06-30,2024,6,Total,Admin2,Month,MOH-NPL-2024-Y04-02,SEARO
NEPAL,KOSHI PROVINCE,BHOJPUR,"NEPAL, KOSHI PROVINCE, BHOJPUR",NPL,22354,NP-KO,NA,2024-06-01,2024-06-30,2024,15,Total,Admin2,Month,MOH-NPL-2024-Y04-02,SEARO
NEPAL,KOSHI PROVINCE,DHANKUTA,"NEPAL, KOSHI PROVINCE, DHANKUTA",NPL,22354,NP-KO,NA,2024-06-01,2024-06-30,2024,29,Total,Admin2,Month,MOH-NPL-2024-Y04-02,SEARO
NEPAL,KOSHI PROVINCE,TERHATHUM,"NEPAL, KOSHI PROVINCE, TERHATHUM",NPL,22354,NP-KO,NA,2024-06-01,2024-06-30,2024,10,Total,Admin2,Month,MOH-NPL-2024-Y04-02,SEARO
NEPAL,KOSHI PROVINCE,PANCHTHAR,"NEPAL, KOSHI PROVINCE, PANCHTHAR",NPL,22354,NP-KO,NA,2024-06-01,2024-06-30,2024,0,Total,Admin2,Month,MOH-NPL-2024-Y04-02,SEARO
NEPAL,KOSHI PROVINCE,ILAM,"NEPAL, KOSHI PROVINCE, ILAM",NPL,22354,NP-KO,NA,2024-06-01,2024-06-30,2024,11,Total,Admin2,Month,MOH-NPL-2024-Y04-02,SEARO
NEPAL,KOSHI PROVINCE,JHAPA,"NEPAL, KOSHI PROVINCE, JHAPA",NPL,22354,NP-KO,NA,2024-06-01,2024-06-30,2024,15,Total,Admin2,Month,MOH-NPL-2024-Y04-02,SEARO
NEPAL,KOSHI PROVINCE,MORANG,"NEPAL, KOSHI PROVINCE, MORANG",NPL,22354,NP-KO,NA,2024-06-01,2024-06-30,2024,2,Total,Admin2,Month,MOH-NPL-2024-Y04-02,SEARO
NEPAL,KOSHI PROVINCE,SUNSARI,"NEPAL, KOSHI PROVINCE, SUNSARI",NPL,22354,NP-KO,NA,2024-06-01,2024-06-30,2024,4,Total,Admin2,Month,MOH-NPL-2024-Y04-02,SEARO
NEPAL,KOSHI PROVINCE,UDAYAPUR,"NEPAL, KOSHI PROVINCE, UDAYAPUR",NPL,22354,NP-KO,NA,2024-06-01,2024-06-30,2024,0,Total,Admin2,Month,MOH-NPL-2024-Y04-02,SEARO
NEPAL,MADHESH PROVINCE,SAPTARI,"NEPAL, MADHESH PROVINCE, SAPTARI",NPL,22352,NP-JA,NA,2024-06-01,2024-06-30,2024,0,Total,Admin2,Month,MOH-NPL-2024-Y04-02,SEARO
NEPAL,MADHESH PROVINCE,SIRAHA,"NEPAL, MADHESH PROVINCE, SIRAHA",NPL,22352,NP-JA,NA,2024-06-01,2024-06-30,2024,2,Total,Admin2,Month,MOH-NPL-2024-Y04-02,SEARO
NEPAL,MADHESH PROVINCE,DHANUSA,"NEPAL, MADHESH PROVINCE, DHANUSA",NPL,22352,NP-JA,NA,2024-06-01,2024-06-30,2024,0,Total,Admin2,Month,MOH-NPL-2024-Y04-02,SEARO
NEPAL,MADHESH PROVINCE,MAHOTTARI,"NEPAL, MADHESH PROVINCE, MAHOTTARI",NPL,22352,NP-JA,NA,2024-06-01,2024-06-30,2024,0,Total,Admin2,Month,MOH-NPL-2024-Y04-02,SEARO
NEPAL,MADHESH PROVINCE,SARLAHI,"NEPAL, MADHESH PROVINCE, SARLAHI",NPL,22352,NP-JA,NA,2024-06-01,2024-06-30,2024,2,Total,Admin2,Month,MOH-NPL-2024-Y04-02,SEARO
NEPAL,MADHESH PROVINCE,RAUTAHAT,"NEPAL, MADHESH PROVINCE, RAUTAHAT",NPL,22352,NP-JA,NA,2024-06-01,2024-06-30,2024,3,Total,Admin2,Month,MOH-NPL-2024-Y04-02,SEARO
NEPAL,MADHESH PROVINCE,BARA,"NEPAL, MADHESH PROVINCE, BARA",NPL,22352,NP-JA,NA,2024-06-01,2024-06-30,2024,3,Total,Admin2,Month,MOH-NPL-2024-Y04-02,SEARO
NEPAL,MADHESH PROVINCE,PARSA,"NEPAL, MADHESH PROVINCE, PARSA",NPL,22352,NP-JA,NA,2024-06-01,2024-06-30,2024,0,Total,Admin2,Month,MOH-NPL-2024-Y04-02,SEARO
NEPAL,BAGMATI PROVINCE,DOLAKHA,"NEPAL, BAGMATI PROVINCE, DOLAKHA",NPL,22351,NP-BA,NA,2024-06-01,2024-06-30,2024,0,Total,Admin2,Month,MOH-NPL-2024-Y04-02,SEARO
NEPAL,BAGMATI PROVINCE,SINDHUPALCHOK,"NEPAL, BAGMATI PROVINCE, SINDHUPALCHOK",NPL,22351,NP-BA,NA,2024-06-01,2024-06-30,2024,2,Total,Admin2,Month,MOH-NPL-2024-Y04-02,SEARO
NEPAL,BAGMATI PROVINCE,RASUWA,"NEPAL, BAGMATI PROVINCE, RASUWA",NPL,22351,NP-BA,NA,2024-06-01,2024-06-30,2024,0,Total,Admin2,Month,MOH-NPL-2024-Y04-02,SEARO
NEPAL,BAGMATI PROVINCE,DHADING,"NEPAL, BAGMATI PROVINCE, DHADING",NPL,22351,NP-BA,NA,2024-06-01,2024-06-30,2024,0,Total,Admin2,Month,MOH-NPL-2024-Y04-02,SEARO
NEPAL,BAGMATI PROVINCE,NUWAKOT,"NEPAL, BAGMATI PROVINCE, NUWAKOT",NPL,22351,NP-BA,NA,2024-06-01,2024-06-30,2024,4,Total,Admin2,Month,MOH-NPL-2024-Y04-02,SEARO
NEPAL,BAGMATI PROVINCE,KATHMANDU,"NEPAL, BAGMATI PROVINCE, KATHMANDU",NPL,22351,NP-BA,NA,2024-06-01,2024-06-30,2024,51,Total,Admin2,Month,MOH-NPL-2024-Y04-02,SEARO
NEPAL,BAGMATI PROVINCE,BHAKTAPUR,"NEPAL, BAGMATI PROVINCE, BHAKTAPUR",NPL,22351,NP-BA,NA,2024-06-01,2024-06-30,2024,7,Total,Admin2,Month,MOH-NPL-2024-Y04-02,SEARO
NEPAL,BAGMATI PROVINCE,LALITPUR,"NEPAL, BAGMATI PROVINCE, LALITPUR",NPL,22351,NP-BA,NA,2024-06-01,2024-06-30,2024,2,Total,Admin2,Month,MOH-NPL-2024-Y04-02,SEARO
NEPAL,BAGMATI PROVINCE,KAVREPALANCHOK,"NEPAL, BAGMATI PROVINCE, KAVREPALANCHOK",NPL,22351,NP-BA,NA,2024-06-01,2024-06-30,2024,15,Total,Admin2,Month,MOH-NPL-2024-Y04-02,SEARO
NEPAL,BAGMATI PROVINCE,RAMECHHAP,"NEPAL, BAGMATI PROVINCE, RAMECHHAP",NPL,22351,NP-BA,NA,2024-06-01,2024-06-30,2024,1,Total,Admin2,Month,MOH-NPL-2024-Y04-02,SEARO
NEPAL,BAGMATI PROVINCE,SINDHULI,"NEPAL, BAGMATI PROVINCE, SINDHULI",NPL,22351,NP-BA,NA,2024-06-01,2024-06-30,2024,3,Total,Admin2,Month,MOH-NPL-2024-Y04-02,SEARO
NEPAL,BAGMATI PROVINCE,MAKWANPUR,"NEPAL, BAGMATI PROVINCE, MAKWANPUR",NPL,22351,NP-BA,NA,2024-06-01,2024-06-30,2024,9,Total,Admin2,Month,MOH-NPL-2024-Y04-02,SEARO
NEPAL,BAGMATI PROVINCE,CHITAWAN,"NEPAL, BAGMATI PROVINCE, CHITAWAN",NPL,22351,NP-BA,NA,2024-06-01,2024-06-30,2024,7,Total,Admin2,Month,MOH-NPL-2024-Y04-02,SEARO
NEPAL,GANDAKI PROVINCE,GORKHA,"NEPAL, GANDAKI PROVINCE, GORKHA",NPL,22363,NP-GA,NA,2024-06-01,2024-06-30,2024,6,Total,Admin2,Month,MOH-NPL-2024-Y04-02,SEARO
NEPAL,GANDAKI PROVINCE,MANANG,"NEPAL, GANDAKI PROVINCE, MANANG",NPL,22363,NP-GA,NA,2024-06-01,2024-06-30,2024,1,Total,Admin2,Month,MOH-NPL-2024-Y04-02,SEARO
NEPAL,GANDAKI PROVINCE,MUSTANG,"NEPAL, GANDAKI PROVINCE, MUSTANG",NPL,22363,NP-GA,NA,2024-06-01,2024-06-30,2024,0,Total,Admin2,Month,MOH-NPL-2024-Y04-02,SEARO
NEPAL,GANDAKI PROVINCE,MYAGDI,"NEPAL, GANDAKI PROVINCE, MYAGDI",NPL,22363,NP-GA,NA,2024-06-01,2024-06-30,2024,7,Total,Admin2,Month,MOH-NPL-2024-Y04-02,SEARO
NEPAL,GANDAKI PROVINCE,KASKI,"NEPAL, GANDAKI PROVINCE, KASKI",NPL,22363,NP-GA,NA,2024-06-01,2024-06-30,2024,22,Total,Admin2,Month,MOH-NPL-2024-Y04-02,SEARO
NEPAL,GANDAKI PROVINCE,LAMJUNG,"NEPAL, GANDAKI PROVINCE, LAMJUNG",NPL,22363,NP-GA,NA,2024-06-01,2024-06-30,2024,4,Total,Admin2,Month,MOH-NPL-2024-Y04-02,SEARO
NEPAL,GANDAKI PROVINCE,TANAHU,"NEPAL, GANDAKI PROVINCE, TANAHU",NPL,22363,NP-GA,NA,2024-06-01,2024-06-30,2024,9,Total,Admin2,Month,MOH-NPL-2024-Y04-02,SEARO
NEPAL,GANDAKI PROVINCE,NAWALPARASI EAST,"NEPAL, GANDAKI PROVINCE, NAWALPARASI EAST",NPL,22363,NP-GA,NA,2024-06-01,2024-06-30,2024,3,Total,Admin2,Month,MOH-NPL-2024-Y04-02,SEARO
NEPAL,GANDAKI PROVINCE,SYANGJA,"NEPAL, GANDAKI PROVINCE, SYANGJA",NPL,22363,NP-GA,NA,2024-06-01,2024-06-30,2024,3,Total,Admin2,Month,MOH-NPL-2024-Y04-02,SEARO
NEPAL,GANDAKI PROVINCE,PARBAT,"NEPAL, GANDAKI PROVINCE, PARBAT",NPL,22363,NP-GA,NA,2024-06-01,2024-06-30,2024,3,Total,Admin2,Month,MOH-NPL-2024-Y04-02,SEARO
NEPAL,GANDAKI PROVINCE,BAGLUNG,"NEPAL, GANDAKI PROVINCE, BAGLUNG",NPL,22363,NP-GA,NA,2024-06-01,2024-06-30,2024,1,Total,Admin2,Month,MOH-NPL-2024-Y04-02,SEARO
NEPAL,LUMBINI PROVINCE,RUKUM EAST,"NEPAL, LUMBINI PROVINCE, RUKUM EAST",NPL,22364,NP-LU,NA,2024-06-01,2024-06-30,2024,1,Total,Admin2,Month,MOH-NPL-2024-Y04-02,SEARO
NEPAL,LUMBINI PROVINCE,ROLPA,"NEPAL, LUMBINI PROVINCE, ROLPA",NPL,22364,NP-LU,NA,2024-06-01,2024-06-30,2024,1,Total,Admin2,Month,MOH-NPL-2024-Y04-02,SEARO
NEPAL,LUMBINI PROVINCE,PYUTHAN,"NEPAL, LUMBINI PROVINCE, PYUTHAN",NPL,22364,NP-LU,NA,2024-06-01,2024-06-30,2024,1,Total,Admin2,Month,MOH-NPL-2024-Y04-02,SEARO
NEPAL,LUMBINI PROVINCE,GULMI,"NEPAL, LUMBINI PROVINCE, GULMI",NPL,22364,NP-LU,NA,2024-06-01,2024-06-30,2024,3,Total,Admin2,Month,MOH-NPL-2024-Y04-02,SEARO
NEPAL,LUMBINI PROVINCE,ARGHAKHANCHI,"NEPAL, LUMBINI PROVINCE, ARGHAKHANCHI",NPL,22364,NP-LU,NA,2024-06-01,2024-06-30,2024,9,Total,Admin2,Month,MOH-NPL-2024-Y04-02,SEARO
NEPAL,LUMBINI PROVINCE,PALPA,"NEPAL, LUMBINI PROVINCE, PALPA",NPL,22364,NP-LU,NA,2024-06-01,2024-06-30,2024,11,Total,Admin2,Month,MOH-NPL-2024-Y04-02,SEARO
NEPAL,LUMBINI PROVINCE,NAWALPARASI WEST,"NEPAL, LUMBINI PROVINCE, NAWALPARASI WEST",NPL,22364,NP-LU,NA,2024-06-01,2024-06-30,2024,1,Total,Admin2,Month,MOH-NPL-2024-Y04-02,SEARO
NEPAL,LUMBINI PROVINCE,RUPANDEHI,"NEPAL, LUMBINI PROVINCE, RUPANDEHI",NPL,22364,NP-LU,NA,2024-06-01,2024-06-30,2024,2,Total,Admin2,Month,MOH-NPL-2024-Y04-02,SEARO
NEPAL,LUMBINI PROVINCE,KAPILBASTU,"NEPAL, LUMBINI PROVINCE, KAPILBASTU",NPL,22364,NP-LU,NA,2024-06-01,2024-06-30,2024,0,Total,Admin2,Month,MOH-NPL-2024-Y04-02,SEARO
NEPAL,LUMBINI PROVINCE,DANG,"NEPAL, LUMBINI PROVINCE, DANG",NPL,22364,NP-LU,NA,2024-06-01,2024-06-30,2024,8,Total,Admin2,Month,MOH-NPL-2024-Y04-02,SEARO
NEPAL,LUMBINI PROVINCE,BANKE,"NEPAL, LUMBINI PROVINCE, BANKE",NPL,22364,NP-LU,NA,2024-06-01,2024-06-30,2024,1,Total,Admin2,Month,MOH-NPL-2024-Y04-02,SEARO
NEPAL,LUMBINI PROVINCE,BARDIYA,"NEPAL, LUMBINI PROVINCE, BARDIYA",NPL,22364,NP-LU,NA,2024-06-01,2024-06-30,2024,2,Total,Admin2,Month,MOH-NPL-2024-Y04-02,SEARO
NEPAL,KARNALI PROVINCE,DOLPA,"NEPAL, KARNALI PROVINCE, DOLPA",NPL,22359,NP-KA,NA,2024-06-01,2024-06-30,2024,0,Total,Admin2,Month,MOH-NPL-2024-Y04-02,SEARO
NEPAL,KARNALI PROVINCE,MUGU,"NEPAL, KARNALI PROVINCE, MUGU",NPL,22359,NP-KA,NA,2024-06-01,2024-06-30,2024,1,Total,Admin2,Month,MOH-NPL-2024-Y04-02,SEARO
NEPAL,KARNALI PROVINCE,HUMLA,"NEPAL, KARNALI PROVINCE, HUMLA",NPL,22359,NP-KA,NA,2024-06-01,2024-06-30,2024,0,Total,Admin2,Month,MOH-NPL-2024-Y04-02,SEARO
NEPAL,KARNALI PROVINCE,JUMLA,"NEPAL, KARNALI PROVINCE, JUMLA",NPL,22359,NP-KA,NA,2024-06-01,2024-06-30,2024,0,Total,Admin2,Month,MOH-NPL-2024-Y04-02,SEARO
NEPAL,KARNALI PROVINCE,KALIKOT,"NEPAL, KARNALI PROVINCE, KALIKOT",NPL,22359,NP-KA,NA,2024-06-01,2024-06-30,2024,0,Total,Admin2,Month,MOH-NPL-2024-Y04-02,SEARO
NEPAL,KARNALI PROVINCE,DAILEKH,"NEPAL, KARNALI PROVINCE, DAILEKH",NPL,22359,NP-KA,NA,2024-06-01,2024-06-30,2024,1,Total,Admin2,Month,MOH-NPL-2024-Y04-02,SEARO
NEPAL,KARNALI PROVINCE,JAJARKOT,"NEPAL, KARNALI PROVINCE, JAJARKOT",NPL,22359,NP-KA,NA,2024-06-01,2024-06-30,2024,0,Total,Admin2,Month,MOH-NPL-2024-Y04-02,SEARO
NEPAL,KARNALI PROVINCE,RUKUM WEST,"NEPAL, KARNALI PROVINCE, RUKUM WEST",NPL,22359,NP-KA,NA,2024-06-01,2024-06-30,2024,1,Total,Admin2,Month,MOH-NPL-2024-Y04-02,SEARO
NEPAL,KARNALI PROVINCE,SALYAN,"NEPAL, KARNALI PROVINCE, SALYAN",NPL,22359,NP-KA,NA,2024-06-01,2024-06-30,2024,1,Total,Admin2,Month,MOH-NPL-2024-Y04-02,SEARO
NEPAL,KARNALI PROVINCE,SURKHET,"NEPAL, KARNALI PROVINCE, SURKHET",NPL,22359,NP-KA,NA,2024-06-01,2024-06-30,2024,1,Total,Admin2,Month,MOH-NPL-2024-Y04-02,SEARO
NEPAL,SUDUR PASHCHIM PROVINCE,BAJURA,"NEPAL, SUDUR PASHCHIM PROVINCE, BAJURA",NPL,22357,NP-MA,NA,2024-06-01,2024-06-30,2024,2,Total,Admin2,Month,MOH-NPL-2024-Y04-02,SEARO
NEPAL,SUDUR PASHCHIM PROVINCE,BAJHANG,"NEPAL, SUDUR PASHCHIM PROVINCE, BAJHANG",NPL,22357,NP-MA,NA,2024-06-01,2024-06-30,2024,1,Total,Admin2,Month,MOH-NPL-2024-Y04-02,SEARO
NEPAL,SUDUR PASHCHIM PROVINCE,DARCHULA,"NEPAL, SUDUR PASHCHIM PROVINCE, DARCHULA",NPL,22357,NP-MA,NA,2024-06-01,2024-06-30,2024,6,Total,Admin2,Month,MOH-NPL-2024-Y04-02,SEARO
NEPAL,SUDUR PASHCHIM PROVINCE,BAITADI,"NEPAL, SUDUR PASHCHIM PROVINCE, BAITADI",NPL,22357,NP-MA,NA,2024-06-01,2024-06-30,2024,3,Total,Admin2,Month,MOH-NPL-2024-Y04-02,SEARO
NEPAL,SUDUR PASHCHIM PROVINCE,DADELDHURA,"NEPAL, SUDUR PASHCHIM PROVINCE, DADELDHURA",NPL,22357,NP-MA,NA,2024-06-01,2024-06-30,2024,2,Total,Admin2,Month,MOH-NPL-2024-Y04-02,SEARO
NEPAL,SUDUR PASHCHIM PROVINCE,DOTI,"NEPAL, SUDUR PASHCHIM PROVINCE, DOTI",NPL,22357,NP-MA,NA,2024-06-01,2024-06-30,2024,20,Total,Admin2,Month,MOH-NPL-2024-Y04-02,SEARO
NEPAL,SUDUR PASHCHIM PROVINCE,ACHHAM,"NEPAL, SUDUR PASHCHIM PROVINCE, ACHHAM",NPL,22357,NP-MA,NA,2024-06-01,2024-06-30,2024,9,Total,Admin2,Month,MOH-NPL-2024-Y04-02,SEARO
NEPAL,SUDUR PASHCHIM PROVINCE,KAILALI,"NEPAL, SUDUR PASHCHIM PROVINCE, KAILALI",NPL,22357,NP-MA,NA,2024-06-01,2024-06-30,2024,14,Total,Admin2,Month,MOH-NPL-2024-Y04-02,SEARO
NEPAL,SUDUR PASHCHIM PROVINCE,KANCHANPUR,"NEPAL, SUDUR PASHCHIM PROVINCE, KANCHANPUR",NPL,22357,NP-MA,NA,2024-06-01,2024-06-30,2024,0,Total,Admin2,Month,MOH-NPL-2024-Y04-02,SEARO
NEPAL,NA,NA,NEPAL,NPL,175,NPL,NA,2024-07-01,2024-07-31,2024,1906,Total,Admin0,Month,WHO-ALL-2025-Y01-00,SEARO
NEPAL,KOSHI PROVINCE,TAPLEJUNG,"NEPAL, KOSHI PROVINCE, TAPLEJUNG",NPL,22354,NP-KO,NA,2024-07-01,2024-07-31,2024,1,Total,Admin2,Month,MOH-NPL-2024-Y04-02,SEARO
NEPAL,KOSHI PROVINCE,SANKHUWASABHA,"NEPAL, KOSHI PROVINCE, SANKHUWASABHA",NPL,22354,NP-KO,NA,2024-07-01,2024-07-31,2024,27,Total,Admin2,Month,MOH-NPL-2024-Y04-02,SEARO
NEPAL,KOSHI PROVINCE,SOLUKHUMBU,"NEPAL, KOSHI PROVINCE, SOLUKHUMBU",NPL,22354,NP-KO,NA,2024-07-01,2024-07-31,2024,1,Total,Admin2,Month,MOH-NPL-2024-Y04-02,SEARO
NEPAL,KOSHI PROVINCE,OKHALDHUNGA,"NEPAL, KOSHI PROVINCE, OKHALDHUNGA",NPL,22354,NP-KO,NA,2024-07-01,2024-07-31,2024,14,Total,Admin2,Month,MOH-NPL-2024-Y04-02,SEARO
NEPAL,KOSHI PROVINCE,KHOTANG,"NEPAL, KOSHI PROVINCE, KHOTANG",NPL,22354,NP-KO,NA,2024-07-01,2024-07-31,2024,5,Total,Admin2,Month,MOH-NPL-2024-Y04-02,SEARO
NEPAL,KOSHI PROVINCE,BHOJPUR,"NEPAL, KOSHI PROVINCE, BHOJPUR",NPL,22354,NP-KO,NA,2024-07-01,2024-07-31,2024,23,Total,Admin2,Month,MOH-NPL-2024-Y04-02,SEARO
NEPAL,KOSHI PROVINCE,DHANKUTA,"NEPAL, KOSHI PROVINCE, DHANKUTA",NPL,22354,NP-KO,NA,2024-07-01,2024-07-31,2024,15,Total,Admin2,Month,MOH-NPL-2024-Y04-02,SEARO
NEPAL,KOSHI PROVINCE,TERHATHUM,"NEPAL, KOSHI PROVINCE, TERHATHUM",NPL,22354,NP-KO,NA,2024-07-01,2024-07-31,2024,12,Total,Admin2,Month,MOH-NPL-2024-Y04-02,SEARO
NEPAL,KOSHI PROVINCE,PANCHTHAR,"NEPAL, KOSHI PROVINCE, PANCHTHAR",NPL,22354,NP-KO,NA,2024-07-01,2024-07-31,2024,4,Total,Admin2,Month,MOH-NPL-2024-Y04-02,SEARO
NEPAL,KOSHI PROVINCE,ILAM,"NEPAL, KOSHI PROVINCE, ILAM",NPL,22354,NP-KO,NA,2024-07-01,2024-07-31,2024,6,Total,Admin2,Month,MOH-NPL-2024-Y04-02,SEARO
NEPAL,KOSHI PROVINCE,JHAPA,"NEPAL, KOSHI PROVINCE, JHAPA",NPL,22354,NP-KO,NA,2024-07-01,2024-07-31,2024,10,Total,Admin2,Month,MOH-NPL-2024-Y04-02,SEARO
NEPAL,KOSHI PROVINCE,MORANG,"NEPAL, KOSHI PROVINCE, MORANG",NPL,22354,NP-KO,NA,2024-07-01,2024-07-31,2024,5,Total,Admin2,Month,MOH-NPL-2024-Y04-02,SEARO
NEPAL,KOSHI PROVINCE,SUNSARI,"NEPAL, KOSHI PROVINCE, SUNSARI",NPL,22354,NP-KO,NA,2024-07-01,2024-07-31,2024,11,Total,Admin2,Month,MOH-NPL-2024-Y04-02,SEARO
NEPAL,KOSHI PROVINCE,UDAYAPUR,"NEPAL, KOSHI PROVINCE, UDAYAPUR",NPL,22354,NP-KO,NA,2024-07-01,2024-07-31,2024,4,Total,Admin2,Month,MOH-NPL-2024-Y04-02,SEARO
NEPAL,MADHESH PROVINCE,SAPTARI,"NEPAL, MADHESH PROVINCE, SAPTARI",NPL,22352,NP-JA,NA,2024-07-01,2024-07-31,2024,0,Total,Admin2,Month,MOH-NPL-2024-Y04-02,SEARO
NEPAL,MADHESH PROVINCE,SIRAHA,"NEPAL, MADHESH PROVINCE, SIRAHA",NPL,22352,NP-JA,NA,2024-07-01,2024-07-31,2024,1,Total,Admin2,Month,MOH-NPL-2024-Y04-02,SEARO
NEPAL,MADHESH PROVINCE,DHANUSA,"NEPAL, MADHESH PROVINCE, DHANUSA",NPL,22352,NP-JA,NA,2024-07-01,2024-07-31,2024,1,Total,Admin2,Month,MOH-NPL-2024-Y04-02,SEARO
NEPAL,MADHESH PROVINCE,MAHOTTARI,"NEPAL, MADHESH PROVINCE, MAHOTTARI",NPL,22352,NP-JA,NA,2024-07-01,2024-07-31,2024,0,Total,Admin2,Month,MOH-NPL-2024-Y04-02,SEARO
NEPAL,MADHESH PROVINCE,SARLAHI,"NEPAL, MADHESH PROVINCE, SARLAHI",NPL,22352,NP-JA,NA,2024-07-01,2024-07-31,2024,1,Total,Admin2,Month,MOH-NPL-2024-Y04-02,SEARO
NEPAL,MADHESH PROVINCE,RAUTAHAT,"NEPAL, MADHESH PROVINCE, RAUTAHAT",NPL,22352,NP-JA,NA,2024-07-01,2024-07-31,2024,2,Total,Admin2,Month,MOH-NPL-2024-Y04-02,SEARO
NEPAL,MADHESH PROVINCE,BARA,"NEPAL, MADHESH PROVINCE, BARA",NPL,22352,NP-JA,NA,2024-07-01,2024-07-31,2024,3,Total,Admin2,Month,MOH-NPL-2024-Y04-02,SEARO
NEPAL,MADHESH PROVINCE,PARSA,"NEPAL, MADHESH PROVINCE, PARSA",NPL,22352,NP-JA,NA,2024-07-01,2024-07-31,2024,1,Total,Admin2,Month,MOH-NPL-2024-Y04-02,SEARO
NEPAL,BAGMATI PROVINCE,DOLAKHA,"NEPAL, BAGMATI PROVINCE, DOLAKHA",NPL,22351,NP-BA,NA,2024-07-01,2024-07-31,2024,3,Total,Admin2,Month,MOH-NPL-2024-Y04-02,SEARO
NEPAL,BAGMATI PROVINCE,SINDHUPALCHOK,"NEPAL, BAGMATI PROVINCE, SINDHUPALCHOK",NPL,22351,NP-BA,NA,2024-07-01,2024-07-31,2024,13,Total,Admin2,Month,MOH-NPL-2024-Y04-02,SEARO
NEPAL,BAGMATI PROVINCE,RASUWA,"NEPAL, BAGMATI PROVINCE, RASUWA",NPL,22351,NP-BA,NA,2024-07-01,2024-07-31,2024,0,Total,Admin2,Month,MOH-NPL-2024-Y04-02,SEARO
NEPAL,BAGMATI PROVINCE,DHADING,"NEPAL, BAGMATI PROVINCE, DHADING",NPL,22351,NP-BA,NA,2024-07-01,2024-07-31,2024,5,Total,Admin2,Month,MOH-NPL-2024-Y04-02,SEARO
NEPAL,BAGMATI PROVINCE,NUWAKOT,"NEPAL, BAGMATI PROVINCE, NUWAKOT",NPL,22351,NP-BA,NA,2024-07-01,2024-07-31,2024,3,Total,Admin2,Month,MOH-NPL-2024-Y04-02,SEARO
NEPAL,BAGMATI PROVINCE,KATHMANDU,"NEPAL, BAGMATI PROVINCE, KATHMANDU",NPL,22351,NP-BA,NA,2024-07-01,2024-07-31,2024,109,Total,Admin2,Month,MOH-NPL-2024-Y04-02,SEARO
NEPAL,BAGMATI PROVINCE,BHAKTAPUR,"NEPAL, BAGMATI PROVINCE, BHAKTAPUR",NPL,22351,NP-BA,NA,2024-07-01,2024-07-31,2024,7,Total,Admin2,Month,MOH-NPL-2024-Y04-02,SEARO
NEPAL,BAGMATI PROVINCE,LALITPUR,"NEPAL, BAGMATI PROVINCE, LALITPUR",NPL,22351,NP-BA,NA,2024-07-01,2024-07-31,2024,11,Total,Admin2,Month,MOH-NPL-2024-Y04-02,SEARO
NEPAL,BAGMATI PROVINCE,KAVREPALANCHOK,"NEPAL, BAGMATI PROVINCE, KAVREPALANCHOK",NPL,22351,NP-BA,NA,2024-07-01,2024-07-31,2024,36,Total,Admin2,Month,MOH-NPL-2024-Y04-02,SEARO
NEPAL,BAGMATI PROVINCE,RAMECHHAP,"NEPAL, BAGMATI PROVINCE, RAMECHHAP",NPL,22351,NP-BA,NA,2024-07-01,2024-07-31,2024,3,Total,Admin2,Month,MOH-NPL-2024-Y04-02,SEARO
NEPAL,BAGMATI PROVINCE,SINDHULI,"NEPAL, BAGMATI PROVINCE, SINDHULI",NPL,22351,NP-BA,NA,2024-07-01,2024-07-31,2024,5,Total,Admin2,Month,MOH-NPL-2024-Y04-02,SEARO
NEPAL,BAGMATI PROVINCE,MAKWANPUR,"NEPAL, BAGMATI PROVINCE, MAKWANPUR",NPL,22351,NP-BA,NA,2024-07-01,2024-07-31,2024,15,Total,Admin2,Month,MOH-NPL-2024-Y04-02,SEARO
NEPAL,BAGMATI PROVINCE,CHITAWAN,"NEPAL, BAGMATI PROVINCE, CHITAWAN",NPL,22351,NP-BA,NA,2024-07-01,2024-07-31,2024,134,Total,Admin2,Month,MOH-NPL-2024-Y04-02,SEARO
NEPAL,GANDAKI PROVINCE,GORKHA,"NEPAL, GANDAKI PROVINCE, GORKHA",NPL,22363,NP-GA,NA,2024-07-01,2024-07-31,2024,32,Total,Admin2,Month,MOH-NPL-2024-Y04-02,SEARO
NEPAL,GANDAKI PROVINCE,MANANG,"NEPAL, GANDAKI PROVINCE, MANANG",NPL,22363,NP-GA,NA,2024-07-01,2024-07-31,2024,0,Total,Admin2,Month,MOH-NPL-2024-Y04-02,SEARO
NEPAL,GANDAKI PROVINCE,MUSTANG,"NEPAL, GANDAKI PROVINCE, MUSTANG",NPL,22363,NP-GA,NA,2024-07-01,2024-07-31,2024,1,Total,Admin2,Month,MOH-NPL-2024-Y04-02,SEARO
NEPAL,GANDAKI PROVINCE,MYAGDI,"NEPAL, GANDAKI PROVINCE, MYAGDI",NPL,22363,NP-GA,NA,2024-07-01,2024-07-31,2024,11,Total,Admin2,Month,MOH-NPL-2024-Y04-02,SEARO
NEPAL,GANDAKI PROVINCE,KASKI,"NEPAL, GANDAKI PROVINCE, KASKI",NPL,22363,NP-GA,NA,2024-07-01,2024-07-31,2024,206,Total,Admin2,Month,MOH-NPL-2024-Y04-02,SEARO
NEPAL,GANDAKI PROVINCE,LAMJUNG,"NEPAL, GANDAKI PROVINCE, LAMJUNG",NPL,22363,NP-GA,NA,2024-07-01,2024-07-31,2024,20,Total,Admin2,Month,MOH-NPL-2024-Y04-02,SEARO
NEPAL,GANDAKI PROVINCE,TANAHU,"NEPAL, GANDAKI PROVINCE, TANAHU",NPL,22363,NP-GA,NA,2024-07-01,2024-07-31,2024,274,Total,Admin2,Month,MOH-NPL-2024-Y04-02,SEARO
NEPAL,GANDAKI PROVINCE,NAWALPARASI EAST,"NEPAL, GANDAKI PROVINCE, NAWALPARASI EAST",NPL,22363,NP-GA,NA,2024-07-01,2024-07-31,2024,11,Total,Admin2,Month,MOH-NPL-2024-Y04-02,SEARO
NEPAL,GANDAKI PROVINCE,SYANGJA,"NEPAL, GANDAKI PROVINCE, SYANGJA",NPL,22363,NP-GA,NA,2024-07-01,2024-07-31,2024,19,Total,Admin2,Month,MOH-NPL-2024-Y04-02,SEARO
NEPAL,GANDAKI PROVINCE,PARBAT,"NEPAL, GANDAKI PROVINCE, PARBAT",NPL,22363,NP-GA,NA,2024-07-01,2024-07-31,2024,22,Total,Admin2,Month,MOH-NPL-2024-Y04-02,SEARO
NEPAL,GANDAKI PROVINCE,BAGLUNG,"NEPAL, GANDAKI PROVINCE, BAGLUNG",NPL,22363,NP-GA,NA,2024-07-01,2024-07-31,2024,12,Total,Admin2,Month,MOH-NPL-2024-Y04-02,SEARO
NEPAL,LUMBINI PROVINCE,RUKUM EAST,"NEPAL, LUMBINI PROVINCE, RUKUM EAST",NPL,22364,NP-LU,NA,2024-07-01,2024-07-31,2024,0,Total,Admin2,Month,MOH-NPL-2024-Y04-02,SEARO
NEPAL,LUMBINI PROVINCE,ROLPA,"NEPAL, LUMBINI PROVINCE, ROLPA",NPL,22364,NP-LU,NA,2024-07-01,2024-07-31,2024,2,Total,Admin2,Month,MOH-NPL-2024-Y04-02,SEARO
NEPAL,LUMBINI PROVINCE,PYUTHAN,"NEPAL, LUMBINI PROVINCE, PYUTHAN",NPL,22364,NP-LU,NA,2024-07-01,2024-07-31,2024,0,Total,Admin2,Month,MOH-NPL-2024-Y04-02,SEARO
NEPAL,LUMBINI PROVINCE,GULMI,"NEPAL, LUMBINI PROVINCE, GULMI",NPL,22364,NP-LU,NA,2024-07-01,2024-07-31,2024,4,Total,Admin2,Month,MOH-NPL-2024-Y04-02,SEARO
NEPAL,LUMBINI PROVINCE,ARGHAKHANCHI,"NEPAL, LUMBINI PROVINCE, ARGHAKHANCHI",NPL,22364,NP-LU,NA,2024-07-01,2024-07-31,2024,9,Total,Admin2,Month,MOH-NPL-2024-Y04-02,SEARO
NEPAL,LUMBINI PROVINCE,PALPA,"NEPAL, LUMBINI PROVINCE, PALPA",NPL,22364,NP-LU,NA,2024-07-01,2024-07-31,2024,24,Total,Admin2,Month,MOH-NPL-2024-Y04-02,SEARO
NEPAL,LUMBINI PROVINCE,NAWALPARASI WEST,"NEPAL, LUMBINI PROVINCE, NAWALPARASI WEST",NPL,22364,NP-LU,NA,2024-07-01,2024-07-31,2024,4,Total,Admin2,Month,MOH-NPL-2024-Y04-02,SEARO
NEPAL,LUMBINI PROVINCE,RUPANDEHI,"NEPAL, LUMBINI PROVINCE, RUPANDEHI",NPL,22364,NP-LU,NA,2024-07-01,2024-07-31,2024,12,Total,Admin2,Month,MOH-NPL-2024-Y04-02,SEARO
NEPAL,LUMBINI PROVINCE,KAPILBASTU,"NEPAL, LUMBINI PROVINCE, KAPILBASTU",NPL,22364,NP-LU,NA,2024-07-01,2024-07-31,2024,0,Total,Admin2,Month,MOH-NPL-2024-Y04-02,SEARO
NEPAL,LUMBINI PROVINCE,DANG,"NEPAL, LUMBINI PROVINCE, DANG",NPL,22364,NP-LU,NA,2024-07-01,2024-07-31,2024,11,Total,Admin2,Month,MOH-NPL-2024-Y04-02,SEARO
NEPAL,LUMBINI PROVINCE,BANKE,"NEPAL, LUMBINI PROVINCE, BANKE",NPL,22364,NP-LU,NA,2024-07-01,2024-07-31,2024,5,Total,Admin2,Month,MOH-NPL-2024-Y04-02,SEARO
NEPAL,LUMBINI PROVINCE,BARDIYA,"NEPAL, LUMBINI PROVINCE, BARDIYA",NPL,22364,NP-LU,NA,2024-07-01,2024-07-31,2024,3,Total,Admin2,Month,MOH-NPL-2024-Y04-02,SEARO
NEPAL,KARNALI PROVINCE,DOLPA,"NEPAL, KARNALI PROVINCE, DOLPA",NPL,22359,NP-KA,NA,2024-07-01,2024-07-31,2024,0,Total,Admin2,Month,MOH-NPL-2024-Y04-02,SEARO
NEPAL,KARNALI PROVINCE,MUGU,"NEPAL, KARNALI PROVINCE, MUGU",NPL,22359,NP-KA,NA,2024-07-01,2024-07-31,2024,1,Total,Admin2,Month,MOH-NPL-2024-Y04-02,SEARO
NEPAL,KARNALI PROVINCE,HUMLA,"NEPAL, KARNALI PROVINCE, HUMLA",NPL,22359,NP-KA,NA,2024-07-01,2024-07-31,2024,0,Total,Admin2,Month,MOH-NPL-2024-Y04-02,SEARO
NEPAL,KARNALI PROVINCE,JUMLA,"NEPAL, KARNALI PROVINCE, JUMLA",NPL,22359,NP-KA,NA,2024-07-01,2024-07-31,2024,0,Total,Admin2,Month,MOH-NPL-2024-Y04-02,SEARO
NEPAL,KARNALI PROVINCE,KALIKOT,"NEPAL, KARNALI PROVINCE, KALIKOT",NPL,22359,NP-KA,NA,2024-07-01,2024-07-31,2024,0,Total,Admin2,Month,MOH-NPL-2024-Y04-02,SEARO
NEPAL,KARNALI PROVINCE,DAILEKH,"NEPAL, KARNALI PROVINCE, DAILEKH",NPL,22359,NP-KA,NA,2024-07-01,2024-07-31,2024,1,Total,Admin2,Month,MOH-NPL-2024-Y04-02,SEARO
NEPAL,KARNALI PROVINCE,JAJARKOT,"NEPAL, KARNALI PROVINCE, JAJARKOT",NPL,22359,NP-KA,NA,2024-07-01,2024-07-31,2024,0,Total,Admin2,Month,MOH-NPL-2024-Y04-02,SEARO
NEPAL,KARNALI PROVINCE,RUKUM WEST,"NEPAL, KARNALI PROVINCE, RUKUM WEST",NPL,22359,NP-KA,NA,2024-07-01,2024-07-31,2024,0,Total,Admin2,Month,MOH-NPL-2024-Y04-02,SEARO
NEPAL,KARNALI PROVINCE,SALYAN,"NEPAL, KARNALI PROVINCE, SALYAN",NPL,22359,NP-KA,NA,2024-07-01,2024-07-31,2024,1,Total,Admin2,Month,MOH-NPL-2024-Y04-02,SEARO
NEPAL,KARNALI PROVINCE,SURKHET,"NEPAL, KARNALI PROVINCE, SURKHET",NPL,22359,NP-KA,NA,2024-07-01,2024-07-31,2024,9,Total,Admin2,Month,MOH-NPL-2024-Y04-02,SEARO
NEPAL,SUDUR PASHCHIM PROVINCE,BAJURA,"NEPAL, SUDUR PASHCHIM PROVINCE, BAJURA",NPL,22357,NP-MA,NA,2024-07-01,2024-07-31,2024,1,Total,Admin2,Month,MOH-NPL-2024-Y04-02,SEARO
NEPAL,SUDUR PASHCHIM PROVINCE,BAJHANG,"NEPAL, SUDUR PASHCHIM PROVINCE, BAJHANG",NPL,22357,NP-MA,NA,2024-07-01,2024-07-31,2024,1,Total,Admin2,Month,MOH-NPL-2024-Y04-02,SEARO
NEPAL,SUDUR PASHCHIM PROVINCE,DARCHULA,"NEPAL, SUDUR PASHCHIM PROVINCE, DARCHULA",NPL,22357,NP-MA,NA,2024-07-01,2024-07-31,2024,5,Total,Admin2,Month,MOH-NPL-2024-Y04-02,SEARO
NEPAL,SUDUR PASHCHIM PROVINCE,BAITADI,"NEPAL, SUDUR PASHCHIM PROVINCE, BAITADI",NPL,22357,NP-MA,NA,2024-07-01,2024-07-31,2024,3,Total,Admin2,Month,MOH-NPL-2024-Y04-02,SEARO
NEPAL,SUDUR PASHCHIM PROVINCE,DADELDHURA,"NEPAL, SUDUR PASHCHIM PROVINCE, DADELDHURA",NPL,22357,NP-MA,NA,2024-07-01,2024-07-31,2024,3,Total,Admin2,Month,MOH-NPL-2024-Y04-02,SEARO
NEPAL,SUDUR PASHCHIM PROVINCE,DOTI,"NEPAL, SUDUR PASHCHIM PROVINCE, DOTI",NPL,22357,NP-MA,NA,2024-07-01,2024-07-31,2024,4,Total,Admin2,Month,MOH-NPL-2024-Y04-02,SEARO
NEPAL,SUDUR PASHCHIM PROVINCE,ACHHAM,"NEPAL, SUDUR PASHCHIM PROVINCE, ACHHAM",NPL,22357,NP-MA,NA,2024-07-01,2024-07-31,2024,16,Total,Admin2,Month,MOH-NPL-2024-Y04-02,SEARO
NEPAL,SUDUR PASHCHIM PROVINCE,KAILALI,"NEPAL, SUDUR PASHCHIM PROVINCE, KAILALI",NPL,22357,NP-MA,NA,2024-07-01,2024-07-31,2024,23,Total,Admin2,Month,MOH-NPL-2024-Y04-02,SEARO
NEPAL,SUDUR PASHCHIM PROVINCE,KANCHANPUR,"NEPAL, SUDUR PASHCHIM PROVINCE, KANCHANPUR",NPL,22357,NP-MA,NA,2024-07-01,2024-07-31,2024,9,Total,Admin2,Month,MOH-NPL-2024-Y04-02,SEARO
NEPAL,NA,NA,NEPAL,NPL,175,NPL,NA,2024-08-01,2024-08-31,2024,6493,Total,Admin0,Month,WHO-ALL-2025-Y01-00,SEARO
NEPAL,KOSHI PROVINCE,TAPLEJUNG,"NEPAL, KOSHI PROVINCE, TAPLEJUNG",NPL,22354,NP-KO,NA,2024-08-01,2024-08-31,2024,2,Total,Admin2,Month,MOH-NPL-2024-Y04-02,SEARO
NEPAL,KOSHI PROVINCE,SANKHUWASABHA,"NEPAL, KOSHI PROVINCE, SANKHUWASABHA",NPL,22354,NP-KO,NA,2024-08-01,2024-08-31,2024,32,Total,Admin2,Month,MOH-NPL-2024-Y04-02,SEARO
NEPAL,KOSHI PROVINCE,SOLUKHUMBU,"NEPAL, KOSHI PROVINCE, SOLUKHUMBU",NPL,22354,NP-KO,NA,2024-08-01,2024-08-31,2024,1,Total,Admin2,Month,MOH-NPL-2024-Y04-02,SEARO
NEPAL,KOSHI PROVINCE,OKHALDHUNGA,"NEPAL, KOSHI PROVINCE, OKHALDHUNGA",NPL,22354,NP-KO,NA,2024-08-01,2024-08-31,2024,22,Total,Admin2,Month,MOH-NPL-2024-Y04-02,SEARO
NEPAL,KOSHI PROVINCE,KHOTANG,"NEPAL, KOSHI PROVINCE, KHOTANG",NPL,22354,NP-KO,NA,2024-08-01,2024-08-31,2024,8,Total,Admin2,Month,MOH-NPL-2024-Y04-02,SEARO
NEPAL,KOSHI PROVINCE,BHOJPUR,"NEPAL, KOSHI PROVINCE, BHOJPUR",NPL,22354,NP-KO,NA,2024-08-01,2024-08-31,2024,40,Total,Admin2,Month,MOH-NPL-2024-Y04-02,SEARO
NEPAL,KOSHI PROVINCE,DHANKUTA,"NEPAL, KOSHI PROVINCE, DHANKUTA",NPL,22354,NP-KO,NA,2024-08-01,2024-08-31,2024,17,Total,Admin2,Month,MOH-NPL-2024-Y04-02,SEARO
NEPAL,KOSHI PROVINCE,TERHATHUM,"NEPAL, KOSHI PROVINCE, TERHATHUM",NPL,22354,NP-KO,NA,2024-08-01,2024-08-31,2024,6,Total,Admin2,Month,MOH-NPL-2024-Y04-02,SEARO
NEPAL,KOSHI PROVINCE,PANCHTHAR,"NEPAL, KOSHI PROVINCE, PANCHTHAR",NPL,22354,NP-KO,NA,2024-08-01,2024-08-31,2024,14,Total,Admin2,Month,MOH-NPL-2024-Y04-02,SEARO
NEPAL,KOSHI PROVINCE,ILAM,"NEPAL, KOSHI PROVINCE, ILAM",NPL,22354,NP-KO,NA,2024-08-01,2024-08-31,2024,3,Total,Admin2,Month,MOH-NPL-2024-Y04-02,SEARO
NEPAL,KOSHI PROVINCE,JHAPA,"NEPAL, KOSHI PROVINCE, JHAPA",NPL,22354,NP-KO,NA,2024-08-01,2024-08-31,2024,38,Total,Admin2,Month,MOH-NPL-2024-Y04-02,SEARO
NEPAL,KOSHI PROVINCE,MORANG,"NEPAL, KOSHI PROVINCE, MORANG",NPL,22354,NP-KO,NA,2024-08-01,2024-08-31,2024,54,Total,Admin2,Month,MOH-NPL-2024-Y04-02,SEARO
NEPAL,KOSHI PROVINCE,SUNSARI,"NEPAL, KOSHI PROVINCE, SUNSARI",NPL,22354,NP-KO,NA,2024-08-01,2024-08-31,2024,36,Total,Admin2,Month,MOH-NPL-2024-Y04-02,SEARO
NEPAL,KOSHI PROVINCE,UDAYAPUR,"NEPAL, KOSHI PROVINCE, UDAYAPUR",NPL,22354,NP-KO,NA,2024-08-01,2024-08-31,2024,24,Total,Admin2,Month,MOH-NPL-2024-Y04-02,SEARO
NEPAL,MADHESH PROVINCE,SAPTARI,"NEPAL, MADHESH PROVINCE, SAPTARI",NPL,22352,NP-JA,NA,2024-08-01,2024-08-31,2024,10,Total,Admin2,Month,MOH-NPL-2024-Y04-02,SEARO
NEPAL,MADHESH PROVINCE,SIRAHA,"NEPAL, MADHESH PROVINCE, SIRAHA",NPL,22352,NP-JA,NA,2024-08-01,2024-08-31,2024,4,Total,Admin2,Month,MOH-NPL-2024-Y04-02,SEARO
NEPAL,MADHESH PROVINCE,DHANUSA,"NEPAL, MADHESH PROVINCE, DHANUSA",NPL,22352,NP-JA,NA,2024-08-01,2024-08-31,2024,4,Total,Admin2,Month,MOH-NPL-2024-Y04-02,SEARO
NEPAL,MADHESH PROVINCE,MAHOTTARI,"NEPAL, MADHESH PROVINCE, MAHOTTARI",NPL,22352,NP-JA,NA,2024-08-01,2024-08-31,2024,0,Total,Admin2,Month,MOH-NPL-2024-Y04-02,SEARO
NEPAL,MADHESH PROVINCE,SARLAHI,"NEPAL, MADHESH PROVINCE, SARLAHI",NPL,22352,NP-JA,NA,2024-08-01,2024-08-31,2024,11,Total,Admin2,Month,MOH-NPL-2024-Y04-02,SEARO
NEPAL,MADHESH PROVINCE,RAUTAHAT,"NEPAL, MADHESH PROVINCE, RAUTAHAT",NPL,22352,NP-JA,NA,2024-08-01,2024-08-31,2024,6,Total,Admin2,Month,MOH-NPL-2024-Y04-02,SEARO
NEPAL,MADHESH PROVINCE,BARA,"NEPAL, MADHESH PROVINCE, BARA",NPL,22352,NP-JA,NA,2024-08-01,2024-08-31,2024,9,Total,Admin2,Month,MOH-NPL-2024-Y04-02,SEARO
NEPAL,MADHESH PROVINCE,PARSA,"NEPAL, MADHESH PROVINCE, PARSA",NPL,22352,NP-JA,NA,2024-08-01,2024-08-31,2024,14,Total,Admin2,Month,MOH-NPL-2024-Y04-02,SEARO
NEPAL,BAGMATI PROVINCE,DOLAKHA,"NEPAL, BAGMATI PROVINCE, DOLAKHA",NPL,22351,NP-BA,NA,2024-08-01,2024-08-31,2024,4,Total,Admin2,Month,MOH-NPL-2024-Y04-02,SEARO
NEPAL,BAGMATI PROVINCE,SINDHUPALCHOK,"NEPAL, BAGMATI PROVINCE, SINDHUPALCHOK",NPL,22351,NP-BA,NA,2024-08-01,2024-08-31,2024,16,Total,Admin2,Month,MOH-NPL-2024-Y04-02,SEARO
NEPAL,BAGMATI PROVINCE,RASUWA,"NEPAL, BAGMATI PROVINCE, RASUWA",NPL,22351,NP-BA,NA,2024-08-01,2024-08-31,2024,4,Total,Admin2,Month,MOH-NPL-2024-Y04-02,SEARO
NEPAL,BAGMATI PROVINCE,DHADING,"NEPAL, BAGMATI PROVINCE, DHADING",NPL,22351,NP-BA,NA,2024-08-01,2024-08-31,2024,22,Total,Admin2,Month,MOH-NPL-2024-Y04-02,SEARO
NEPAL,BAGMATI PROVINCE,NUWAKOT,"NEPAL, BAGMATI PROVINCE, NUWAKOT",NPL,22351,NP-BA,NA,2024-08-01,2024-08-31,2024,26,Total,Admin2,Month,MOH-NPL-2024-Y04-02,SEARO
NEPAL,BAGMATI PROVINCE,KATHMANDU,"NEPAL, BAGMATI PROVINCE, KATHMANDU",NPL,22351,NP-BA,NA,2024-08-01,2024-08-31,2024,282,Total,Admin2,Month,MOH-NPL-2024-Y04-02,SEARO
NEPAL,BAGMATI PROVINCE,BHAKTAPUR,"NEPAL, BAGMATI PROVINCE, BHAKTAPUR",NPL,22351,NP-BA,NA,2024-08-01,2024-08-31,2024,41,Total,Admin2,Month,MOH-NPL-2024-Y04-02,SEARO
NEPAL,BAGMATI PROVINCE,LALITPUR,"NEPAL, BAGMATI PROVINCE, LALITPUR",NPL,22351,NP-BA,NA,2024-08-01,2024-08-31,2024,84,Total,Admin2,Month,MOH-NPL-2024-Y04-02,SEARO
NEPAL,BAGMATI PROVINCE,KAVREPALANCHOK,"NEPAL, BAGMATI PROVINCE, KAVREPALANCHOK",NPL,22351,NP-BA,NA,2024-08-01,2024-08-31,2024,40,Total,Admin2,Month,MOH-NPL-2024-Y04-02,SEARO
NEPAL,BAGMATI PROVINCE,RAMECHHAP,"NEPAL, BAGMATI PROVINCE, RAMECHHAP",NPL,22351,NP-BA,NA,2024-08-01,2024-08-31,2024,6,Total,Admin2,Month,MOH-NPL-2024-Y04-02,SEARO
NEPAL,BAGMATI PROVINCE,SINDHULI,"NEPAL, BAGMATI PROVINCE, SINDHULI",NPL,22351,NP-BA,NA,2024-08-01,2024-08-31,2024,12,Total,Admin2,Month,MOH-NPL-2024-Y04-02,SEARO
NEPAL,BAGMATI PROVINCE,MAKWANPUR,"NEPAL, BAGMATI PROVINCE, MAKWANPUR",NPL,22351,NP-BA,NA,2024-08-01,2024-08-31,2024,44,Total,Admin2,Month,MOH-NPL-2024-Y04-02,SEARO
NEPAL,BAGMATI PROVINCE,CHITAWAN,"NEPAL, BAGMATI PROVINCE, CHITAWAN",NPL,22351,NP-BA,NA,2024-08-01,2024-08-31,2024,312,Total,Admin2,Month,MOH-NPL-2024-Y04-02,SEARO
NEPAL,GANDAKI PROVINCE,GORKHA,"NEPAL, GANDAKI PROVINCE, GORKHA",NPL,22363,NP-GA,NA,2024-08-01,2024-08-31,2024,195,Total,Admin2,Month,MOH-NPL-2024-Y04-02,SEARO
NEPAL,GANDAKI PROVINCE,MANANG,"NEPAL, GANDAKI PROVINCE, MANANG",NPL,22363,NP-GA,NA,2024-08-01,2024-08-31,2024,1,Total,Admin2,Month,MOH-NPL-2024-Y04-02,SEARO
NEPAL,GANDAKI PROVINCE,MUSTANG,"NEPAL, GANDAKI PROVINCE, MUSTANG",NPL,22363,NP-GA,NA,2024-08-01,2024-08-31,2024,0,Total,Admin2,Month,MOH-NPL-2024-Y04-02,SEARO
NEPAL,GANDAKI PROVINCE,MYAGDI,"NEPAL, GANDAKI PROVINCE, MYAGDI",NPL,22363,NP-GA,NA,2024-08-01,2024-08-31,2024,28,Total,Admin2,Month,MOH-NPL-2024-Y04-02,SEARO
NEPAL,GANDAKI PROVINCE,KASKI,"NEPAL, GANDAKI PROVINCE, KASKI",NPL,22363,NP-GA,NA,2024-08-01,2024-08-31,2024,1523,Total,Admin2,Month,MOH-NPL-2024-Y04-02,SEARO
NEPAL,GANDAKI PROVINCE,LAMJUNG,"NEPAL, GANDAKI PROVINCE, LAMJUNG",NPL,22363,NP-GA,NA,2024-08-01,2024-08-31,2024,31,Total,Admin2,Month,MOH-NPL-2024-Y04-02,SEARO
NEPAL,GANDAKI PROVINCE,TANAHU,"NEPAL, GANDAKI PROVINCE, TANAHU",NPL,22363,NP-GA,NA,2024-08-01,2024-08-31,2024,853,Total,Admin2,Month,MOH-NPL-2024-Y04-02,SEARO
NEPAL,GANDAKI PROVINCE,NAWALPARASI EAST,"NEPAL, GANDAKI PROVINCE, NAWALPARASI EAST",NPL,22363,NP-GA,NA,2024-08-01,2024-08-31,2024,29,Total,Admin2,Month,MOH-NPL-2024-Y04-02,SEARO
NEPAL,GANDAKI PROVINCE,SYANGJA,"NEPAL, GANDAKI PROVINCE, SYANGJA",NPL,22363,NP-GA,NA,2024-08-01,2024-08-31,2024,76,Total,Admin2,Month,MOH-NPL-2024-Y04-02,SEARO
NEPAL,GANDAKI PROVINCE,PARBAT,"NEPAL, GANDAKI PROVINCE, PARBAT",NPL,22363,NP-GA,NA,2024-08-01,2024-08-31,2024,620,Total,Admin2,Month,MOH-NPL-2024-Y04-02,SEARO
NEPAL,GANDAKI PROVINCE,BAGLUNG,"NEPAL, GANDAKI PROVINCE, BAGLUNG",NPL,22363,NP-GA,NA,2024-08-01,2024-08-31,2024,57,Total,Admin2,Month,MOH-NPL-2024-Y04-02,SEARO
NEPAL,LUMBINI PROVINCE,RUKUM EAST,"NEPAL, LUMBINI PROVINCE, RUKUM EAST",NPL,22364,NP-LU,NA,2024-08-01,2024-08-31,2024,1,Total,Admin2,Month,MOH-NPL-2024-Y04-02,SEARO
NEPAL,LUMBINI PROVINCE,ROLPA,"NEPAL, LUMBINI PROVINCE, ROLPA",NPL,22364,NP-LU,NA,2024-08-01,2024-08-31,2024,12,Total,Admin2,Month,MOH-NPL-2024-Y04-02,SEARO
NEPAL,LUMBINI PROVINCE,PYUTHAN,"NEPAL, LUMBINI PROVINCE, PYUTHAN",NPL,22364,NP-LU,NA,2024-08-01,2024-08-31,2024,9,Total,Admin2,Month,MOH-NPL-2024-Y04-02,SEARO
NEPAL,LUMBINI PROVINCE,GULMI,"NEPAL, LUMBINI PROVINCE, GULMI",NPL,22364,NP-LU,NA,2024-08-01,2024-08-31,2024,30,Total,Admin2,Month,MOH-NPL-2024-Y04-02,SEARO
NEPAL,LUMBINI PROVINCE,ARGHAKHANCHI,"NEPAL, LUMBINI PROVINCE, ARGHAKHANCHI",NPL,22364,NP-LU,NA,2024-08-01,2024-08-31,2024,41,Total,Admin2,Month,MOH-NPL-2024-Y04-02,SEARO
NEPAL,LUMBINI PROVINCE,PALPA,"NEPAL, LUMBINI PROVINCE, PALPA",NPL,22364,NP-LU,NA,2024-08-01,2024-08-31,2024,46,Total,Admin2,Month,MOH-NPL-2024-Y04-02,SEARO
NEPAL,LUMBINI PROVINCE,NAWALPARASI WEST,"NEPAL, LUMBINI PROVINCE, NAWALPARASI WEST",NPL,22364,NP-LU,NA,2024-08-01,2024-08-31,2024,8,Total,Admin2,Month,MOH-NPL-2024-Y04-02,SEARO
NEPAL,LUMBINI PROVINCE,RUPANDEHI,"NEPAL, LUMBINI PROVINCE, RUPANDEHI",NPL,22364,NP-LU,NA,2024-08-01,2024-08-31,2024,28,Total,Admin2,Month,MOH-NPL-2024-Y04-02,SEARO
NEPAL,LUMBINI PROVINCE,KAPILBASTU,"NEPAL, LUMBINI PROVINCE, KAPILBASTU",NPL,22364,NP-LU,NA,2024-08-01,2024-08-31,2024,9,Total,Admin2,Month,MOH-NPL-2024-Y04-02,SEARO
NEPAL,LUMBINI PROVINCE,DANG,"NEPAL, LUMBINI PROVINCE, DANG",NPL,22364,NP-LU,NA,2024-08-01,2024-08-31,2024,82,Total,Admin2,Month,MOH-NPL-2024-Y04-02,SEARO
NEPAL,LUMBINI PROVINCE,BANKE,"NEPAL, LUMBINI PROVINCE, BANKE",NPL,22364,NP-LU,NA,2024-08-01,2024-08-31,2024,9,Total,Admin2,Month,MOH-NPL-2024-Y04-02,SEARO
NEPAL,LUMBINI PROVINCE,BARDIYA,"NEPAL, LUMBINI PROVINCE, BARDIYA",NPL,22364,NP-LU,NA,2024-08-01,2024-08-31,2024,6,Total,Admin2,Month,MOH-NPL-2024-Y04-02,SEARO
NEPAL,KARNALI PROVINCE,DOLPA,"NEPAL, KARNALI PROVINCE, DOLPA",NPL,22359,NP-KA,NA,2024-08-01,2024-08-31,2024,3,Total,Admin2,Month,MOH-NPL-2024-Y04-02,SEARO
NEPAL,KARNALI PROVINCE,MUGU,"NEPAL, KARNALI PROVINCE, MUGU",NPL,22359,NP-KA,NA,2024-08-01,2024-08-31,2024,1,Total,Admin2,Month,MOH-NPL-2024-Y04-02,SEARO
NEPAL,KARNALI PROVINCE,HUMLA,"NEPAL, KARNALI PROVINCE, HUMLA",NPL,22359,NP-KA,NA,2024-08-01,2024-08-31,2024,0,Total,Admin2,Month,MOH-NPL-2024-Y04-02,SEARO
NEPAL,KARNALI PROVINCE,JUMLA,"NEPAL, KARNALI PROVINCE, JUMLA",NPL,22359,NP-KA,NA,2024-08-01,2024-08-31,2024,2,Total,Admin2,Month,MOH-NPL-2024-Y04-02,SEARO
NEPAL,KARNALI PROVINCE,KALIKOT,"NEPAL, KARNALI PROVINCE, KALIKOT",NPL,22359,NP-KA,NA,2024-08-01,2024-08-31,2024,10,Total,Admin2,Month,MOH-NPL-2024-Y04-02,SEARO
NEPAL,KARNALI PROVINCE,DAILEKH,"NEPAL, KARNALI PROVINCE, DAILEKH",NPL,22359,NP-KA,NA,2024-08-01,2024-08-31,2024,4,Total,Admin2,Month,MOH-NPL-2024-Y04-02,SEARO
NEPAL,KARNALI PROVINCE,JAJARKOT,"NEPAL, KARNALI PROVINCE, JAJARKOT",NPL,22359,NP-KA,NA,2024-08-01,2024-08-31,2024,3,Total,Admin2,Month,MOH-NPL-2024-Y04-02,SEARO
NEPAL,KARNALI PROVINCE,RUKUM WEST,"NEPAL, KARNALI PROVINCE, RUKUM WEST",NPL,22359,NP-KA,NA,2024-08-01,2024-08-31,2024,6,Total,Admin2,Month,MOH-NPL-2024-Y04-02,SEARO
NEPAL,KARNALI PROVINCE,SALYAN,"NEPAL, KARNALI PROVINCE, SALYAN",NPL,22359,NP-KA,NA,2024-08-01,2024-08-31,2024,5,Total,Admin2,Month,MOH-NPL-2024-Y04-02,SEARO
NEPAL,KARNALI PROVINCE,SURKHET,"NEPAL, KARNALI PROVINCE, SURKHET",NPL,22359,NP-KA,NA,2024-08-01,2024-08-31,2024,37,Total,Admin2,Month,MOH-NPL-2024-Y04-02,SEARO
NEPAL,SUDUR PASHCHIM PROVINCE,BAJURA,"NEPAL, SUDUR PASHCHIM PROVINCE, BAJURA",NPL,22357,NP-MA,NA,2024-08-01,2024-08-31,2024,7,Total,Admin2,Month,MOH-NPL-2024-Y04-02,SEARO
NEPAL,SUDUR PASHCHIM PROVINCE,BAJHANG,"NEPAL, SUDUR PASHCHIM PROVINCE, BAJHANG",NPL,22357,NP-MA,NA,2024-08-01,2024-08-31,2024,1,Total,Admin2,Month,MOH-NPL-2024-Y04-02,SEARO
NEPAL,SUDUR PASHCHIM PROVINCE,DARCHULA,"NEPAL, SUDUR PASHCHIM PROVINCE, DARCHULA",NPL,22357,NP-MA,NA,2024-08-01,2024-08-31,2024,7,Total,Admin2,Month,MOH-NPL-2024-Y04-02,SEARO
NEPAL,SUDUR PASHCHIM PROVINCE,BAITADI,"NEPAL, SUDUR PASHCHIM PROVINCE, BAITADI",NPL,22357,NP-MA,NA,2024-08-01,2024-08-31,2024,16,Total,Admin2,Month,MOH-NPL-2024-Y04-02,SEARO
NEPAL,SUDUR PASHCHIM PROVINCE,DADELDHURA,"NEPAL, SUDUR PASHCHIM PROVINCE, DADELDHURA",NPL,22357,NP-MA,NA,2024-08-01,2024-08-31,2024,6,Total,Admin2,Month,MOH-NPL-2024-Y04-02,SEARO
NEPAL,SUDUR PASHCHIM PROVINCE,DOTI,"NEPAL, SUDUR PASHCHIM PROVINCE, DOTI",NPL,22357,NP-MA,NA,2024-08-01,2024-08-31,2024,3,Total,Admin2,Month,MOH-NPL-2024-Y04-02,SEARO
NEPAL,SUDUR PASHCHIM PROVINCE,ACHHAM,"NEPAL, SUDUR PASHCHIM PROVINCE, ACHHAM",NPL,22357,NP-MA,NA,2024-08-01,2024-08-31,2024,20,Total,Admin2,Month,MOH-NPL-2024-Y04-02,SEARO
NEPAL,SUDUR PASHCHIM PROVINCE,KAILALI,"NEPAL, SUDUR PASHCHIM PROVINCE, KAILALI",NPL,22357,NP-MA,NA,2024-08-01,2024-08-31,2024,75,Total,Admin2,Month,MOH-NPL-2024-Y04-02,SEARO
NEPAL,SUDUR PASHCHIM PROVINCE,KANCHANPUR,"NEPAL, SUDUR PASHCHIM PROVINCE, KANCHANPUR",NPL,22357,NP-MA,NA,2024-08-01,2024-08-31,2024,20,Total,Admin2,Month,MOH-NPL-2024-Y04-02,SEARO
NEPAL,NA,NA,NEPAL,NPL,175,NPL,NA,2024-09-01,2024-09-30,2024,11875,Total,Admin0,Month,WHO-ALL-2025-Y01-00,SEARO
NEPAL,KOSHI PROVINCE,TAPLEJUNG,"NEPAL, KOSHI PROVINCE, TAPLEJUNG",NPL,22354,NP-KO,NA,2024-09-01,2024-09-30,2024,2,Total,Admin2,Month,MOH-NPL-2024-Y04-02,SEARO
NEPAL,KOSHI PROVINCE,SANKHUWASABHA,"NEPAL, KOSHI PROVINCE, SANKHUWASABHA",NPL,22354,NP-KO,NA,2024-09-01,2024-09-30,2024,50,Total,Admin2,Month,MOH-NPL-2024-Y04-02,SEARO
NEPAL,KOSHI PROVINCE,SOLUKHUMBU,"NEPAL, KOSHI PROVINCE, SOLUKHUMBU",NPL,22354,NP-KO,NA,2024-09-01,2024-09-30,2024,5,Total,Admin2,Month,MOH-NPL-2024-Y04-02,SEARO
NEPAL,KOSHI PROVINCE,OKHALDHUNGA,"NEPAL, KOSHI PROVINCE, OKHALDHUNGA",NPL,22354,NP-KO,NA,2024-09-01,2024-09-30,2024,25,Total,Admin2,Month,MOH-NPL-2024-Y04-02,SEARO
NEPAL,KOSHI PROVINCE,KHOTANG,"NEPAL, KOSHI PROVINCE, KHOTANG",NPL,22354,NP-KO,NA,2024-09-01,2024-09-30,2024,14,Total,Admin2,Month,MOH-NPL-2024-Y04-02,SEARO
NEPAL,KOSHI PROVINCE,BHOJPUR,"NEPAL, KOSHI PROVINCE, BHOJPUR",NPL,22354,NP-KO,NA,2024-09-01,2024-09-30,2024,43,Total,Admin2,Month,MOH-NPL-2024-Y04-02,SEARO
NEPAL,KOSHI PROVINCE,DHANKUTA,"NEPAL, KOSHI PROVINCE, DHANKUTA",NPL,22354,NP-KO,NA,2024-09-01,2024-09-30,2024,26,Total,Admin2,Month,MOH-NPL-2024-Y04-02,SEARO
NEPAL,KOSHI PROVINCE,TERHATHUM,"NEPAL, KOSHI PROVINCE, TERHATHUM",NPL,22354,NP-KO,NA,2024-09-01,2024-09-30,2024,9,Total,Admin2,Month,MOH-NPL-2024-Y04-02,SEARO
NEPAL,KOSHI PROVINCE,PANCHTHAR,"NEPAL, KOSHI PROVINCE, PANCHTHAR",NPL,22354,NP-KO,NA,2024-09-01,2024-09-30,2024,48,Total,Admin2,Month,MOH-NPL-2024-Y04-02,SEARO
NEPAL,KOSHI PROVINCE,ILAM,"NEPAL, KOSHI PROVINCE, ILAM",NPL,22354,NP-KO,NA,2024-09-01,2024-09-30,2024,12,Total,Admin2,Month,MOH-NPL-2024-Y04-02,SEARO
NEPAL,KOSHI PROVINCE,JHAPA,"NEPAL, KOSHI PROVINCE, JHAPA",NPL,22354,NP-KO,NA,2024-09-01,2024-09-30,2024,46,Total,Admin2,Month,MOH-NPL-2024-Y04-02,SEARO
NEPAL,KOSHI PROVINCE,MORANG,"NEPAL, KOSHI PROVINCE, MORANG",NPL,22354,NP-KO,NA,2024-09-01,2024-09-30,2024,82,Total,Admin2,Month,MOH-NPL-2024-Y04-02,SEARO
NEPAL,KOSHI PROVINCE,SUNSARI,"NEPAL, KOSHI PROVINCE, SUNSARI",NPL,22354,NP-KO,NA,2024-09-01,2024-09-30,2024,112,Total,Admin2,Month,MOH-NPL-2024-Y04-02,SEARO
NEPAL,KOSHI PROVINCE,UDAYAPUR,"NEPAL, KOSHI PROVINCE, UDAYAPUR",NPL,22354,NP-KO,NA,2024-09-01,2024-09-30,2024,68,Total,Admin2,Month,MOH-NPL-2024-Y04-02,SEARO
NEPAL,MADHESH PROVINCE,SAPTARI,"NEPAL, MADHESH PROVINCE, SAPTARI",NPL,22352,NP-JA,NA,2024-09-01,2024-09-30,2024,29,Total,Admin2,Month,MOH-NPL-2024-Y04-02,SEARO
NEPAL,MADHESH PROVINCE,SIRAHA,"NEPAL, MADHESH PROVINCE, SIRAHA",NPL,22352,NP-JA,NA,2024-09-01,2024-09-30,2024,27,Total,Admin2,Month,MOH-NPL-2024-Y04-02,SEARO
NEPAL,MADHESH PROVINCE,DHANUSA,"NEPAL, MADHESH PROVINCE, DHANUSA",NPL,22352,NP-JA,NA,2024-09-01,2024-09-30,2024,33,Total,Admin2,Month,MOH-NPL-2024-Y04-02,SEARO
NEPAL,MADHESH PROVINCE,MAHOTTARI,"NEPAL, MADHESH PROVINCE, MAHOTTARI",NPL,22352,NP-JA,NA,2024-09-01,2024-09-30,2024,9,Total,Admin2,Month,MOH-NPL-2024-Y04-02,SEARO
NEPAL,MADHESH PROVINCE,SARLAHI,"NEPAL, MADHESH PROVINCE, SARLAHI",NPL,22352,NP-JA,NA,2024-09-01,2024-09-30,2024,27,Total,Admin2,Month,MOH-NPL-2024-Y04-02,SEARO
NEPAL,MADHESH PROVINCE,RAUTAHAT,"NEPAL, MADHESH PROVINCE, RAUTAHAT",NPL,22352,NP-JA,NA,2024-09-01,2024-09-30,2024,25,Total,Admin2,Month,MOH-NPL-2024-Y04-02,SEARO
NEPAL,MADHESH PROVINCE,BARA,"NEPAL, MADHESH PROVINCE, BARA",NPL,22352,NP-JA,NA,2024-09-01,2024-09-30,2024,33,Total,Admin2,Month,MOH-NPL-2024-Y04-02,SEARO
NEPAL,MADHESH PROVINCE,PARSA,"NEPAL, MADHESH PROVINCE, PARSA",NPL,22352,NP-JA,NA,2024-09-01,2024-09-30,2024,22,Total,Admin2,Month,MOH-NPL-2024-Y04-02,SEARO
NEPAL,BAGMATI PROVINCE,DOLAKHA,"NEPAL, BAGMATI PROVINCE, DOLAKHA",NPL,22351,NP-BA,NA,2024-09-01,2024-09-30,2024,29,Total,Admin2,Month,MOH-NPL-2024-Y04-02,SEARO
NEPAL,BAGMATI PROVINCE,SINDHUPALCHOK,"NEPAL, BAGMATI PROVINCE, SINDHUPALCHOK",NPL,22351,NP-BA,NA,2024-09-01,2024-09-30,2024,64,Total,Admin2,Month,MOH-NPL-2024-Y04-02,SEARO
NEPAL,BAGMATI PROVINCE,RASUWA,"NEPAL, BAGMATI PROVINCE, RASUWA",NPL,22351,NP-BA,NA,2024-09-01,2024-09-30,2024,6,Total,Admin2,Month,MOH-NPL-2024-Y04-02,SEARO
NEPAL,BAGMATI PROVINCE,DHADING,"NEPAL, BAGMATI PROVINCE, DHADING",NPL,22351,NP-BA,NA,2024-09-01,2024-09-30,2024,99,Total,Admin2,Month,MOH-NPL-2024-Y04-02,SEARO
NEPAL,BAGMATI PROVINCE,NUWAKOT,"NEPAL, BAGMATI PROVINCE, NUWAKOT",NPL,22351,NP-BA,NA,2024-09-01,2024-09-30,2024,101,Total,Admin2,Month,MOH-NPL-2024-Y04-02,SEARO
NEPAL,BAGMATI PROVINCE,KATHMANDU,"NEPAL, BAGMATI PROVINCE, KATHMANDU",NPL,22351,NP-BA,NA,2024-09-01,2024-09-30,2024,1521,Total,Admin2,Month,MOH-NPL-2024-Y04-02,SEARO
NEPAL,BAGMATI PROVINCE,BHAKTAPUR,"NEPAL, BAGMATI PROVINCE, BHAKTAPUR",NPL,22351,NP-BA,NA,2024-09-01,2024-09-30,2024,165,Total,Admin2,Month,MOH-NPL-2024-Y04-02,SEARO
NEPAL,BAGMATI PROVINCE,LALITPUR,"NEPAL, BAGMATI PROVINCE, LALITPUR",NPL,22351,NP-BA,NA,2024-09-01,2024-09-30,2024,400,Total,Admin2,Month,MOH-NPL-2024-Y04-02,SEARO
NEPAL,BAGMATI PROVINCE,KAVREPALANCHOK,"NEPAL, BAGMATI PROVINCE, KAVREPALANCHOK",NPL,22351,NP-BA,NA,2024-09-01,2024-09-30,2024,83,Total,Admin2,Month,MOH-NPL-2024-Y04-02,SEARO
NEPAL,BAGMATI PROVINCE,RAMECHHAP,"NEPAL, BAGMATI PROVINCE, RAMECHHAP",NPL,22351,NP-BA,NA,2024-09-01,2024-09-30,2024,36,Total,Admin2,Month,MOH-NPL-2024-Y04-02,SEARO
NEPAL,BAGMATI PROVINCE,SINDHULI,"NEPAL, BAGMATI PROVINCE, SINDHULI",NPL,22351,NP-BA,NA,2024-09-01,2024-09-30,2024,43,Total,Admin2,Month,MOH-NPL-2024-Y04-02,SEARO
NEPAL,BAGMATI PROVINCE,MAKWANPUR,"NEPAL, BAGMATI PROVINCE, MAKWANPUR",NPL,22351,NP-BA,NA,2024-09-01,2024-09-30,2024,98,Total,Admin2,Month,MOH-NPL-2024-Y04-02,SEARO
NEPAL,BAGMATI PROVINCE,CHITAWAN,"NEPAL, BAGMATI PROVINCE, CHITAWAN",NPL,22351,NP-BA,NA,2024-09-01,2024-09-30,2024,318,Total,Admin2,Month,MOH-NPL-2024-Y04-02,SEARO
NEPAL,GANDAKI PROVINCE,GORKHA,"NEPAL, GANDAKI PROVINCE, GORKHA",NPL,22363,NP-GA,NA,2024-09-01,2024-09-30,2024,308,Total,Admin2,Month,MOH-NPL-2024-Y04-02,SEARO
NEPAL,GANDAKI PROVINCE,MANANG,"NEPAL, GANDAKI PROVINCE, MANANG",NPL,22363,NP-GA,NA,2024-09-01,2024-09-30,2024,0,Total,Admin2,Month,MOH-NPL-2024-Y04-02,SEARO
NEPAL,GANDAKI PROVINCE,MUSTANG,"NEPAL, GANDAKI PROVINCE, MUSTANG",NPL,22363,NP-GA,NA,2024-09-01,2024-09-30,2024,12,Total,Admin2,Month,MOH-NPL-2024-Y04-02,SEARO
NEPAL,GANDAKI PROVINCE,MYAGDI,"NEPAL, GANDAKI PROVINCE, MYAGDI",NPL,22363,NP-GA,NA,2024-09-01,2024-09-30,2024,114,Total,Admin2,Month,MOH-NPL-2024-Y04-02,SEARO
NEPAL,GANDAKI PROVINCE,KASKI,"NEPAL, GANDAKI PROVINCE, KASKI",NPL,22363,NP-GA,NA,2024-09-01,2024-09-30,2024,3578,Total,Admin2,Month,MOH-NPL-2024-Y04-02,SEARO
NEPAL,GANDAKI PROVINCE,LAMJUNG,"NEPAL, GANDAKI PROVINCE, LAMJUNG",NPL,22363,NP-GA,NA,2024-09-01,2024-09-30,2024,53,Total,Admin2,Month,MOH-NPL-2024-Y04-02,SEARO
NEPAL,GANDAKI PROVINCE,TANAHU,"NEPAL, GANDAKI PROVINCE, TANAHU",NPL,22363,NP-GA,NA,2024-09-01,2024-09-30,2024,587,Total,Admin2,Month,MOH-NPL-2024-Y04-02,SEARO
NEPAL,GANDAKI PROVINCE,NAWALPARASI EAST,"NEPAL, GANDAKI PROVINCE, NAWALPARASI EAST",NPL,22363,NP-GA,NA,2024-09-01,2024-09-30,2024,63,Total,Admin2,Month,MOH-NPL-2024-Y04-02,SEARO
NEPAL,GANDAKI PROVINCE,SYANGJA,"NEPAL, GANDAKI PROVINCE, SYANGJA",NPL,22363,NP-GA,NA,2024-09-01,2024-09-30,2024,168,Total,Admin2,Month,MOH-NPL-2024-Y04-02,SEARO
NEPAL,GANDAKI PROVINCE,PARBAT,"NEPAL, GANDAKI PROVINCE, PARBAT",NPL,22363,NP-GA,NA,2024-09-01,2024-09-30,2024,658,Total,Admin2,Month,MOH-NPL-2024-Y04-02,SEARO
NEPAL,GANDAKI PROVINCE,BAGLUNG,"NEPAL, GANDAKI PROVINCE, BAGLUNG",NPL,22363,NP-GA,NA,2024-09-01,2024-09-30,2024,287,Total,Admin2,Month,MOH-NPL-2024-Y04-02,SEARO
NEPAL,LUMBINI PROVINCE,RUKUM EAST,"NEPAL, LUMBINI PROVINCE, RUKUM EAST",NPL,22364,NP-LU,NA,2024-09-01,2024-09-30,2024,6,Total,Admin2,Month,MOH-NPL-2024-Y04-02,SEARO
NEPAL,LUMBINI PROVINCE,ROLPA,"NEPAL, LUMBINI PROVINCE, ROLPA",NPL,22364,NP-LU,NA,2024-09-01,2024-09-30,2024,17,Total,Admin2,Month,MOH-NPL-2024-Y04-02,SEARO
NEPAL,LUMBINI PROVINCE,PYUTHAN,"NEPAL, LUMBINI PROVINCE, PYUTHAN",NPL,22364,NP-LU,NA,2024-09-01,2024-09-30,2024,12,Total,Admin2,Month,MOH-NPL-2024-Y04-02,SEARO
NEPAL,LUMBINI PROVINCE,GULMI,"NEPAL, LUMBINI PROVINCE, GULMI",NPL,22364,NP-LU,NA,2024-09-01,2024-09-30,2024,42,Total,Admin2,Month,MOH-NPL-2024-Y04-02,SEARO
NEPAL,LUMBINI PROVINCE,ARGHAKHANCHI,"NEPAL, LUMBINI PROVINCE, ARGHAKHANCHI",NPL,22364,NP-LU,NA,2024-09-01,2024-09-30,2024,55,Total,Admin2,Month,MOH-NPL-2024-Y04-02,SEARO
NEPAL,LUMBINI PROVINCE,PALPA,"NEPAL, LUMBINI PROVINCE, PALPA",NPL,22364,NP-LU,NA,2024-09-01,2024-09-30,2024,103,Total,Admin2,Month,MOH-NPL-2024-Y04-02,SEARO
NEPAL,LUMBINI PROVINCE,NAWALPARASI WEST,"NEPAL, LUMBINI PROVINCE, NAWALPARASI WEST",NPL,22364,NP-LU,NA,2024-09-01,2024-09-30,2024,13,Total,Admin2,Month,MOH-NPL-2024-Y04-02,SEARO
NEPAL,LUMBINI PROVINCE,RUPANDEHI,"NEPAL, LUMBINI PROVINCE, RUPANDEHI",NPL,22364,NP-LU,NA,2024-09-01,2024-09-30,2024,81,Total,Admin2,Month,MOH-NPL-2024-Y04-02,SEARO
NEPAL,LUMBINI PROVINCE,KAPILBASTU,"NEPAL, LUMBINI PROVINCE, KAPILBASTU",NPL,22364,NP-LU,NA,2024-09-01,2024-09-30,2024,18,Total,Admin2,Month,MOH-NPL-2024-Y04-02,SEARO
NEPAL,LUMBINI PROVINCE,DANG,"NEPAL, LUMBINI PROVINCE, DANG",NPL,22364,NP-LU,NA,2024-09-01,2024-09-30,2024,165,Total,Admin2,Month,MOH-NPL-2024-Y04-02,SEARO
NEPAL,LUMBINI PROVINCE,BANKE,"NEPAL, LUMBINI PROVINCE, BANKE",NPL,22364,NP-LU,NA,2024-09-01,2024-09-30,2024,27,Total,Admin2,Month,MOH-NPL-2024-Y04-02,SEARO
NEPAL,LUMBINI PROVINCE,BARDIYA,"NEPAL, LUMBINI PROVINCE, BARDIYA",NPL,22364,NP-LU,NA,2024-09-01,2024-09-30,2024,24,Total,Admin2,Month,MOH-NPL-2024-Y04-02,SEARO
NEPAL,KARNALI PROVINCE,DOLPA,"NEPAL, KARNALI PROVINCE, DOLPA",NPL,22359,NP-KA,NA,2024-09-01,2024-09-30,2024,0,Total,Admin2,Month,MOH-NPL-2024-Y04-02,SEARO
NEPAL,KARNALI PROVINCE,MUGU,"NEPAL, KARNALI PROVINCE, MUGU",NPL,22359,NP-KA,NA,2024-09-01,2024-09-30,2024,2,Total,Admin2,Month,MOH-NPL-2024-Y04-02,SEARO
NEPAL,KARNALI PROVINCE,HUMLA,"NEPAL, KARNALI PROVINCE, HUMLA",NPL,22359,NP-KA,NA,2024-09-01,2024-09-30,2024,0,Total,Admin2,Month,MOH-NPL-2024-Y04-02,SEARO
NEPAL,KARNALI PROVINCE,JUMLA,"NEPAL, KARNALI PROVINCE, JUMLA",NPL,22359,NP-KA,NA,2024-09-01,2024-09-30,2024,4,Total,Admin2,Month,MOH-NPL-2024-Y04-02,SEARO
NEPAL,KARNALI PROVINCE,KALIKOT,"NEPAL, KARNALI PROVINCE, KALIKOT",NPL,22359,NP-KA,NA,2024-09-01,2024-09-30,2024,8,Total,Admin2,Month,MOH-NPL-2024-Y04-02,SEARO
NEPAL,KARNALI PROVINCE,DAILEKH,"NEPAL, KARNALI PROVINCE, DAILEKH",NPL,22359,NP-KA,NA,2024-09-01,2024-09-30,2024,9,Total,Admin2,Month,MOH-NPL-2024-Y04-02,SEARO
NEPAL,KARNALI PROVINCE,JAJARKOT,"NEPAL, KARNALI PROVINCE, JAJARKOT",NPL,22359,NP-KA,NA,2024-09-01,2024-09-30,2024,14,Total,Admin2,Month,MOH-NPL-2024-Y04-02,SEARO
NEPAL,KARNALI PROVINCE,RUKUM WEST,"NEPAL, KARNALI PROVINCE, RUKUM WEST",NPL,22359,NP-KA,NA,2024-09-01,2024-09-30,2024,19,Total,Admin2,Month,MOH-NPL-2024-Y04-02,SEARO
NEPAL,KARNALI PROVINCE,SALYAN,"NEPAL, KARNALI PROVINCE, SALYAN",NPL,22359,NP-KA,NA,2024-09-01,2024-09-30,2024,19,Total,Admin2,Month,MOH-NPL-2024-Y04-02,SEARO
NEPAL,KARNALI PROVINCE,SURKHET,"NEPAL, KARNALI PROVINCE, SURKHET",NPL,22359,NP-KA,NA,2024-09-01,2024-09-30,2024,55,Total,Admin2,Month,MOH-NPL-2024-Y04-02,SEARO
NEPAL,SUDUR PASHCHIM PROVINCE,BAJURA,"NEPAL, SUDUR PASHCHIM PROVINCE, BAJURA",NPL,22357,NP-MA,NA,2024-09-01,2024-09-30,2024,9,Total,Admin2,Month,MOH-NPL-2024-Y04-02,SEARO
NEPAL,SUDUR PASHCHIM PROVINCE,BAJHANG,"NEPAL, SUDUR PASHCHIM PROVINCE, BAJHANG",NPL,22357,NP-MA,NA,2024-09-01,2024-09-30,2024,16,Total,Admin2,Month,MOH-NPL-2024-Y04-02,SEARO
NEPAL,SUDUR PASHCHIM PROVINCE,DARCHULA,"NEPAL, SUDUR PASHCHIM PROVINCE, DARCHULA",NPL,22357,NP-MA,NA,2024-09-01,2024-09-30,2024,19,Total,Admin2,Month,MOH-NPL-2024-Y04-02,SEARO
NEPAL,SUDUR PASHCHIM PROVINCE,BAITADI,"NEPAL, SUDUR PASHCHIM PROVINCE, BAITADI",NPL,22357,NP-MA,NA,2024-09-01,2024-09-30,2024,42,Total,Admin2,Month,MOH-NPL-2024-Y04-02,SEARO
NEPAL,SUDUR PASHCHIM PROVINCE,DADELDHURA,"NEPAL, SUDUR PASHCHIM PROVINCE, DADELDHURA",NPL,22357,NP-MA,NA,2024-09-01,2024-09-30,2024,53,Total,Admin2,Month,MOH-NPL-2024-Y04-02,SEARO
NEPAL,SUDUR PASHCHIM PROVINCE,DOTI,"NEPAL, SUDUR PASHCHIM PROVINCE, DOTI",NPL,22357,NP-MA,NA,2024-09-01,2024-09-30,2024,19,Total,Admin2,Month,MOH-NPL-2024-Y04-02,SEARO
NEPAL,SUDUR PASHCHIM PROVINCE,ACHHAM,"NEPAL, SUDUR PASHCHIM PROVINCE, ACHHAM",NPL,22357,NP-MA,NA,2024-09-01,2024-09-30,2024,32,Total,Admin2,Month,MOH-NPL-2024-Y04-02,SEARO
NEPAL,SUDUR PASHCHIM PROVINCE,KAILALI,"NEPAL, SUDUR PASHCHIM PROVINCE, KAILALI",NPL,22357,NP-MA,NA,2024-09-01,2024-09-30,2024,145,Total,Admin2,Month,MOH-NPL-2024-Y04-02,SEARO
NEPAL,SUDUR PASHCHIM PROVINCE,KANCHANPUR,"NEPAL, SUDUR PASHCHIM PROVINCE, KANCHANPUR",NPL,22357,NP-MA,NA,2024-09-01,2024-09-30,2024,59,Total,Admin2,Month,MOH-NPL-2024-Y04-02,SEARO
NEPAL,NA,NA,NEPAL,NPL,175,NPL,NA,2024-10-01,2024-10-31,2024,12332,Total,Admin0,Month,WHO-ALL-2025-Y01-00,SEARO
NEPAL,KOSHI PROVINCE,TAPLEJUNG,"NEPAL, KOSHI PROVINCE, TAPLEJUNG",NPL,22354,NP-KO,NA,2024-10-01,2024-10-31,2024,4,Total,Admin2,Month,MOH-NPL-2024-Y04-02,SEARO
NEPAL,KOSHI PROVINCE,SANKHUWASABHA,"NEPAL, KOSHI PROVINCE, SANKHUWASABHA",NPL,22354,NP-KO,NA,2024-10-01,2024-10-31,2024,25,Total,Admin2,Month,MOH-NPL-2024-Y04-02,SEARO
NEPAL,KOSHI PROVINCE,SOLUKHUMBU,"NEPAL, KOSHI PROVINCE, SOLUKHUMBU",NPL,22354,NP-KO,NA,2024-10-01,2024-10-31,2024,9,Total,Admin2,Month,MOH-NPL-2024-Y04-02,SEARO
NEPAL,KOSHI PROVINCE,OKHALDHUNGA,"NEPAL, KOSHI PROVINCE, OKHALDHUNGA",NPL,22354,NP-KO,NA,2024-10-01,2024-10-31,2024,60,Total,Admin2,Month,MOH-NPL-2024-Y04-02,SEARO
NEPAL,KOSHI PROVINCE,KHOTANG,"NEPAL, KOSHI PROVINCE, KHOTANG",NPL,22354,NP-KO,NA,2024-10-01,2024-10-31,2024,23,Total,Admin2,Month,MOH-NPL-2024-Y04-02,SEARO
NEPAL,KOSHI PROVINCE,BHOJPUR,"NEPAL, KOSHI PROVINCE, BHOJPUR",NPL,22354,NP-KO,NA,2024-10-01,2024-10-31,2024,33,Total,Admin2,Month,MOH-NPL-2024-Y04-02,SEARO
NEPAL,KOSHI PROVINCE,DHANKUTA,"NEPAL, KOSHI PROVINCE, DHANKUTA",NPL,22354,NP-KO,NA,2024-10-01,2024-10-31,2024,7,Total,Admin2,Month,MOH-NPL-2024-Y04-02,SEARO
NEPAL,KOSHI PROVINCE,TERHATHUM,"NEPAL, KOSHI PROVINCE, TERHATHUM",NPL,22354,NP-KO,NA,2024-10-01,2024-10-31,2024,7,Total,Admin2,Month,MOH-NPL-2024-Y04-02,SEARO
NEPAL,KOSHI PROVINCE,PANCHTHAR,"NEPAL, KOSHI PROVINCE, PANCHTHAR",NPL,22354,NP-KO,NA,2024-10-01,2024-10-31,2024,20,Total,Admin2,Month,MOH-NPL-2024-Y04-02,SEARO
NEPAL,KOSHI PROVINCE,ILAM,"NEPAL, KOSHI PROVINCE, ILAM",NPL,22354,NP-KO,NA,2024-10-01,2024-10-31,2024,9,Total,Admin2,Month,MOH-NPL-2024-Y04-02,SEARO
NEPAL,KOSHI PROVINCE,JHAPA,"NEPAL, KOSHI PROVINCE, JHAPA",NPL,22354,NP-KO,NA,2024-10-01,2024-10-31,2024,43,Total,Admin2,Month,MOH-NPL-2024-Y04-02,SEARO
NEPAL,KOSHI PROVINCE,MORANG,"NEPAL, KOSHI PROVINCE, MORANG",NPL,22354,NP-KO,NA,2024-10-01,2024-10-31,2024,91,Total,Admin2,Month,MOH-NPL-2024-Y04-02,SEARO
NEPAL,KOSHI PROVINCE,SUNSARI,"NEPAL, KOSHI PROVINCE, SUNSARI",NPL,22354,NP-KO,NA,2024-10-01,2024-10-31,2024,72,Total,Admin2,Month,MOH-NPL-2024-Y04-02,SEARO
NEPAL,KOSHI PROVINCE,UDAYAPUR,"NEPAL, KOSHI PROVINCE, UDAYAPUR",NPL,22354,NP-KO,NA,2024-10-01,2024-10-31,2024,65,Total,Admin2,Month,MOH-NPL-2024-Y04-02,SEARO
NEPAL,MADHESH PROVINCE,SAPTARI,"NEPAL, MADHESH PROVINCE, SAPTARI",NPL,22352,NP-JA,NA,2024-10-01,2024-10-31,2024,13,Total,Admin2,Month,MOH-NPL-2024-Y04-02,SEARO
NEPAL,MADHESH PROVINCE,SIRAHA,"NEPAL, MADHESH PROVINCE, SIRAHA",NPL,22352,NP-JA,NA,2024-10-01,2024-10-31,2024,13,Total,Admin2,Month,MOH-NPL-2024-Y04-02,SEARO
NEPAL,MADHESH PROVINCE,DHANUSA,"NEPAL, MADHESH PROVINCE, DHANUSA",NPL,22352,NP-JA,NA,2024-10-01,2024-10-31,2024,22,Total,Admin2,Month,MOH-NPL-2024-Y04-02,SEARO
NEPAL,MADHESH PROVINCE,MAHOTTARI,"NEPAL, MADHESH PROVINCE, MAHOTTARI",NPL,22352,NP-JA,NA,2024-10-01,2024-10-31,2024,9,Total,Admin2,Month,MOH-NPL-2024-Y04-02,SEARO
NEPAL,MADHESH PROVINCE,SARLAHI,"NEPAL, MADHESH PROVINCE, SARLAHI",NPL,22352,NP-JA,NA,2024-10-01,2024-10-31,2024,26,Total,Admin2,Month,MOH-NPL-2024-Y04-02,SEARO
NEPAL,MADHESH PROVINCE,RAUTAHAT,"NEPAL, MADHESH PROVINCE, RAUTAHAT",NPL,22352,NP-JA,NA,2024-10-01,2024-10-31,2024,25,Total,Admin2,Month,MOH-NPL-2024-Y04-02,SEARO
NEPAL,MADHESH PROVINCE,BARA,"NEPAL, MADHESH PROVINCE, BARA",NPL,22352,NP-JA,NA,2024-10-01,2024-10-31,2024,51,Total,Admin2,Month,MOH-NPL-2024-Y04-02,SEARO
NEPAL,MADHESH PROVINCE,PARSA,"NEPAL, MADHESH PROVINCE, PARSA",NPL,22352,NP-JA,NA,2024-10-01,2024-10-31,2024,46,Total,Admin2,Month,MOH-NPL-2024-Y04-02,SEARO
NEPAL,BAGMATI PROVINCE,DOLAKHA,"NEPAL, BAGMATI PROVINCE, DOLAKHA",NPL,22351,NP-BA,NA,2024-10-01,2024-10-31,2024,47,Total,Admin2,Month,MOH-NPL-2024-Y04-02,SEARO
NEPAL,BAGMATI PROVINCE,SINDHUPALCHOK,"NEPAL, BAGMATI PROVINCE, SINDHUPALCHOK",NPL,22351,NP-BA,NA,2024-10-01,2024-10-31,2024,93,Total,Admin2,Month,MOH-NPL-2024-Y04-02,SEARO
NEPAL,BAGMATI PROVINCE,RASUWA,"NEPAL, BAGMATI PROVINCE, RASUWA",NPL,22351,NP-BA,NA,2024-10-01,2024-10-31,2024,16,Total,Admin2,Month,MOH-NPL-2024-Y04-02,SEARO
NEPAL,BAGMATI PROVINCE,DHADING,"NEPAL, BAGMATI PROVINCE, DHADING",NPL,22351,NP-BA,NA,2024-10-01,2024-10-31,2024,107,Total,Admin2,Month,MOH-NPL-2024-Y04-02,SEARO
NEPAL,BAGMATI PROVINCE,NUWAKOT,"NEPAL, BAGMATI PROVINCE, NUWAKOT",NPL,22351,NP-BA,NA,2024-10-01,2024-10-31,2024,195,Total,Admin2,Month,MOH-NPL-2024-Y04-02,SEARO
NEPAL,BAGMATI PROVINCE,KATHMANDU,"NEPAL, BAGMATI PROVINCE, KATHMANDU",NPL,22351,NP-BA,NA,2024-10-01,2024-10-31,2024,2518,Total,Admin2,Month,MOH-NPL-2024-Y04-02,SEARO
NEPAL,BAGMATI PROVINCE,BHAKTAPUR,"NEPAL, BAGMATI PROVINCE, BHAKTAPUR",NPL,22351,NP-BA,NA,2024-10-01,2024-10-31,2024,705,Total,Admin2,Month,MOH-NPL-2024-Y04-02,SEARO
NEPAL,BAGMATI PROVINCE,LALITPUR,"NEPAL, BAGMATI PROVINCE, LALITPUR",NPL,22351,NP-BA,NA,2024-10-01,2024-10-31,2024,649,Total,Admin2,Month,MOH-NPL-2024-Y04-02,SEARO
NEPAL,BAGMATI PROVINCE,KAVREPALANCHOK,"NEPAL, BAGMATI PROVINCE, KAVREPALANCHOK",NPL,22351,NP-BA,NA,2024-10-01,2024-10-31,2024,195,Total,Admin2,Month,MOH-NPL-2024-Y04-02,SEARO
NEPAL,BAGMATI PROVINCE,RAMECHHAP,"NEPAL, BAGMATI PROVINCE, RAMECHHAP",NPL,22351,NP-BA,NA,2024-10-01,2024-10-31,2024,52,Total,Admin2,Month,MOH-NPL-2024-Y04-02,SEARO
NEPAL,BAGMATI PROVINCE,SINDHULI,"NEPAL, BAGMATI PROVINCE, SINDHULI",NPL,22351,NP-BA,NA,2024-10-01,2024-10-31,2024,45,Total,Admin2,Month,MOH-NPL-2024-Y04-02,SEARO
NEPAL,BAGMATI PROVINCE,MAKWANPUR,"NEPAL, BAGMATI PROVINCE, MAKWANPUR",NPL,22351,NP-BA,NA,2024-10-01,2024-10-31,2024,160,Total,Admin2,Month,MOH-NPL-2024-Y04-02,SEARO
NEPAL,BAGMATI PROVINCE,CHITAWAN,"NEPAL, BAGMATI PROVINCE, CHITAWAN",NPL,22351,NP-BA,NA,2024-10-01,2024-10-31,2024,287,Total,Admin2,Month,MOH-NPL-2024-Y04-02,SEARO
NEPAL,GANDAKI PROVINCE,GORKHA,"NEPAL, GANDAKI PROVINCE, GORKHA",NPL,22363,NP-GA,NA,2024-10-01,2024-10-31,2024,302,Total,Admin2,Month,MOH-NPL-2024-Y04-02,SEARO
NEPAL,GANDAKI PROVINCE,MANANG,"NEPAL, GANDAKI PROVINCE, MANANG",NPL,22363,NP-GA,NA,2024-10-01,2024-10-31,2024,4,Total,Admin2,Month,MOH-NPL-2024-Y04-02,SEARO
NEPAL,GANDAKI PROVINCE,MUSTANG,"NEPAL, GANDAKI PROVINCE, MUSTANG",NPL,22363,NP-GA,NA,2024-10-01,2024-10-31,2024,4,Total,Admin2,Month,MOH-NPL-2024-Y04-02,SEARO
NEPAL,GANDAKI PROVINCE,MYAGDI,"NEPAL, GANDAKI PROVINCE, MYAGDI",NPL,22363,NP-GA,NA,2024-10-01,2024-10-31,2024,185,Total,Admin2,Month,MOH-NPL-2024-Y04-02,SEARO
NEPAL,GANDAKI PROVINCE,KASKI,"NEPAL, GANDAKI PROVINCE, KASKI",NPL,22363,NP-GA,NA,2024-10-01,2024-10-31,2024,1877,Total,Admin2,Month,MOH-NPL-2024-Y04-02,SEARO
NEPAL,GANDAKI PROVINCE,LAMJUNG,"NEPAL, GANDAKI PROVINCE, LAMJUNG",NPL,22363,NP-GA,NA,2024-10-01,2024-10-31,2024,77,Total,Admin2,Month,MOH-NPL-2024-Y04-02,SEARO
NEPAL,GANDAKI PROVINCE,TANAHU,"NEPAL, GANDAKI PROVINCE, TANAHU",NPL,22363,NP-GA,NA,2024-10-01,2024-10-31,2024,545,Total,Admin2,Month,MOH-NPL-2024-Y04-02,SEARO
NEPAL,GANDAKI PROVINCE,NAWALPARASI EAST,"NEPAL, GANDAKI PROVINCE, NAWALPARASI EAST",NPL,22363,NP-GA,NA,2024-10-01,2024-10-31,2024,67,Total,Admin2,Month,MOH-NPL-2024-Y04-02,SEARO
NEPAL,GANDAKI PROVINCE,SYANGJA,"NEPAL, GANDAKI PROVINCE, SYANGJA",NPL,22363,NP-GA,NA,2024-10-01,2024-10-31,2024,107,Total,Admin2,Month,MOH-NPL-2024-Y04-02,SEARO
NEPAL,GANDAKI PROVINCE,PARBAT,"NEPAL, GANDAKI PROVINCE, PARBAT",NPL,22363,NP-GA,NA,2024-10-01,2024-10-31,2024,421,Total,Admin2,Month,MOH-NPL-2024-Y04-02,SEARO
NEPAL,GANDAKI PROVINCE,BAGLUNG,"NEPAL, GANDAKI PROVINCE, BAGLUNG",NPL,22363,NP-GA,NA,2024-10-01,2024-10-31,2024,602,Total,Admin2,Month,MOH-NPL-2024-Y04-02,SEARO
NEPAL,LUMBINI PROVINCE,RUKUM EAST,"NEPAL, LUMBINI PROVINCE, RUKUM EAST",NPL,22364,NP-LU,NA,2024-10-01,2024-10-31,2024,9,Total,Admin2,Month,MOH-NPL-2024-Y04-02,SEARO
NEPAL,LUMBINI PROVINCE,ROLPA,"NEPAL, LUMBINI PROVINCE, ROLPA",NPL,22364,NP-LU,NA,2024-10-01,2024-10-31,2024,14,Total,Admin2,Month,MOH-NPL-2024-Y04-02,SEARO
NEPAL,LUMBINI PROVINCE,PYUTHAN,"NEPAL, LUMBINI PROVINCE, PYUTHAN",NPL,22364,NP-LU,NA,2024-10-01,2024-10-31,2024,18,Total,Admin2,Month,MOH-NPL-2024-Y04-02,SEARO
NEPAL,LUMBINI PROVINCE,GULMI,"NEPAL, LUMBINI PROVINCE, GULMI",NPL,22364,NP-LU,NA,2024-10-01,2024-10-31,2024,24,Total,Admin2,Month,MOH-NPL-2024-Y04-02,SEARO
NEPAL,LUMBINI PROVINCE,ARGHAKHANCHI,"NEPAL, LUMBINI PROVINCE, ARGHAKHANCHI",NPL,22364,NP-LU,NA,2024-10-01,2024-10-31,2024,33,Total,Admin2,Month,MOH-NPL-2024-Y04-02,SEARO
NEPAL,LUMBINI PROVINCE,PALPA,"NEPAL, LUMBINI PROVINCE, PALPA",NPL,22364,NP-LU,NA,2024-10-01,2024-10-31,2024,60,Total,Admin2,Month,MOH-NPL-2024-Y04-02,SEARO
NEPAL,LUMBINI PROVINCE,NAWALPARASI WEST,"NEPAL, LUMBINI PROVINCE, NAWALPARASI WEST",NPL,22364,NP-LU,NA,2024-10-01,2024-10-31,2024,22,Total,Admin2,Month,MOH-NPL-2024-Y04-02,SEARO
NEPAL,LUMBINI PROVINCE,RUPANDEHI,"NEPAL, LUMBINI PROVINCE, RUPANDEHI",NPL,22364,NP-LU,NA,2024-10-01,2024-10-31,2024,46,Total,Admin2,Month,MOH-NPL-2024-Y04-02,SEARO
NEPAL,LUMBINI PROVINCE,KAPILBASTU,"NEPAL, LUMBINI PROVINCE, KAPILBASTU",NPL,22364,NP-LU,NA,2024-10-01,2024-10-31,2024,15,Total,Admin2,Month,MOH-NPL-2024-Y04-02,SEARO
NEPAL,LUMBINI PROVINCE,DANG,"NEPAL, LUMBINI PROVINCE, DANG",NPL,22364,NP-LU,NA,2024-10-01,2024-10-31,2024,162,Total,Admin2,Month,MOH-NPL-2024-Y04-02,SEARO
NEPAL,LUMBINI PROVINCE,BANKE,"NEPAL, LUMBINI PROVINCE, BANKE",NPL,22364,NP-LU,NA,2024-10-01,2024-10-31,2024,26,Total,Admin2,Month,MOH-NPL-2024-Y04-02,SEARO
NEPAL,LUMBINI PROVINCE,BARDIYA,"NEPAL, LUMBINI PROVINCE, BARDIYA",NPL,22364,NP-LU,NA,2024-10-01,2024-10-31,2024,30,Total,Admin2,Month,MOH-NPL-2024-Y04-02,SEARO
NEPAL,KARNALI PROVINCE,DOLPA,"NEPAL, KARNALI PROVINCE, DOLPA",NPL,22359,NP-KA,NA,2024-10-01,2024-10-31,2024,0,Total,Admin2,Month,MOH-NPL-2024-Y04-02,SEARO
NEPAL,KARNALI PROVINCE,MUGU,"NEPAL, KARNALI PROVINCE, MUGU",NPL,22359,NP-KA,NA,2024-10-01,2024-10-31,2024,5,Total,Admin2,Month,MOH-NPL-2024-Y04-02,SEARO
NEPAL,KARNALI PROVINCE,HUMLA,"NEPAL, KARNALI PROVINCE, HUMLA",NPL,22359,NP-KA,NA,2024-10-01,2024-10-31,2024,0,Total,Admin2,Month,MOH-NPL-2024-Y04-02,SEARO
NEPAL,KARNALI PROVINCE,JUMLA,"NEPAL, KARNALI PROVINCE, JUMLA",NPL,22359,NP-KA,NA,2024-10-01,2024-10-31,2024,6,Total,Admin2,Month,MOH-NPL-2024-Y04-02,SEARO
NEPAL,KARNALI PROVINCE,KALIKOT,"NEPAL, KARNALI PROVINCE, KALIKOT",NPL,22359,NP-KA,NA,2024-10-01,2024-10-31,2024,7,Total,Admin2,Month,MOH-NPL-2024-Y04-02,SEARO
NEPAL,KARNALI PROVINCE,DAILEKH,"NEPAL, KARNALI PROVINCE, DAILEKH",NPL,22359,NP-KA,NA,2024-10-01,2024-10-31,2024,5,Total,Admin2,Month,MOH-NPL-2024-Y04-02,SEARO
NEPAL,KARNALI PROVINCE,JAJARKOT,"NEPAL, KARNALI PROVINCE, JAJARKOT",NPL,22359,NP-KA,NA,2024-10-01,2024-10-31,2024,9,Total,Admin2,Month,MOH-NPL-2024-Y04-02,SEARO
NEPAL,KARNALI PROVINCE,RUKUM WEST,"NEPAL, KARNALI PROVINCE, RUKUM WEST",NPL,22359,NP-KA,NA,2024-10-01,2024-10-31,2024,19,Total,Admin2,Month,MOH-NPL-2024-Y04-02,SEARO
NEPAL,KARNALI PROVINCE,SALYAN,"NEPAL, KARNALI PROVINCE, SALYAN",NPL,22359,NP-KA,NA,2024-10-01,2024-10-31,2024,10,Total,Admin2,Month,MOH-NPL-2024-Y04-02,SEARO
NEPAL,KARNALI PROVINCE,SURKHET,"NEPAL, KARNALI PROVINCE, SURKHET",NPL,22359,NP-KA,NA,2024-10-01,2024-10-31,2024,33,Total,Admin2,Month,MOH-NPL-2024-Y04-02,SEARO
NEPAL,SUDUR PASHCHIM PROVINCE,BAJURA,"NEPAL, SUDUR PASHCHIM PROVINCE, BAJURA",NPL,22357,NP-MA,NA,2024-10-01,2024-10-31,2024,11,Total,Admin2,Month,MOH-NPL-2024-Y04-02,SEARO
NEPAL,SUDUR PASHCHIM PROVINCE,BAJHANG,"NEPAL, SUDUR PASHCHIM PROVINCE, BAJHANG",NPL,22357,NP-MA,NA,2024-10-01,2024-10-31,2024,7,Total,Admin2,Month,MOH-NPL-2024-Y04-02,SEARO
NEPAL,SUDUR PASHCHIM PROVINCE,DARCHULA,"NEPAL, SUDUR PASHCHIM PROVINCE, DARCHULA",NPL,22357,NP-MA,NA,2024-10-01,2024-10-31,2024,12,Total,Admin2,Month,MOH-NPL-2024-Y04-02,SEARO
NEPAL,SUDUR PASHCHIM PROVINCE,BAITADI,"NEPAL, SUDUR PASHCHIM PROVINCE, BAITADI",NPL,22357,NP-MA,NA,2024-10-01,2024-10-31,2024,42,Total,Admin2,Month,MOH-NPL-2024-Y04-02,SEARO
NEPAL,SUDUR PASHCHIM PROVINCE,DADELDHURA,"NEPAL, SUDUR PASHCHIM PROVINCE, DADELDHURA",NPL,22357,NP-MA,NA,2024-10-01,2024-10-31,2024,85,Total,Admin2,Month,MOH-NPL-2024-Y04-02,SEARO
NEPAL,SUDUR PASHCHIM PROVINCE,DOTI,"NEPAL, SUDUR PASHCHIM PROVINCE, DOTI",NPL,22357,NP-MA,NA,2024-10-01,2024-10-31,2024,25,Total,Admin2,Month,MOH-NPL-2024-Y04-02,SEARO
NEPAL,SUDUR PASHCHIM PROVINCE,ACHHAM,"NEPAL, SUDUR PASHCHIM PROVINCE, ACHHAM",NPL,22357,NP-MA,NA,2024-10-01,2024-10-31,2024,32,Total,Admin2,Month,MOH-NPL-2024-Y04-02,SEARO
NEPAL,SUDUR PASHCHIM PROVINCE,KAILALI,"NEPAL, SUDUR PASHCHIM PROVINCE, KAILALI",NPL,22357,NP-MA,NA,2024-10-01,2024-10-31,2024,161,Total,Admin2,Month,MOH-NPL-2024-Y04-02,SEARO
NEPAL,SUDUR PASHCHIM PROVINCE,KANCHANPUR,"NEPAL, SUDUR PASHCHIM PROVINCE, KANCHANPUR",NPL,22357,NP-MA,NA,2024-10-01,2024-10-31,2024,75,Total,Admin2,Month,MOH-NPL-2024-Y04-02,SEARO
NEPAL,NA,NA,NEPAL,NPL,175,NPL,NA,2024-11-01,2024-11-30,2024,5544,Total,Admin0,Month,WHO-ALL-2025-Y01-00,SEARO
NEPAL,KOSHI PROVINCE,TAPLEJUNG,"NEPAL, KOSHI PROVINCE, TAPLEJUNG",NPL,22354,NP-KO,NA,2024-11-01,2024-11-30,2024,5,Total,Admin2,Month,MOH-NPL-2024-Y04-02,SEARO
NEPAL,KOSHI PROVINCE,SANKHUWASABHA,"NEPAL, KOSHI PROVINCE, SANKHUWASABHA",NPL,22354,NP-KO,NA,2024-11-01,2024-11-30,2024,7,Total,Admin2,Month,MOH-NPL-2024-Y04-02,SEARO
NEPAL,KOSHI PROVINCE,SOLUKHUMBU,"NEPAL, KOSHI PROVINCE, SOLUKHUMBU",NPL,22354,NP-KO,NA,2024-11-01,2024-11-30,2024,4,Total,Admin2,Month,MOH-NPL-2024-Y04-02,SEARO
NEPAL,KOSHI PROVINCE,OKHALDHUNGA,"NEPAL, KOSHI PROVINCE, OKHALDHUNGA",NPL,22354,NP-KO,NA,2024-11-01,2024-11-30,2024,20,Total,Admin2,Month,MOH-NPL-2024-Y04-02,SEARO
NEPAL,KOSHI PROVINCE,KHOTANG,"NEPAL, KOSHI PROVINCE, KHOTANG",NPL,22354,NP-KO,NA,2024-11-01,2024-11-30,2024,8,Total,Admin2,Month,MOH-NPL-2024-Y04-02,SEARO
NEPAL,KOSHI PROVINCE,BHOJPUR,"NEPAL, KOSHI PROVINCE, BHOJPUR",NPL,22354,NP-KO,NA,2024-11-01,2024-11-30,2024,16,Total,Admin2,Month,MOH-NPL-2024-Y04-02,SEARO
NEPAL,KOSHI PROVINCE,DHANKUTA,"NEPAL, KOSHI PROVINCE, DHANKUTA",NPL,22354,NP-KO,NA,2024-11-01,2024-11-30,2024,4,Total,Admin2,Month,MOH-NPL-2024-Y04-02,SEARO
NEPAL,KOSHI PROVINCE,TERHATHUM,"NEPAL, KOSHI PROVINCE, TERHATHUM",NPL,22354,NP-KO,NA,2024-11-01,2024-11-30,2024,1,Total,Admin2,Month,MOH-NPL-2024-Y04-02,SEARO
NEPAL,KOSHI PROVINCE,PANCHTHAR,"NEPAL, KOSHI PROVINCE, PANCHTHAR",NPL,22354,NP-KO,NA,2024-11-01,2024-11-30,2024,2,Total,Admin2,Month,MOH-NPL-2024-Y04-02,SEARO
NEPAL,KOSHI PROVINCE,ILAM,"NEPAL, KOSHI PROVINCE, ILAM",NPL,22354,NP-KO,NA,2024-11-01,2024-11-30,2024,5,Total,Admin2,Month,MOH-NPL-2024-Y04-02,SEARO
NEPAL,KOSHI PROVINCE,JHAPA,"NEPAL, KOSHI PROVINCE, JHAPA",NPL,22354,NP-KO,NA,2024-11-01,2024-11-30,2024,31,Total,Admin2,Month,MOH-NPL-2024-Y04-02,SEARO
NEPAL,KOSHI PROVINCE,MORANG,"NEPAL, KOSHI PROVINCE, MORANG",NPL,22354,NP-KO,NA,2024-11-01,2024-11-30,2024,75,Total,Admin2,Month,MOH-NPL-2024-Y04-02,SEARO
NEPAL,KOSHI PROVINCE,SUNSARI,"NEPAL, KOSHI PROVINCE, SUNSARI",NPL,22354,NP-KO,NA,2024-11-01,2024-11-30,2024,48,Total,Admin2,Month,MOH-NPL-2024-Y04-02,SEARO
NEPAL,KOSHI PROVINCE,UDAYAPUR,"NEPAL, KOSHI PROVINCE, UDAYAPUR",NPL,22354,NP-KO,NA,2024-11-01,2024-11-30,2024,12,Total,Admin2,Month,MOH-NPL-2024-Y04-02,SEARO
NEPAL,MADHESH PROVINCE,SAPTARI,"NEPAL, MADHESH PROVINCE, SAPTARI",NPL,22352,NP-JA,NA,2024-11-01,2024-11-30,2024,8,Total,Admin2,Month,MOH-NPL-2024-Y04-02,SEARO
NEPAL,MADHESH PROVINCE,SIRAHA,"NEPAL, MADHESH PROVINCE, SIRAHA",NPL,22352,NP-JA,NA,2024-11-01,2024-11-30,2024,11,Total,Admin2,Month,MOH-NPL-2024-Y04-02,SEARO
NEPAL,MADHESH PROVINCE,DHANUSA,"NEPAL, MADHESH PROVINCE, DHANUSA",NPL,22352,NP-JA,NA,2024-11-01,2024-11-30,2024,13,Total,Admin2,Month,MOH-NPL-2024-Y04-02,SEARO
NEPAL,MADHESH PROVINCE,MAHOTTARI,"NEPAL, MADHESH PROVINCE, MAHOTTARI",NPL,22352,NP-JA,NA,2024-11-01,2024-11-30,2024,4,Total,Admin2,Month,MOH-NPL-2024-Y04-02,SEARO
NEPAL,MADHESH PROVINCE,SARLAHI,"NEPAL, MADHESH PROVINCE, SARLAHI",NPL,22352,NP-JA,NA,2024-11-01,2024-11-30,2024,15,Total,Admin2,Month,MOH-NPL-2024-Y04-02,SEARO
NEPAL,MADHESH PROVINCE,RAUTAHAT,"NEPAL, MADHESH PROVINCE, RAUTAHAT",NPL,22352,NP-JA,NA,2024-11-01,2024-11-30,2024,17,Total,Admin2,Month,MOH-NPL-2024-Y04-02,SEARO
NEPAL,MADHESH PROVINCE,BARA,"NEPAL, MADHESH PROVINCE, BARA",NPL,22352,NP-JA,NA,2024-11-01,2024-11-30,2024,30,Total,Admin2,Month,MOH-NPL-2024-Y04-02,SEARO
NEPAL,MADHESH PROVINCE,PARSA,"NEPAL, MADHESH PROVINCE, PARSA",NPL,22352,NP-JA,NA,2024-11-01,2024-11-30,2024,24,Total,Admin2,Month,MOH-NPL-2024-Y04-02,SEARO
NEPAL,BAGMATI PROVINCE,DOLAKHA,"NEPAL, BAGMATI PROVINCE, DOLAKHA",NPL,22351,NP-BA,NA,2024-11-01,2024-11-30,2024,19,Total,Admin2,Month,MOH-NPL-2024-Y04-02,SEARO
NEPAL,BAGMATI PROVINCE,SINDHUPALCHOK,"NEPAL, BAGMATI PROVINCE, SINDHUPALCHOK",NPL,22351,NP-BA,NA,2024-11-01,2024-11-30,2024,23,Total,Admin2,Month,MOH-NPL-2024-Y04-02,SEARO
NEPAL,BAGMATI PROVINCE,RASUWA,"NEPAL, BAGMATI PROVINCE, RASUWA",NPL,22351,NP-BA,NA,2024-11-01,2024-11-30,2024,4,Total,Admin2,Month,MOH-NPL-2024-Y04-02,SEARO
NEPAL,BAGMATI PROVINCE,DHADING,"NEPAL, BAGMATI PROVINCE, DHADING",NPL,22351,NP-BA,NA,2024-11-01,2024-11-30,2024,61,Total,Admin2,Month,MOH-NPL-2024-Y04-02,SEARO
NEPAL,BAGMATI PROVINCE,NUWAKOT,"NEPAL, BAGMATI PROVINCE, NUWAKOT",NPL,22351,NP-BA,NA,2024-11-01,2024-11-30,2024,76,Total,Admin2,Month,MOH-NPL-2024-Y04-02,SEARO
NEPAL,BAGMATI PROVINCE,KATHMANDU,"NEPAL, BAGMATI PROVINCE, KATHMANDU",NPL,22351,NP-BA,NA,2024-11-01,2024-11-30,2024,1305,Total,Admin2,Month,MOH-NPL-2024-Y04-02,SEARO
NEPAL,BAGMATI PROVINCE,BHAKTAPUR,"NEPAL, BAGMATI PROVINCE, BHAKTAPUR",NPL,22351,NP-BA,NA,2024-11-01,2024-11-30,2024,312,Total,Admin2,Month,MOH-NPL-2024-Y04-02,SEARO
NEPAL,BAGMATI PROVINCE,LALITPUR,"NEPAL, BAGMATI PROVINCE, LALITPUR",NPL,22351,NP-BA,NA,2024-11-01,2024-11-30,2024,275,Total,Admin2,Month,MOH-NPL-2024-Y04-02,SEARO
NEPAL,BAGMATI PROVINCE,KAVREPALANCHOK,"NEPAL, BAGMATI PROVINCE, KAVREPALANCHOK",NPL,22351,NP-BA,NA,2024-11-01,2024-11-30,2024,102,Total,Admin2,Month,MOH-NPL-2024-Y04-02,SEARO
NEPAL,BAGMATI PROVINCE,RAMECHHAP,"NEPAL, BAGMATI PROVINCE, RAMECHHAP",NPL,22351,NP-BA,NA,2024-11-01,2024-11-30,2024,18,Total,Admin2,Month,MOH-NPL-2024-Y04-02,SEARO
NEPAL,BAGMATI PROVINCE,SINDHULI,"NEPAL, BAGMATI PROVINCE, SINDHULI",NPL,22351,NP-BA,NA,2024-11-01,2024-11-30,2024,36,Total,Admin2,Month,MOH-NPL-2024-Y04-02,SEARO
NEPAL,BAGMATI PROVINCE,MAKWANPUR,"NEPAL, BAGMATI PROVINCE, MAKWANPUR",NPL,22351,NP-BA,NA,2024-11-01,2024-11-30,2024,112,Total,Admin2,Month,MOH-NPL-2024-Y04-02,SEARO
NEPAL,BAGMATI PROVINCE,CHITAWAN,"NEPAL, BAGMATI PROVINCE, CHITAWAN",NPL,22351,NP-BA,NA,2024-11-01,2024-11-30,2024,129,Total,Admin2,Month,MOH-NPL-2024-Y04-02,SEARO
NEPAL,GANDAKI PROVINCE,GORKHA,"NEPAL, GANDAKI PROVINCE, GORKHA",NPL,22363,NP-GA,NA,2024-11-01,2024-11-30,2024,122,Total,Admin2,Month,MOH-NPL-2024-Y04-02,SEARO
NEPAL,GANDAKI PROVINCE,MANANG,"NEPAL, GANDAKI PROVINCE, MANANG",NPL,22363,NP-GA,NA,2024-11-01,2024-11-30,2024,1,Total,Admin2,Month,MOH-NPL-2024-Y04-02,SEARO
NEPAL,GANDAKI PROVINCE,MUSTANG,"NEPAL, GANDAKI PROVINCE, MUSTANG",NPL,22363,NP-GA,NA,2024-11-01,2024-11-30,2024,3,Total,Admin2,Month,MOH-NPL-2024-Y04-02,SEARO
NEPAL,GANDAKI PROVINCE,MYAGDI,"NEPAL, GANDAKI PROVINCE, MYAGDI",NPL,22363,NP-GA,NA,2024-11-01,2024-11-30,2024,76,Total,Admin2,Month,MOH-NPL-2024-Y04-02,SEARO
NEPAL,GANDAKI PROVINCE,KASKI,"NEPAL, GANDAKI PROVINCE, KASKI",NPL,22363,NP-GA,NA,2024-11-01,2024-11-30,2024,391,Total,Admin2,Month,MOH-NPL-2024-Y04-02,SEARO
NEPAL,GANDAKI PROVINCE,LAMJUNG,"NEPAL, GANDAKI PROVINCE, LAMJUNG",NPL,22363,NP-GA,NA,2024-11-01,2024-11-30,2024,62,Total,Admin2,Month,MOH-NPL-2024-Y04-02,SEARO
NEPAL,GANDAKI PROVINCE,TANAHU,"NEPAL, GANDAKI PROVINCE, TANAHU",NPL,22363,NP-GA,NA,2024-11-01,2024-11-30,2024,242,Total,Admin2,Month,MOH-NPL-2024-Y04-02,SEARO
NEPAL,GANDAKI PROVINCE,NAWALPARASI EAST,"NEPAL, GANDAKI PROVINCE, NAWALPARASI EAST",NPL,22363,NP-GA,NA,2024-11-01,2024-11-30,2024,31,Total,Admin2,Month,MOH-NPL-2024-Y04-02,SEARO
NEPAL,GANDAKI PROVINCE,SYANGJA,"NEPAL, GANDAKI PROVINCE, SYANGJA",NPL,22363,NP-GA,NA,2024-11-01,2024-11-30,2024,40,Total,Admin2,Month,MOH-NPL-2024-Y04-02,SEARO
NEPAL,GANDAKI PROVINCE,PARBAT,"NEPAL, GANDAKI PROVINCE, PARBAT",NPL,22363,NP-GA,NA,2024-11-01,2024-11-30,2024,121,Total,Admin2,Month,MOH-NPL-2024-Y04-02,SEARO
NEPAL,GANDAKI PROVINCE,BAGLUNG,"NEPAL, GANDAKI PROVINCE, BAGLUNG",NPL,22363,NP-GA,NA,2024-11-01,2024-11-30,2024,395,Total,Admin2,Month,MOH-NPL-2024-Y04-02,SEARO
NEPAL,LUMBINI PROVINCE,RUKUM EAST,"NEPAL, LUMBINI PROVINCE, RUKUM EAST",NPL,22364,NP-LU,NA,2024-11-01,2024-11-30,2024,2,Total,Admin2,Month,MOH-NPL-2024-Y04-02,SEARO
NEPAL,LUMBINI PROVINCE,ROLPA,"NEPAL, LUMBINI PROVINCE, ROLPA",NPL,22364,NP-LU,NA,2024-11-01,2024-11-30,2024,7,Total,Admin2,Month,MOH-NPL-2024-Y04-02,SEARO
NEPAL,LUMBINI PROVINCE,PYUTHAN,"NEPAL, LUMBINI PROVINCE, PYUTHAN",NPL,22364,NP-LU,NA,2024-11-01,2024-11-30,2024,3,Total,Admin2,Month,MOH-NPL-2024-Y04-02,SEARO
NEPAL,LUMBINI PROVINCE,GULMI,"NEPAL, LUMBINI PROVINCE, GULMI",NPL,22364,NP-LU,NA,2024-11-01,2024-11-30,2024,12,Total,Admin2,Month,MOH-NPL-2024-Y04-02,SEARO
NEPAL,LUMBINI PROVINCE,ARGHAKHANCHI,"NEPAL, LUMBINI PROVINCE, ARGHAKHANCHI",NPL,22364,NP-LU,NA,2024-11-01,2024-11-30,2024,23,Total,Admin2,Month,MOH-NPL-2024-Y04-02,SEARO
NEPAL,LUMBINI PROVINCE,PALPA,"NEPAL, LUMBINI PROVINCE, PALPA",NPL,22364,NP-LU,NA,2024-11-01,2024-11-30,2024,19,Total,Admin2,Month,MOH-NPL-2024-Y04-02,SEARO
NEPAL,LUMBINI PROVINCE,NAWALPARASI WEST,"NEPAL, LUMBINI PROVINCE, NAWALPARASI WEST",NPL,22364,NP-LU,NA,2024-11-01,2024-11-30,2024,24,Total,Admin2,Month,MOH-NPL-2024-Y04-02,SEARO
NEPAL,LUMBINI PROVINCE,RUPANDEHI,"NEPAL, LUMBINI PROVINCE, RUPANDEHI",NPL,22364,NP-LU,NA,2024-11-01,2024-11-30,2024,51,Total,Admin2,Month,MOH-NPL-2024-Y04-02,SEARO
NEPAL,LUMBINI PROVINCE,KAPILBASTU,"NEPAL, LUMBINI PROVINCE, KAPILBASTU",NPL,22364,NP-LU,NA,2024-11-01,2024-11-30,2024,9,Total,Admin2,Month,MOH-NPL-2024-Y04-02,SEARO
NEPAL,LUMBINI PROVINCE,DANG,"NEPAL, LUMBINI PROVINCE, DANG",NPL,22364,NP-LU,NA,2024-11-01,2024-11-30,2024,78,Total,Admin2,Month,MOH-NPL-2024-Y04-02,SEARO
NEPAL,LUMBINI PROVINCE,BANKE,"NEPAL, LUMBINI PROVINCE, BANKE",NPL,22364,NP-LU,NA,2024-11-01,2024-11-30,2024,29,Total,Admin2,Month,MOH-NPL-2024-Y04-02,SEARO
NEPAL,LUMBINI PROVINCE,BARDIYA,"NEPAL, LUMBINI PROVINCE, BARDIYA",NPL,22364,NP-LU,NA,2024-11-01,2024-11-30,2024,14,Total,Admin2,Month,MOH-NPL-2024-Y04-02,SEARO
NEPAL,KARNALI PROVINCE,DOLPA,"NEPAL, KARNALI PROVINCE, DOLPA",NPL,22359,NP-KA,NA,2024-11-01,2024-11-30,2024,3,Total,Admin2,Month,MOH-NPL-2024-Y04-02,SEARO
NEPAL,KARNALI PROVINCE,MUGU,"NEPAL, KARNALI PROVINCE, MUGU",NPL,22359,NP-KA,NA,2024-11-01,2024-11-30,2024,1,Total,Admin2,Month,MOH-NPL-2024-Y04-02,SEARO
NEPAL,KARNALI PROVINCE,HUMLA,"NEPAL, KARNALI PROVINCE, HUMLA",NPL,22359,NP-KA,NA,2024-11-01,2024-11-30,2024,0,Total,Admin2,Month,MOH-NPL-2024-Y04-02,SEARO
NEPAL,KARNALI PROVINCE,JUMLA,"NEPAL, KARNALI PROVINCE, JUMLA",NPL,22359,NP-KA,NA,2024-11-01,2024-11-30,2024,2,Total,Admin2,Month,MOH-NPL-2024-Y04-02,SEARO
NEPAL,KARNALI PROVINCE,KALIKOT,"NEPAL, KARNALI PROVINCE, KALIKOT",NPL,22359,NP-KA,NA,2024-11-01,2024-11-30,2024,1,Total,Admin2,Month,MOH-NPL-2024-Y04-02,SEARO
NEPAL,KARNALI PROVINCE,DAILEKH,"NEPAL, KARNALI PROVINCE, DAILEKH",NPL,22359,NP-KA,NA,2024-11-01,2024-11-30,2024,1,Total,Admin2,Month,MOH-NPL-2024-Y04-02,SEARO
NEPAL,KARNALI PROVINCE,JAJARKOT,"NEPAL, KARNALI PROVINCE, JAJARKOT",NPL,22359,NP-KA,NA,2024-11-01,2024-11-30,2024,1,Total,Admin2,Month,MOH-NPL-2024-Y04-02,SEARO
NEPAL,KARNALI PROVINCE,RUKUM WEST,"NEPAL, KARNALI PROVINCE, RUKUM WEST",NPL,22359,NP-KA,NA,2024-11-01,2024-11-30,2024,6,Total,Admin2,Month,MOH-NPL-2024-Y04-02,SEARO
NEPAL,KARNALI PROVINCE,SALYAN,"NEPAL, KARNALI PROVINCE, SALYAN",NPL,22359,NP-KA,NA,2024-11-01,2024-11-30,2024,1,Total,Admin2,Month,MOH-NPL-2024-Y04-02,SEARO
NEPAL,KARNALI PROVINCE,SURKHET,"NEPAL, KARNALI PROVINCE, SURKHET",NPL,22359,NP-KA,NA,2024-11-01,2024-11-30,2024,19,Total,Admin2,Month,MOH-NPL-2024-Y04-02,SEARO
NEPAL,SUDUR PASHCHIM PROVINCE,BAJURA,"NEPAL, SUDUR PASHCHIM PROVINCE, BAJURA",NPL,22357,NP-MA,NA,2024-11-01,2024-11-30,2024,3,Total,Admin2,Month,MOH-NPL-2024-Y04-02,SEARO
NEPAL,SUDUR PASHCHIM PROVINCE,BAJHANG,"NEPAL, SUDUR PASHCHIM PROVINCE, BAJHANG",NPL,22357,NP-MA,NA,2024-11-01,2024-11-30,2024,3,Total,Admin2,Month,MOH-NPL-2024-Y04-02,SEARO
NEPAL,SUDUR PASHCHIM PROVINCE,DARCHULA,"NEPAL, SUDUR PASHCHIM PROVINCE, DARCHULA",NPL,22357,NP-MA,NA,2024-11-01,2024-11-30,2024,5,Total,Admin2,Month,MOH-NPL-2024-Y04-02,SEARO
NEPAL,SUDUR PASHCHIM PROVINCE,BAITADI,"NEPAL, SUDUR PASHCHIM PROVINCE, BAITADI",NPL,22357,NP-MA,NA,2024-11-01,2024-11-30,2024,11,Total,Admin2,Month,MOH-NPL-2024-Y04-02,SEARO
NEPAL,SUDUR PASHCHIM PROVINCE,DADELDHURA,"NEPAL, SUDUR PASHCHIM PROVINCE, DADELDHURA",NPL,22357,NP-MA,NA,2024-11-01,2024-11-30,2024,21,Total,Admin2,Month,MOH-NPL-2024-Y04-02,SEARO
NEPAL,SUDUR PASHCHIM PROVINCE,DOTI,"NEPAL, SUDUR PASHCHIM PROVINCE, DOTI",NPL,22357,NP-MA,NA,2024-11-01,2024-11-30,2024,12,Total,Admin2,Month,MOH-NPL-2024-Y04-02,SEARO
NEPAL,SUDUR PASHCHIM PROVINCE,ACHHAM,"NEPAL, SUDUR PASHCHIM PROVINCE, ACHHAM",NPL,22357,NP-MA,NA,2024-11-01,2024-11-30,2024,22,Total,Admin2,Month,MOH-NPL-2024-Y04-02,SEARO
NEPAL,SUDUR PASHCHIM PROVINCE,KAILALI,"NEPAL, SUDUR PASHCHIM PROVINCE, KAILALI",NPL,22357,NP-MA,NA,2024-11-01,2024-11-30,2024,65,Total,Admin2,Month,MOH-NPL-2024-Y04-02,SEARO
NEPAL,SUDUR PASHCHIM PROVINCE,KANCHANPUR,"NEPAL, SUDUR PASHCHIM PROVINCE, KANCHANPUR",NPL,22357,NP-MA,NA,2024-11-01,2024-11-30,2024,38,Total,Admin2,Month,MOH-NPL-2024-Y04-02,SEARO
NEPAL,NA,NA,NEPAL,NPL,175,NPL,NA,2024-12-01,2024-12-31,2024,844,Total,Admin0,Month,WHO-ALL-2025-Y01-00,SEARO
NEPAL,KOSHI PROVINCE,TAPLEJUNG,"NEPAL, KOSHI PROVINCE, TAPLEJUNG",NPL,22354,NP-KO,NA,2024-12-01,2024-12-31,2024,0,Total,Admin2,Month,MOH-NPL-2024-Y04-02,SEARO
NEPAL,KOSHI PROVINCE,SANKHUWASABHA,"NEPAL, KOSHI PROVINCE, SANKHUWASABHA",NPL,22354,NP-KO,NA,2024-12-01,2024-12-31,2024,0,Total,Admin2,Month,MOH-NPL-2024-Y04-02,SEARO
NEPAL,KOSHI PROVINCE,SOLUKHUMBU,"NEPAL, KOSHI PROVINCE, SOLUKHUMBU",NPL,22354,NP-KO,NA,2024-12-01,2024-12-31,2024,0,Total,Admin2,Month,MOH-NPL-2024-Y04-02,SEARO
NEPAL,KOSHI PROVINCE,OKHALDHUNGA,"NEPAL, KOSHI PROVINCE, OKHALDHUNGA",NPL,22354,NP-KO,NA,2024-12-01,2024-12-31,2024,1,Total,Admin2,Month,MOH-NPL-2024-Y04-02,SEARO
NEPAL,KOSHI PROVINCE,KHOTANG,"NEPAL, KOSHI PROVINCE, KHOTANG",NPL,22354,NP-KO,NA,2024-12-01,2024-12-31,2024,0,Total,Admin2,Month,MOH-NPL-2024-Y04-02,SEARO
NEPAL,KOSHI PROVINCE,BHOJPUR,"NEPAL, KOSHI PROVINCE, BHOJPUR",NPL,22354,NP-KO,NA,2024-12-01,2024-12-31,2024,0,Total,Admin2,Month,MOH-NPL-2024-Y04-02,SEARO
NEPAL,KOSHI PROVINCE,DHANKUTA,"NEPAL, KOSHI PROVINCE, DHANKUTA",NPL,22354,NP-KO,NA,2024-12-01,2024-12-31,2024,0,Total,Admin2,Month,MOH-NPL-2024-Y04-02,SEARO
NEPAL,KOSHI PROVINCE,TERHATHUM,"NEPAL, KOSHI PROVINCE, TERHATHUM",NPL,22354,NP-KO,NA,2024-12-01,2024-12-31,2024,0,Total,Admin2,Month,MOH-NPL-2024-Y04-02,SEARO
NEPAL,KOSHI PROVINCE,PANCHTHAR,"NEPAL, KOSHI PROVINCE, PANCHTHAR",NPL,22354,NP-KO,NA,2024-12-01,2024-12-31,2024,0,Total,Admin2,Month,MOH-NPL-2024-Y04-02,SEARO
NEPAL,KOSHI PROVINCE,ILAM,"NEPAL, KOSHI PROVINCE, ILAM",NPL,22354,NP-KO,NA,2024-12-01,2024-12-31,2024,0,Total,Admin2,Month,MOH-NPL-2024-Y04-02,SEARO
NEPAL,KOSHI PROVINCE,JHAPA,"NEPAL, KOSHI PROVINCE, JHAPA",NPL,22354,NP-KO,NA,2024-12-01,2024-12-31,2024,1,Total,Admin2,Month,MOH-NPL-2024-Y04-02,SEARO
NEPAL,KOSHI PROVINCE,MORANG,"NEPAL, KOSHI PROVINCE, MORANG",NPL,22354,NP-KO,NA,2024-12-01,2024-12-31,2024,2,Total,Admin2,Month,MOH-NPL-2024-Y04-02,SEARO
NEPAL,KOSHI PROVINCE,SUNSARI,"NEPAL, KOSHI PROVINCE, SUNSARI",NPL,22354,NP-KO,NA,2024-12-01,2024-12-31,2024,1,Total,Admin2,Month,MOH-NPL-2024-Y04-02,SEARO
NEPAL,KOSHI PROVINCE,UDAYAPUR,"NEPAL, KOSHI PROVINCE, UDAYAPUR",NPL,22354,NP-KO,NA,2024-12-01,2024-12-31,2024,0,Total,Admin2,Month,MOH-NPL-2024-Y04-02,SEARO
NEPAL,MADHESH PROVINCE,SAPTARI,"NEPAL, MADHESH PROVINCE, SAPTARI",NPL,22352,NP-JA,NA,2024-12-01,2024-12-31,2024,0,Total,Admin2,Month,MOH-NPL-2024-Y04-02,SEARO
NEPAL,MADHESH PROVINCE,SIRAHA,"NEPAL, MADHESH PROVINCE, SIRAHA",NPL,22352,NP-JA,NA,2024-12-01,2024-12-31,2024,0,Total,Admin2,Month,MOH-NPL-2024-Y04-02,SEARO
NEPAL,MADHESH PROVINCE,DHANUSA,"NEPAL, MADHESH PROVINCE, DHANUSA",NPL,22352,NP-JA,NA,2024-12-01,2024-12-31,2024,0,Total,Admin2,Month,MOH-NPL-2024-Y04-02,SEARO
NEPAL,MADHESH PROVINCE,MAHOTTARI,"NEPAL, MADHESH PROVINCE, MAHOTTARI",NPL,22352,NP-JA,NA,2024-12-01,2024-12-31,2024,0,Total,Admin2,Month,MOH-NPL-2024-Y04-02,SEARO
NEPAL,MADHESH PROVINCE,SARLAHI,"NEPAL, MADHESH PROVINCE, SARLAHI",NPL,22352,NP-JA,NA,2024-12-01,2024-12-31,2024,1,Total,Admin2,Month,MOH-NPL-2024-Y04-02,SEARO
NEPAL,MADHESH PROVINCE,RAUTAHAT,"NEPAL, MADHESH PROVINCE, RAUTAHAT",NPL,22352,NP-JA,NA,2024-12-01,2024-12-31,2024,0,Total,Admin2,Month,MOH-NPL-2024-Y04-02,SEARO
NEPAL,MADHESH PROVINCE,BARA,"NEPAL, MADHESH PROVINCE, BARA",NPL,22352,NP-JA,NA,2024-12-01,2024-12-31,2024,0,Total,Admin2,Month,MOH-NPL-2024-Y04-02,SEARO
NEPAL,MADHESH PROVINCE,PARSA,"NEPAL, MADHESH PROVINCE, PARSA",NPL,22352,NP-JA,NA,2024-12-01,2024-12-31,2024,0,Total,Admin2,Month,MOH-NPL-2024-Y04-02,SEARO
NEPAL,BAGMATI PROVINCE,DOLAKHA,"NEPAL, BAGMATI PROVINCE, DOLAKHA",NPL,22351,NP-BA,NA,2024-12-01,2024-12-31,2024,0,Total,Admin2,Month,MOH-NPL-2024-Y04-02,SEARO
NEPAL,BAGMATI PROVINCE,SINDHUPALCHOK,"NEPAL, BAGMATI PROVINCE, SINDHUPALCHOK",NPL,22351,NP-BA,NA,2024-12-01,2024-12-31,2024,1,Total,Admin2,Month,MOH-NPL-2024-Y04-02,SEARO
NEPAL,BAGMATI PROVINCE,RASUWA,"NEPAL, BAGMATI PROVINCE, RASUWA",NPL,22351,NP-BA,NA,2024-12-01,2024-12-31,2024,0,Total,Admin2,Month,MOH-NPL-2024-Y04-02,SEARO
NEPAL,BAGMATI PROVINCE,DHADING,"NEPAL, BAGMATI PROVINCE, DHADING",NPL,22351,NP-BA,NA,2024-12-01,2024-12-31,2024,2,Total,Admin2,Month,MOH-NPL-2024-Y04-02,SEARO
NEPAL,BAGMATI PROVINCE,NUWAKOT,"NEPAL, BAGMATI PROVINCE, NUWAKOT",NPL,22351,NP-BA,NA,2024-12-01,2024-12-31,2024,1,Total,Admin2,Month,MOH-NPL-2024-Y04-02,SEARO
NEPAL,BAGMATI PROVINCE,KATHMANDU,"NEPAL, BAGMATI PROVINCE, KATHMANDU",NPL,22351,NP-BA,NA,2024-12-01,2024-12-31,2024,28,Total,Admin2,Month,MOH-NPL-2024-Y04-02,SEARO
NEPAL,BAGMATI PROVINCE,BHAKTAPUR,"NEPAL, BAGMATI PROVINCE, BHAKTAPUR",NPL,22351,NP-BA,NA,2024-12-01,2024-12-31,2024,0,Total,Admin2,Month,MOH-NPL-2024-Y04-02,SEARO
NEPAL,BAGMATI PROVINCE,LALITPUR,"NEPAL, BAGMATI PROVINCE, LALITPUR",NPL,22351,NP-BA,NA,2024-12-01,2024-12-31,2024,3,Total,Admin2,Month,MOH-NPL-2024-Y04-02,SEARO
NEPAL,BAGMATI PROVINCE,KAVREPALANCHOK,"NEPAL, BAGMATI PROVINCE, KAVREPALANCHOK",NPL,22351,NP-BA,NA,2024-12-01,2024-12-31,2024,0,Total,Admin2,Month,MOH-NPL-2024-Y04-02,SEARO
NEPAL,BAGMATI PROVINCE,RAMECHHAP,"NEPAL, BAGMATI PROVINCE, RAMECHHAP",NPL,22351,NP-BA,NA,2024-12-01,2024-12-31,2024,0,Total,Admin2,Month,MOH-NPL-2024-Y04-02,SEARO
NEPAL,BAGMATI PROVINCE,SINDHULI,"NEPAL, BAGMATI PROVINCE, SINDHULI",NPL,22351,NP-BA,NA,2024-12-01,2024-12-31,2024,2,Total,Admin2,Month,MOH-NPL-2024-Y04-02,SEARO
NEPAL,BAGMATI PROVINCE,MAKWANPUR,"NEPAL, BAGMATI PROVINCE, MAKWANPUR",NPL,22351,NP-BA,NA,2024-12-01,2024-12-31,2024,0,Total,Admin2,Month,MOH-NPL-2024-Y04-02,SEARO
NEPAL,BAGMATI PROVINCE,CHITAWAN,"NEPAL, BAGMATI PROVINCE, CHITAWAN",NPL,22351,NP-BA,NA,2024-12-01,2024-12-31,2024,3,Total,Admin2,Month,MOH-NPL-2024-Y04-02,SEARO
NEPAL,GANDAKI PROVINCE,GORKHA,"NEPAL, GANDAKI PROVINCE, GORKHA",NPL,22363,NP-GA,NA,2024-12-01,2024-12-31,2024,2,Total,Admin2,Month,MOH-NPL-2024-Y04-02,SEARO
NEPAL,GANDAKI PROVINCE,MANANG,"NEPAL, GANDAKI PROVINCE, MANANG",NPL,22363,NP-GA,NA,2024-12-01,2024-12-31,2024,0,Total,Admin2,Month,MOH-NPL-2024-Y04-02,SEARO
NEPAL,GANDAKI PROVINCE,MUSTANG,"NEPAL, GANDAKI PROVINCE, MUSTANG",NPL,22363,NP-GA,NA,2024-12-01,2024-12-31,2024,0,Total,Admin2,Month,MOH-NPL-2024-Y04-02,SEARO
NEPAL,GANDAKI PROVINCE,MYAGDI,"NEPAL, GANDAKI PROVINCE, MYAGDI",NPL,22363,NP-GA,NA,2024-12-01,2024-12-31,2024,0,Total,Admin2,Month,MOH-NPL-2024-Y04-02,SEARO
NEPAL,GANDAKI PROVINCE,KASKI,"NEPAL, GANDAKI PROVINCE, KASKI",NPL,22363,NP-GA,NA,2024-12-01,2024-12-31,2024,11,Total,Admin2,Month,MOH-NPL-2024-Y04-02,SEARO
NEPAL,GANDAKI PROVINCE,LAMJUNG,"NEPAL, GANDAKI PROVINCE, LAMJUNG",NPL,22363,NP-GA,NA,2024-12-01,2024-12-31,2024,1,Total,Admin2,Month,MOH-NPL-2024-Y04-02,SEARO
NEPAL,GANDAKI PROVINCE,TANAHU,"NEPAL, GANDAKI PROVINCE, TANAHU",NPL,22363,NP-GA,NA,2024-12-01,2024-12-31,2024,3,Total,Admin2,Month,MOH-NPL-2024-Y04-02,SEARO
NEPAL,GANDAKI PROVINCE,NAWALPARASI EAST,"NEPAL, GANDAKI PROVINCE, NAWALPARASI EAST",NPL,22363,NP-GA,NA,2024-12-01,2024-12-31,2024,1,Total,Admin2,Month,MOH-NPL-2024-Y04-02,SEARO
NEPAL,GANDAKI PROVINCE,SYANGJA,"NEPAL, GANDAKI PROVINCE, SYANGJA",NPL,22363,NP-GA,NA,2024-12-01,2024-12-31,2024,1,Total,Admin2,Month,MOH-NPL-2024-Y04-02,SEARO
NEPAL,GANDAKI PROVINCE,PARBAT,"NEPAL, GANDAKI PROVINCE, PARBAT",NPL,22363,NP-GA,NA,2024-12-01,2024-12-31,2024,0,Total,Admin2,Month,MOH-NPL-2024-Y04-02,SEARO
NEPAL,GANDAKI PROVINCE,BAGLUNG,"NEPAL, GANDAKI PROVINCE, BAGLUNG",NPL,22363,NP-GA,NA,2024-12-01,2024-12-31,2024,0,Total,Admin2,Month,MOH-NPL-2024-Y04-02,SEARO
NEPAL,LUMBINI PROVINCE,RUKUM EAST,"NEPAL, LUMBINI PROVINCE, RUKUM EAST",NPL,22364,NP-LU,NA,2024-12-01,2024-12-31,2024,0,Total,Admin2,Month,MOH-NPL-2024-Y04-02,SEARO
NEPAL,LUMBINI PROVINCE,ROLPA,"NEPAL, LUMBINI PROVINCE, ROLPA",NPL,22364,NP-LU,NA,2024-12-01,2024-12-31,2024,0,Total,Admin2,Month,MOH-NPL-2024-Y04-02,SEARO
NEPAL,LUMBINI PROVINCE,PYUTHAN,"NEPAL, LUMBINI PROVINCE, PYUTHAN",NPL,22364,NP-LU,NA,2024-12-01,2024-12-31,2024,0,Total,Admin2,Month,MOH-NPL-2024-Y04-02,SEARO
NEPAL,LUMBINI PROVINCE,GULMI,"NEPAL, LUMBINI PROVINCE, GULMI",NPL,22364,NP-LU,NA,2024-12-01,2024-12-31,2024,0,Total,Admin2,Month,MOH-NPL-2024-Y04-02,SEARO
NEPAL,LUMBINI PROVINCE,ARGHAKHANCHI,"NEPAL, LUMBINI PROVINCE, ARGHAKHANCHI",NPL,22364,NP-LU,NA,2024-12-01,2024-12-31,2024,0,Total,Admin2,Month,MOH-NPL-2024-Y04-02,SEARO
NEPAL,LUMBINI PROVINCE,PALPA,"NEPAL, LUMBINI PROVINCE, PALPA",NPL,22364,NP-LU,NA,2024-12-01,2024-12-31,2024,0,Total,Admin2,Month,MOH-NPL-2024-Y04-02,SEARO
NEPAL,LUMBINI PROVINCE,NAWALPARASI WEST,"NEPAL, LUMBINI PROVINCE, NAWALPARASI WEST",NPL,22364,NP-LU,NA,2024-12-01,2024-12-31,2024,1,Total,Admin2,Month,MOH-NPL-2024-Y04-02,SEARO
NEPAL,LUMBINI PROVINCE,RUPANDEHI,"NEPAL, LUMBINI PROVINCE, RUPANDEHI",NPL,22364,NP-LU,NA,2024-12-01,2024-12-31,2024,0,Total,Admin2,Month,MOH-NPL-2024-Y04-02,SEARO
NEPAL,LUMBINI PROVINCE,KAPILBASTU,"NEPAL, LUMBINI PROVINCE, KAPILBASTU",NPL,22364,NP-LU,NA,2024-12-01,2024-12-31,2024,0,Total,Admin2,Month,MOH-NPL-2024-Y04-02,SEARO
NEPAL,LUMBINI PROVINCE,DANG,"NEPAL, LUMBINI PROVINCE, DANG",NPL,22364,NP-LU,NA,2024-12-01,2024-12-31,2024,0,Total,Admin2,Month,MOH-NPL-2024-Y04-02,SEARO
NEPAL,LUMBINI PROVINCE,BANKE,"NEPAL, LUMBINI PROVINCE, BANKE",NPL,22364,NP-LU,NA,2024-12-01,2024-12-31,2024,0,Total,Admin2,Month,MOH-NPL-2024-Y04-02,SEARO
NEPAL,LUMBINI PROVINCE,BARDIYA,"NEPAL, LUMBINI PROVINCE, BARDIYA",NPL,22364,NP-LU,NA,2024-12-01,2024-12-31,2024,2,Total,Admin2,Month,MOH-NPL-2024-Y04-02,SEARO
NEPAL,KARNALI PROVINCE,DOLPA,"NEPAL, KARNALI PROVINCE, DOLPA",NPL,22359,NP-KA,NA,2024-12-01,2024-12-31,2024,0,Total,Admin2,Month,MOH-NPL-2024-Y04-02,SEARO
NEPAL,KARNALI PROVINCE,MUGU,"NEPAL, KARNALI PROVINCE, MUGU",NPL,22359,NP-KA,NA,2024-12-01,2024-12-31,2024,0,Total,Admin2,Month,MOH-NPL-2024-Y04-02,SEARO
NEPAL,KARNALI PROVINCE,HUMLA,"NEPAL, KARNALI PROVINCE, HUMLA",NPL,22359,NP-KA,NA,2024-12-01,2024-12-31,2024,0,Total,Admin2,Month,MOH-NPL-2024-Y04-02,SEARO
NEPAL,KARNALI PROVINCE,JUMLA,"NEPAL, KARNALI PROVINCE, JUMLA",NPL,22359,NP-KA,NA,2024-12-01,2024-12-31,2024,0,Total,Admin2,Month,MOH-NPL-2024-Y04-02,SEARO
NEPAL,KARNALI PROVINCE,KALIKOT,"NEPAL, KARNALI PROVINCE, KALIKOT",NPL,22359,NP-KA,NA,2024-12-01,2024-12-31,2024,0,Total,Admin2,Month,MOH-NPL-2024-Y04-02,SEARO
NEPAL,KARNALI PROVINCE,DAILEKH,"NEPAL, KARNALI PROVINCE, DAILEKH",NPL,22359,NP-KA,NA,2024-12-01,2024-12-31,2024,0,Total,Admin2,Month,MOH-NPL-2024-Y04-02,SEARO
NEPAL,KARNALI PROVINCE,JAJARKOT,"NEPAL, KARNALI PROVINCE, JAJARKOT",NPL,22359,NP-KA,NA,2024-12-01,2024-12-31,2024,0,Total,Admin2,Month,MOH-NPL-2024-Y04-02,SEARO
NEPAL,KARNALI PROVINCE,RUKUM WEST,"NEPAL, KARNALI PROVINCE, RUKUM WEST",NPL,22359,NP-KA,NA,2024-12-01,2024-12-31,2024,0,Total,Admin2,Month,MOH-NPL-2024-Y04-02,SEARO
NEPAL,KARNALI PROVINCE,SALYAN,"NEPAL, KARNALI PROVINCE, SALYAN",NPL,22359,NP-KA,NA,2024-12-01,2024-12-31,2024,0,Total,Admin2,Month,MOH-NPL-2024-Y04-02,SEARO
NEPAL,KARNALI PROVINCE,SURKHET,"NEPAL, KARNALI PROVINCE, SURKHET",NPL,22359,NP-KA,NA,2024-12-01,2024-12-31,2024,0,Total,Admin2,Month,MOH-NPL-2024-Y04-02,SEARO
NEPAL,SUDUR PASHCHIM PROVINCE,BAJURA,"NEPAL, SUDUR PASHCHIM PROVINCE, BAJURA",NPL,22357,NP-MA,NA,2024-12-01,2024-12-31,2024,0,Total,Admin2,Month,MOH-NPL-2024-Y04-02,SEARO
NEPAL,SUDUR PASHCHIM PROVINCE,BAJHANG,"NEPAL, SUDUR PASHCHIM PROVINCE, BAJHANG",NPL,22357,NP-MA,NA,2024-12-01,2024-12-31,2024,0,Total,Admin2,Month,MOH-NPL-2024-Y04-02,SEARO
NEPAL,SUDUR PASHCHIM PROVINCE,DARCHULA,"NEPAL, SUDUR PASHCHIM PROVINCE, DARCHULA",NPL,22357,NP-MA,NA,2024-12-01,2024-12-31,2024,0,Total,Admin2,Month,MOH-NPL-2024-Y04-02,SEARO
NEPAL,SUDUR PASHCHIM PROVINCE,BAITADI,"NEPAL, SUDUR PASHCHIM PROVINCE, BAITADI",NPL,22357,NP-MA,NA,2024-12-01,2024-12-31,2024,0,Total,Admin2,Month,MOH-NPL-2024-Y04-02,SEARO
NEPAL,SUDUR PASHCHIM PROVINCE,DADELDHURA,"NEPAL, SUDUR PASHCHIM PROVINCE, DADELDHURA",NPL,22357,NP-MA,NA,2024-12-01,2024-12-31,2024,0,Total,Admin2,Month,MOH-NPL-2024-Y04-02,SEARO
NEPAL,SUDUR PASHCHIM PROVINCE,DOTI,"NEPAL, SUDUR PASHCHIM PROVINCE, DOTI",NPL,22357,NP-MA,NA,2024-12-01,2024-12-31,2024,1,Total,Admin2,Month,MOH-NPL-2024-Y04-02,SEARO
NEPAL,SUDUR PASHCHIM PROVINCE,ACHHAM,"NEPAL, SUDUR PASHCHIM PROVINCE, ACHHAM",NPL,22357,NP-MA,NA,2024-12-01,2024-12-31,2024,0,Total,Admin2,Month,MOH-NPL-2024-Y04-02,SEARO
NEPAL,SUDUR PASHCHIM PROVINCE,KAILALI,"NEPAL, SUDUR PASHCHIM PROVINCE, KAILALI",NPL,22357,NP-MA,NA,2024-12-01,2024-12-31,2024,1,Total,Admin2,Month,MOH-NPL-2024-Y04-02,SEARO
NEPAL,SUDUR PASHCHIM PROVINCE,KANCHANPUR,"NEPAL, SUDUR PASHCHIM PROVINCE, KANCHANPUR",NPL,22357,NP-MA,NA,2024-12-01,2024-12-31,2024,0,Total,Admin2,Month,MOH-NPL-2024-Y04-02,SEARO
NEPAL,NA,NA,NEPAL,NPL,175,NPL,NA,2025-01-01,2025-01-31,2025,251,Total,Admin0,Month,WHO-ALL-2025-Y01-00,SEARO
NEPAL,NA,NA,NEPAL,NPL,175,NPL,NA,2025-02-01,2025-02-28,2025,245,Total,Admin0,Month,WHO-ALL-2025-Y01-00,SEARO
NEPAL,NA,NA,NEPAL,NPL,175,NPL,NA,2025-03-01,2025-03-31,2025,240,Total,Admin0,Month,WHO-ALL-2025-Y01-00,SEARO
NEPAL,BAGMATI PROVINCE,RAMECHHAP,"NEPAL, BAGMATI PROVINCE, RAMECHHAP",NPL,22351,NP-BA,NA,2022-01-01,2022-01-31,2022,0,Total,Admin2,Month,MOH-NPL-2022-Y04-00,SEARO
NEPAL,BAGMATI PROVINCE,RASUWA,"NEPAL, BAGMATI PROVINCE, RASUWA",NPL,22351,NP-BA,NA,2022-01-01,2022-01-31,2022,0,Total,Admin2,Month,MOH-NPL-2022-Y04-00,SEARO
NEPAL,MADHESH PROVINCE,RAUTAHAT,"NEPAL, MADHESH PROVINCE, RAUTAHAT",NPL,22352,NP-JA,NA,2022-01-01,2022-01-31,2022,0,Total,Admin2,Month,MOH-NPL-2022-Y04-00,SEARO
NEPAL,LUMBINI PROVINCE,ROLPA,"NEPAL, LUMBINI PROVINCE, ROLPA",NPL,22364,NP-LU,NA,2022-01-01,2022-01-31,2022,0,Total,Admin2,Month,MOH-NPL-2022-Y04-00,SEARO
NEPAL,LUMBINI PROVINCE,RUKUM EAST,"NEPAL, LUMBINI PROVINCE, RUKUM EAST",NPL,22364,NP-LU,NA,2022-01-01,2022-01-31,2022,0,Total,Admin2,Month,MOH-NPL-2022-Y04-00,SEARO
NEPAL,KARNALI PROVINCE,RUKUM WEST,"NEPAL, KARNALI PROVINCE, RUKUM WEST",NPL,22359,NP-KA,NA,2022-01-01,2022-01-31,2022,0,Total,Admin2,Month,MOH-NPL-2022-Y04-00,SEARO
NEPAL,LUMBINI PROVINCE,RUPANDEHI,"NEPAL, LUMBINI PROVINCE, RUPANDEHI",NPL,22364,NP-LU,NA,2022-01-01,2022-01-31,2022,1,Total,Admin2,Month,MOH-NPL-2022-Y04-00,SEARO
NEPAL,KARNALI PROVINCE,SALYAN,"NEPAL, KARNALI PROVINCE, SALYAN",NPL,22359,NP-KA,NA,2022-01-01,2022-01-31,2022,0,Total,Admin2,Month,MOH-NPL-2022-Y04-00,SEARO
NEPAL,KOSHI PROVINCE,SANKHUWASABHA,"NEPAL, KOSHI PROVINCE, SANKHUWASABHA",NPL,22354,NP-KO,NA,2022-01-01,2022-01-31,2022,0,Total,Admin2,Month,MOH-NPL-2022-Y04-00,SEARO
NEPAL,MADHESH PROVINCE,SAPTARI,"NEPAL, MADHESH PROVINCE, SAPTARI",NPL,22352,NP-JA,NA,2022-01-01,2022-01-31,2022,0,Total,Admin2,Month,MOH-NPL-2022-Y04-00,SEARO
NEPAL,MADHESH PROVINCE,SARLAHI,"NEPAL, MADHESH PROVINCE, SARLAHI",NPL,22352,NP-JA,NA,2022-01-01,2022-01-31,2022,0,Total,Admin2,Month,MOH-NPL-2022-Y04-00,SEARO
NEPAL,BAGMATI PROVINCE,SINDHULI,"NEPAL, BAGMATI PROVINCE, SINDHULI",NPL,22351,NP-BA,NA,2022-01-01,2022-01-31,2022,0,Total,Admin2,Month,MOH-NPL-2022-Y04-00,SEARO
NEPAL,BAGMATI PROVINCE,SINDHUPALCHOK,"NEPAL, BAGMATI PROVINCE, SINDHUPALCHOK",NPL,22351,NP-BA,NA,2022-01-01,2022-01-31,2022,0,Total,Admin2,Month,MOH-NPL-2022-Y04-00,SEARO
NEPAL,MADHESH PROVINCE,SIRAHA,"NEPAL, MADHESH PROVINCE, SIRAHA",NPL,22352,NP-JA,NA,2022-01-01,2022-01-31,2022,0,Total,Admin2,Month,MOH-NPL-2022-Y04-00,SEARO
NEPAL,KOSHI PROVINCE,SOLUKHUMBU,"NEPAL, KOSHI PROVINCE, SOLUKHUMBU",NPL,22354,NP-KO,NA,2022-01-01,2022-01-31,2022,0,Total,Admin2,Month,MOH-NPL-2022-Y04-00,SEARO
NEPAL,KOSHI PROVINCE,SUNSARI,"NEPAL, KOSHI PROVINCE, SUNSARI",NPL,22354,NP-KO,NA,2022-01-01,2022-01-31,2022,0,Total,Admin2,Month,MOH-NPL-2022-Y04-00,SEARO
NEPAL,KARNALI PROVINCE,SURKHET,"NEPAL, KARNALI PROVINCE, SURKHET",NPL,22359,NP-KA,NA,2022-01-01,2022-01-31,2022,0,Total,Admin2,Month,MOH-NPL-2022-Y04-00,SEARO
NEPAL,GANDAKI PROVINCE,SYANGJA,"NEPAL, GANDAKI PROVINCE, SYANGJA",NPL,22363,NP-GA,NA,2022-01-01,2022-01-31,2022,0,Total,Admin2,Month,MOH-NPL-2022-Y04-00,SEARO
NEPAL,GANDAKI PROVINCE,TANAHU,"NEPAL, GANDAKI PROVINCE, TANAHU",NPL,22363,NP-GA,NA,2022-01-01,2022-01-31,2022,0,Total,Admin2,Month,MOH-NPL-2022-Y04-00,SEARO
NEPAL,KOSHI PROVINCE,TAPLEJUNG,"NEPAL, KOSHI PROVINCE, TAPLEJUNG",NPL,22354,NP-KO,NA,2022-01-01,2022-01-31,2022,0,Total,Admin2,Month,MOH-NPL-2022-Y04-00,SEARO
NEPAL,BAGMATI PROVINCE,KAVREPALANCHOK,"NEPAL, BAGMATI PROVINCE, KAVREPALANCHOK",NPL,22351,NP-BA,NA,2022-01-01,2022-01-31,2022,0,Total,Admin2,Month,MOH-NPL-2022-Y04-00,SEARO
NEPAL,KOSHI PROVINCE,KHOTANG,"NEPAL, KOSHI PROVINCE, KHOTANG",NPL,22354,NP-KO,NA,2022-01-01,2022-01-31,2022,0,Total,Admin2,Month,MOH-NPL-2022-Y04-00,SEARO
NEPAL,BAGMATI PROVINCE,LALITPUR,"NEPAL, BAGMATI PROVINCE, LALITPUR",NPL,22351,NP-BA,NA,2022-01-01,2022-01-31,2022,0,Total,Admin2,Month,MOH-NPL-2022-Y04-00,SEARO
NEPAL,GANDAKI PROVINCE,LAMJUNG,"NEPAL, GANDAKI PROVINCE, LAMJUNG",NPL,22363,NP-GA,NA,2022-01-01,2022-01-31,2022,0,Total,Admin2,Month,MOH-NPL-2022-Y04-00,SEARO
NEPAL,MADHESH PROVINCE,MAHOTTARI,"NEPAL, MADHESH PROVINCE, MAHOTTARI",NPL,22352,NP-JA,NA,2022-01-01,2022-01-31,2022,0,Total,Admin2,Month,MOH-NPL-2022-Y04-00,SEARO
NEPAL,BAGMATI PROVINCE,MAKWANPUR,"NEPAL, BAGMATI PROVINCE, MAKWANPUR",NPL,22351,NP-BA,NA,2022-01-01,2022-01-31,2022,0,Total,Admin2,Month,MOH-NPL-2022-Y04-00,SEARO
NEPAL,GANDAKI PROVINCE,MANANG,"NEPAL, GANDAKI PROVINCE, MANANG",NPL,22363,NP-GA,NA,2022-01-01,2022-01-31,2022,0,Total,Admin2,Month,MOH-NPL-2022-Y04-00,SEARO
NEPAL,KOSHI PROVINCE,MORANG,"NEPAL, KOSHI PROVINCE, MORANG",NPL,22354,NP-KO,NA,2022-01-01,2022-01-31,2022,1,Total,Admin2,Month,MOH-NPL-2022-Y04-00,SEARO
NEPAL,KARNALI PROVINCE,MUGU,"NEPAL, KARNALI PROVINCE, MUGU",NPL,22359,NP-KA,NA,2022-01-01,2022-01-31,2022,0,Total,Admin2,Month,MOH-NPL-2022-Y04-00,SEARO
NEPAL,GANDAKI PROVINCE,MUSTANG,"NEPAL, GANDAKI PROVINCE, MUSTANG",NPL,22363,NP-GA,NA,2022-01-01,2022-01-31,2022,0,Total,Admin2,Month,MOH-NPL-2022-Y04-00,SEARO
NEPAL,GANDAKI PROVINCE,MYAGDI,"NEPAL, GANDAKI PROVINCE, MYAGDI",NPL,22363,NP-GA,NA,2022-01-01,2022-01-31,2022,0,Total,Admin2,Month,MOH-NPL-2022-Y04-00,SEARO
NEPAL,GANDAKI PROVINCE,NAWALPARASI EAST,"NEPAL, GANDAKI PROVINCE, NAWALPARASI EAST",NPL,22363,NP-GA,NA,2022-01-01,2022-01-31,2022,0,Total,Admin2,Month,MOH-NPL-2022-Y04-00,SEARO
NEPAL,LUMBINI PROVINCE,NAWALPARASI WEST,"NEPAL, LUMBINI PROVINCE, NAWALPARASI WEST",NPL,22364,NP-LU,NA,2022-01-01,2022-01-31,2022,0,Total,Admin2,Month,MOH-NPL-2022-Y04-00,SEARO
NEPAL,BAGMATI PROVINCE,NUWAKOT,"NEPAL, BAGMATI PROVINCE, NUWAKOT",NPL,22351,NP-BA,NA,2022-01-01,2022-01-31,2022,0,Total,Admin2,Month,MOH-NPL-2022-Y04-00,SEARO
NEPAL,KOSHI PROVINCE,OKHALDHUNGA,"NEPAL, KOSHI PROVINCE, OKHALDHUNGA",NPL,22354,NP-KO,NA,2022-01-01,2022-01-31,2022,0,Total,Admin2,Month,MOH-NPL-2022-Y04-00,SEARO
NEPAL,LUMBINI PROVINCE,PALPA,"NEPAL, LUMBINI PROVINCE, PALPA",NPL,22364,NP-LU,NA,2022-01-01,2022-01-31,2022,0,Total,Admin2,Month,MOH-NPL-2022-Y04-00,SEARO
NEPAL,KOSHI PROVINCE,PANCHTHAR,"NEPAL, KOSHI PROVINCE, PANCHTHAR",NPL,22354,NP-KO,NA,2022-01-01,2022-01-31,2022,0,Total,Admin2,Month,MOH-NPL-2022-Y04-00,SEARO
NEPAL,GANDAKI PROVINCE,PARBAT,"NEPAL, GANDAKI PROVINCE, PARBAT",NPL,22363,NP-GA,NA,2022-01-01,2022-01-31,2022,0,Total,Admin2,Month,MOH-NPL-2022-Y04-00,SEARO
NEPAL,MADHESH PROVINCE,PARSA,"NEPAL, MADHESH PROVINCE, PARSA",NPL,22352,NP-JA,NA,2022-01-01,2022-01-31,2022,0,Total,Admin2,Month,MOH-NPL-2022-Y04-00,SEARO
NEPAL,LUMBINI PROVINCE,PYUTHAN,"NEPAL, LUMBINI PROVINCE, PYUTHAN",NPL,22364,NP-LU,NA,2022-01-01,2022-01-31,2022,1,Total,Admin2,Month,MOH-NPL-2022-Y04-00,SEARO
NEPAL,KOSHI PROVINCE,UDAYAPUR,"NEPAL, KOSHI PROVINCE, UDAYAPUR",NPL,22354,NP-KO,NA,2022-01-01,2022-01-31,2022,0,Total,Admin2,Month,MOH-NPL-2022-Y04-00,SEARO
NEPAL,NA,NA,NEPAL,NPL,175,NPL,NA,2022-02-01,2022-02-28,2022,0,Total,Admin0,Month,WHO-ALL-2025-Y01-00,SEARO
NEPAL,KOSHI PROVINCE,TERHATHUM,"NEPAL, KOSHI PROVINCE, TERHATHUM",NPL,22354,NP-KO,NA,2022-01-01,2022-01-31,2022,0,Total,Admin2,Month,MOH-NPL-2022-Y04-00,SEARO