calendar_start_date,calendar_end_date,Year,dengue_total,Location,Month,LONGITUDE,LATITUDE
2022-01-01,2022-01-31,2022,0,ACHHAM,Jan,81.29952,29.113168
2022-01-01,2022-01-31,2022,0,ARGHAKHANCHI,Jan,83.076443,27.918388
2022-01-01,2022-01-31,2022,0,BAGLUNG,Jan,83.256547,28.345703
2022-01-01,2022-01-31,2022,0,BAITADI,Jan,80.571334,29.505689
2022-01-01,2022-01-31,2022,1,BAJHANG,Jan,81.180034,29.707134
2022-01-01,2022-01-31,2022,0,BAJURA,Jan,81.566283,29.560904
2022-01-01,2022-01-31,2022,0,BANKE,Jan,81.830504,28.086028
2022-01-01,2022-01-31,2022,1,BARA,Jan,85.073668,27.109349
2022-01-01,2022-01-31,2022,0,BARDIYA,Jan,81.40222,28.38422
2022-01-01,2022-01-31,2022,0,BHAKTAPUR,Jan,85.445311,27.6795
2022-01-01,2022-01-31,2022,0,BHOJPUR,Jan,87.071122,27.180289
2022-01-01,2022-01-31,2022,0,CHITAWAN,Jan,,
2022-01-01,2022-01-31,2022,0,DADELDHURA,Jan,80.488304,29.223501
2022-01-01,2022-01-31,2022,0,DAILEKH,Jan,81.678239,28.877029
2022-01-01,2022-01-31,2022,0,DANG,Jan,82.420482,27.962621
2022-01-01,2022-01-31,2022,0,DARCHULA,Jan,80.791568,29.945575
2022-01-01,2022-01-31,2022,0,DHADING,Jan,84.964879,27.95042
2022-01-01,2022-01-31,2022,0,DHANKUTA,Jan,87.334262,26.990685
2022-01-01,2022-01-31,2022,0,DHANUSA,Jan,86.036497,26.828948
2022-01-01,2022-01-31,2022,0,DOLAKHA,Jan,86.197848,27.783458
2022-01-01,2022-01-31,2022,0,DOLPA,Jan,83.054405,29.169521
2022-01-01,2022-01-31,2022,0,DOTI,Jan,80.897056,29.168335
2022-01-01,2022-01-31,2022,0,GORKHA,Jan,84.793552,28.319303
2022-01-01,2022-01-31,2022,0,GULMI,Jan,83.30513,28.093454
2022-01-01,2022-01-31,2022,0,HUMLA,Jan,81.882531,30.031208
2022-01-01,2022-01-31,2022,0,ILAM,Jan,87.907374,26.878962
2022-01-01,2022-01-31,2022,0,JAJARKOT,Jan,82.168636,28.864551
2022-01-01,2022-01-31,2022,1,JHAPA,Jan,87.916711,26.579753
2022-01-01,2022-01-31,2022,1,JUMLA,Jan,82.21957,29.271308
2022-01-01,2022-01-31,2022,2,KAILALI,Jan,80.878301,28.743337
2022-01-01,2022-01-31,2022,0,KALIKOT,Jan,81.753844,29.193673
2022-01-01,2022-01-31,2022,2,KANCHANPUR,Jan,80.324299,28.862625
2022-01-01,2022-01-31,2022,0,KAPILBASTU,Jan,,
2022-01-01,2022-01-31,2022,0,KASKI,Jan,84.001131,28.354534
2022-01-01,2022-01-31,2022,0,KATHMANDU,Jan,85.337535,27.724655
2022-02-01,2022-02-28,2022,0,ACHHAM,Feb,81.29952,29.113168
2022-02-01,2022-02-28,2022,0,ARGHAKHANCHI,Feb,83.076443,27.918388
2022-02-01,2022-02-28,2022,0,BAGLUNG,Feb,83.256547,28.345703
2022-02-01,2022-02-28,2022,0,BAITADI,Feb,80.571334,29.505689
2022-02-01,2022-02-28,2022,0,BAJHANG,Feb,81.180034,29.707134
2022-02-01,2022-02-28,2022,0,BAJURA,Feb,81.566283,29.560904
2022-02-01,2022-02-28,2022,1,BANKE,Feb,81.830504,28.086028
2022-02-01,2022-02-28,2022,0,BARA,Feb,85.073668,27.109349
2022-02-01,2022-02-28,2022,0,BARDIYA,Feb,81.40222,28.38422
2022-02-01,2022-02-28,2022,0,BHAKTAPUR,Feb,85.445311,27.6795
2022-02-01,2022-02-28,2022,0,BHOJPUR,Feb,87.071122,27.180289
2022-02-01,2022-02-28,2022,0,CHITAWAN,Feb,,
2022-02-01,2022-02-28,2022,0,DADELDHURA,Feb,80.488304,29.223501
2022-02-01,2022-02-28,2022,0,DAILEKH,Feb,81.678239,28.877029
2022-02-01,2022-02-28,2022,0,DANG,Feb,82.420482,27.962621
2022-02-01,2022-02-28,2022,0,DARCHULA,Feb,80.791568,29.945575
2022-02-01,2022-02-28,2022,0,DHADING,Feb,84.964879,27.95042
2022-02-01,2022-02-28,2022,0,DHANKUTA,Feb,87.334262,26.990685
2022-02-01,2022-02-28,2022,0,DHANUSA,Feb,86.036497,26.828948
2022-02-01,2022-02-28,2022,0,DOLAKHA,Feb,86.197848,27.783458
2022-02-01,2022-02-28,2022,0,DOLPA,Feb,83.054405,29.169521
2022-02-01,2022-02-28,2022,0,DOTI,Feb,80.897056,29.168335
2022-02-01,2022-02-28,2022,0,GORKHA,Feb,84.793552,28.319303
2022-02-01,2022-02-28,2022,0,GULMI,Feb,83.30513,28.093454
2022-02-01,2022-02-28,2022,0,HUMLA,Feb,81.882531,30.031208
2022-02-01,2022-02-28,2022,0,ILAM,Feb,87.907374,26.878962
2022-02-01,2022-02-28,2022,0,JAJARKOT,Feb,82.168636,28.864551
2022-02-01,2022-02-28,2022,0,JHAPA,Feb,87.916711,26.579753
2022-02-01,2022-02-28,2022,0,JUMLA,Feb,82.21957,29.271308
2022-02-01,2022-02-28,2022,0,KAILALI,Feb,80.878301,28.743337
2022-02-01,2022-02-28,2022,0,KALIKOT,Feb,81.753844,29.193673
2022-02-01,2022-02-28,2022,0,KANCHANPUR,Feb,80.324299,28.862625
2022-02-01,2022-02-28,2022,0,KAPILBASTU,Feb,,
2022-02-01,2022-02-28,2022,0,KASKI,Feb,84.001131,28.354534
2022-02-01,2022-02-28,2022,0,KATHMANDU,Feb,85.337535,27.724655
2022-02-01,2022-02-28,2022,0,KAVREPALANCHOK,Feb,,
2022-02-01,2022-02-28,2022,0,KHOTANG,Feb,86.790407,27.169442
2022-02-01,2022-02-28,2022,0,LALITPUR,Feb,85.344018,27.538779
2022-02-01,2022-02-28,2022,0,LAMJUNG,Feb,84.432971,28.291796
2022-02-01,2022-02-28,2022,0,MAHOTTARI,Feb,85.822562,26.882985
2022-02-01,2022-02-28,2022,0,MAKWANPUR,Feb,85.082346,27.469566
2022-02-01,2022-02-28,2022,0,MANANG,Feb,84.227051,28.675036
2022-02-01,2022-02-28,2022,0,MORANG,Feb,87.475601,26.617225
2022-02-01,2022-02-28,2022,0,MUGU,Feb,82.372693,29.616606
2022-02-01,2022-02-28,2022,0,MUSTANG,Feb,83.860701,28.981976
2022-02-01,2022-02-28,2022,0,MYAGDI,Feb,83.463235,28.553413
2022-02-01,2022-02-28,2022,0,NAWALPARASI EAST,Feb,,
2022-02-01,2022-02-28,2022,0,NAWALPARASI WEST,Feb,,
2022-02-01,2022-02-28,2022,0,NUWAKOT,Feb,85.239025,27.914061
2022-02-01,2022-02-28,2022,0,OKHALDHUNGA,Feb,86.422053,27.331392
2022-02-01,2022-02-28,2022,1,PALPA,Feb,83.62831,27.818697
2022-02-01,2022-02-28,2022,0,PANCHTHAR,Feb,87.778168,27.115081
2022-02-01,2022-02-28,2022,0,PARBAT,Feb,83.683179,28.20933
2022-02-01,2022-02-28,2022,0,PARSA,Feb,84.783053,27.239238
2022-02-01,2022-02-28,2022,0,PYUTHAN,Feb,82.869222,28.118369
2022-02-01,2022-02-28,2022,1,RAMECHHAP,Feb,86.173577,27.507863
2022-02-01,2022-02-28,2022,0,RASUWA,Feb,85.41387,28.182702
2022-02-01,2022-02-28,2022,0,RAUTAHAT,Feb,85.305507,27.001849
2022-02-01,2022-02-28,2022,0,ROLPA,Feb,82.628029,28.343082
2022-02-01,2022-02-28,2022,0,RUKUM EAST,Feb,,
2022-02-01,2022-02-28,2022,0,RUKUM WEST,Feb,,
2022-02-01,2022-02-28,2022,0,RUPANDEHI,Feb,83.392355,27.581545
2022-02-01,2022-02-28,2022,0,SALYAN,Feb,82.139943,28.397336
2022-02-01,2022-02-28,2022,0,SANKHUWASABHA,Feb,87.281184,27.582168
2022-02-01,2022-02-28,2022,0,SAPTARI,Feb,86.72823,26.615953
2022-02-01,2022-02-28,2022,0,SARLAHI,Feb,85.566797,26.984775
2022-02-01,2022-02-28,2022,0,SINDHULI,Feb,85.946616,27.201411
2022-02-01,2022-02-28,2022,0,SINDHUPALCHOK,Feb,85.74062,27.913547
2022-02-01,2022-02-28,2022,0,SIRAHA,Feb,86.343228,26.756668
2022-02-01,2022-02-28,2022,0,SOLUKHUMBU,Feb,86.720435,27.712277
2022-02-01,2022-02-28,2022,0,SUNSARI,Feb,87.168075,26.650183
2022-02-01,2022-02-28,2022,0,SURKHET,Feb,81.588747,28.638041
2022-02-01,2022-02-28,2022,0,SYANGJA,Feb,83.807148,28.020918
2022-02-01,2022-02-28,2022,0,TANAHU,Feb,84.255788,27.955238
2022-02-01,2022-02-28,2022,0,TAPLEJUNG,Feb,87.82392,27.581409
2022-02-01,2022-02-28,2022,0,TERHATHUM,Feb,,
2022-02-01,2022-02-28,2022,0,UDAYAPUR,Feb,86.699994,26.912892
2022-03-01,2022-03-31,2022,0,ACHHAM,Mar,81.29952,29.113168
2022-03-01,2022-03-31,2022,0,ARGHAKHANCHI,Mar,83.076443,27.918388
2022-03-01,2022-03-31,2022,0,BAGLUNG,Mar,83.256547,28.345703
2022-03-01,2022-03-31,2022,0,BAITADI,Mar,80.571334,29.505689
2022-03-01,2022-03-31,2022,0,BAJHANG,Mar,81.180034,29.707134
2022-03-01,2022-03-31,2022,0,BAJURA,Mar,81.566283,29.560904
2022-03-01,2022-03-31,2022,0,BANKE,Mar,81.830504,28.086028
2022-03-01,2022-03-31,2022,0,BARA,Mar,85.073668,27.109349
2022-03-01,2022-03-31,2022,7,BARDIYA,Mar,81.40222,28.38422
2022-03-01,2022-03-31,2022,0,BHAKTAPUR,Mar,85.445311,27.6795
2022-03-01,2022-03-31,2022,0,BHOJPUR,Mar,87.071122,27.180289
2022-03-01,2022-03-31,2022,0,CHITAWAN,Mar,,
2022-03-01,2022-03-31,2022,0,DADELDHURA,Mar,80.488304,29.223501
2022-03-01,2022-03-31,2022,0,DAILEKH,Mar,81.678239,28.877029
2022-03-01,2022-03-31,2022,0,DANG,Mar,82.420482,27.962621
2022-03-01,2022-03-31,2022,0,DARCHULA,Mar,80.791568,29.945575
2022-03-01,2022-03-31,2022,0,DHADING,Mar,84.964879,27.95042
2022-03-01,2022-03-31,2022,0,DHANKUTA,Mar,87.334262,26.990685
2022-03-01,2022-03-31,2022,1,DHANUSA,Mar,86.036497,26.828948
2022-03-01,2022-03-31,2022,0,DOLAKHA,Mar,86.197848,27.783458
2022-03-01,2022-03-31,2022,0,DOLPA,Mar,83.054405,29.169521
2022-03-01,2022-03-31,2022,0,DOTI,Mar,80.897056,29.168335
2022-03-01,2022-03-31,2022,0,GORKHA,Mar,84.793552,28.319303
2022-03-01,2022-03-31,2022,0,GULMI,Mar,83.30513,28.093454
2022-03-01,2022-03-31,2022,0,HUMLA,Mar,81.882531,30.031208
2022-03-01,2022-03-31,2022,0,ILAM,Mar,87.907374,26.878962
2022-03-01,2022-03-31,2022,0,JAJARKOT,Mar,82.168636,28.864551
2022-03-01,2022-03-31,2022,1,JHAPA,Mar,87.916711,26.579753
2022-03-01,2022-03-31,2022,0,JUMLA,Mar,82.21957,29.271308
2022-03-01,2022-03-31,2022,1,KAILALI,Mar,80.878301,28.743337
2022-03-01,2022-03-31,2022,0,KALIKOT,Mar,81.753844,29.193673
2022-03-01,2022-03-31,2022,0,KANCHANPUR,Mar,80.324299,28.862625
2022-03-01,2022-03-31,2022,1,KAPILBASTU,Mar,,
2022-03-01,2022-03-31,2022,0,KASKI,Mar,84.001131,28.354534
2022-03-01,2022-03-31,2022,0,KATHMANDU,Mar,85.337535,27.724655
2022-03-01,2022-03-31,2022,0,KAVREPALANCHOK,Mar,,
2022-03-01,2022-03-31,2022,0,KHOTANG,Mar,86.790407,27.169442
2022-03-01,2022-03-31,2022,0,LALITPUR,Mar,85.344018,27.538779
2022-03-01,2022-03-31,2022,0,LAMJUNG,Mar,84.432971,28.291796
2022-03-01,2022-03-31,2022,0,MAHOTTARI,Mar,85.822562,26.882985
2022-03-01,2022-03-31,2022,0,MAKWANPUR,Mar,85.082346,27.469566
2022-03-01,2022-03-31,2022,0,MANANG,Mar,84.227051,28.675036
2022-03-01,2022-03-31,2022,0,MORANG,Mar,87.475601,26.617225
2022-03-01,2022-03-31,2022,0,MUGU,Mar,82.372693,29.616606
2022-03-01,2022-03-31,2022,0,MUSTANG,Mar,83.860701,28.981976
2022-03-01,2022-03-31,2022,0,MYAGDI,Mar,83.463235,28.553413
2022-03-01,2022-03-31,2022,0,NAWALPARASI EAST,Mar,,
2022-03-01,2022-03-31,2022,0,NAWALPARASI WEST,Mar,,
2022-03-01,2022-03-31,2022,0,NUWAKOT,Mar,85.239025,27.914061
2022-03-01,2022-03-31,2022,0,OKHALDHUNGA,Mar,86.422053,27.331392
2022-03-01,2022-03-31,2022,1,PALPA,Mar,83.62831,27.818697
2022-03-01,2022-03-31,2022,0,PANCHTHAR,Mar,87.778168,27.115081
2022-03-01,2022-03-31,2022,0,PARBAT,Mar,83.683179,28.20933
2022-03-01,2022-03-31,2022,0,PARSA,Mar,84.783053,27.239238
2022-03-01,2022-03-31,2022,0,PYUTHAN,Mar,82.869222,28.118369
2022-03-01,2022-03-31,2022,1,RAMECHHAP,Mar,86.173577,27.507863
2022-03-01,2022-03-31,2022,0,RASUWA,Mar,85.41387,28.182702
2022-03-01,2022-03-31,2022,0,RAUTAHAT,Mar,85.305507,27.001849
2022-03-01,2022-03-31,2022,0,ROLPA,Mar,82.628029,28.343082
2022-03-01,2022-03-31,2022,0,RUKUM EAST,Mar,,
2022-03-01,2022-03-31,2022,0,RUKUM WEST,Mar,,
2022-03-01,2022-03-31,2022,2,RUPANDEHI,Mar,83.392355,27.581545
2022-03-01,2022-03-31,2022,0,SALYAN,Mar,82.139943,28.397336
2022-03-01,2022-03-31,2022,0,SANKHUWASABHA,Mar,87.281184,27.582168
2022-03-01,2022-03-31,2022,0,SAPTARI,Mar,86.72823,26.615953
2022-03-01,2022-03-31,2022,0,SARLAHI,Mar,85.566797,26.984775
2022-03-01,2022-03-31,2022,0,SINDHULI,Mar,85.946616,27.201411
2022-03-01,2022-03-31,2022,0,SINDHUPALCHOK,Mar,85.74062,27.913547
2022-03-01,2022-03-31,2022,0,SIRAHA,Mar,86.343228,26.756668
2022-03-01,2022-03-31,2022,0,SOLUKHUMBU,Mar,86.720435,27.712277
2022-03-01,2022-03-31,2022,0,SUNSARI,Mar,87.168075,26.650183
2022-03-01,2022-03-31,2022,0,SURKHET,Mar,81.588747,28.638041
2022-03-01,2022-03-31,2022,0,SYANGJA,Mar,83.807148,28.020918
2022-03-01,2022-03-31,2022,0,TANAHU,Mar,84.255788,27.955238
2022-03-01,2022-03-31,2022,0,TAPLEJUNG,Mar,87.82392,27.581409
2022-03-01,2022-03-31,2022,0,TERHATHUM,Mar,,
2022-03-01,2022-03-31,2022,0,UDAYAPUR,Mar,86.699994,26.912892
2022-04-01,2022-04-30,2022,0,ACHHAM,Apr,81.29952,29.113168
2022-04-01,2022-04-30,2022,1,ARGHAKHANCHI,Apr,83.076443,27.918388
2022-04-01,2022-04-30,2022,0,BAGLUNG,Apr,83.256547,28.345703
2022-04-01,2022-04-30,2022,0,BAITADI,Apr,80.571334,29.505689
2022-04-01,2022-04-30,2022,0,BAJHANG,Apr,81.180034,29.707134
2022-04-01,2022-04-30,2022,0,BAJURA,Apr,81.566283,29.560904
2022-04-01,2022-04-30,2022,0,BANKE,Apr,81.830504,28.086028
2022-04-01,2022-04-30,2022,0,BARA,Apr,85.073668,27.109349
2022-04-01,2022-04-30,2022,4,BARDIYA,Apr,81.40222,28.38422
2022-04-01,2022-04-30,2022,0,BHAKTAPUR,Apr,85.445311,27.6795
2022-04-01,2022-04-30,2022,0,BHOJPUR,Apr,87.071122,27.180289
2022-04-01,2022-04-30,2022,0,CHITAWAN,Apr,,
2022-04-01,2022-04-30,2022,0,DADELDHURA,Apr,80.488304,29.223501
2022-04-01,2022-04-30,2022,0,DAILEKH,Apr,81.678239,28.877029
2022-04-01,2022-04-30,2022,0,DANG,Apr,82.420482,27.962621
2022-04-01,2022-04-30,2022,0,DARCHULA,Apr,80.791568,29.945575
2022-04-01,2022-04-30,2022,0,DHADING,Apr,84.964879,27.95042
2022-04-01,2022-04-30,2022,0,DHANKUTA,Apr,87.334262,26.990685
2022-04-01,2022-04-30,2022,0,DHANUSA,Apr,86.036497,26.828948
2022-04-01,2022-04-30,2022,0,DOLAKHA,Apr,86.197848,27.783458
2022-04-01,2022-04-30,2022,0,DOLPA,Apr,83.054405,29.169521
2022-04-01,2022-04-30,2022,0,DOTI,Apr,80.897056,29.168335
2022-04-01,2022-04-30,2022,0,GORKHA,Apr,84.793552,28.319303
2022-04-01,2022-04-30,2022,0,GULMI,Apr,83.30513,28.093454
2022-04-01,2022-04-30,2022,0,HUMLA,Apr,81.882531,30.031208
2022-04-01,2022-04-30,2022,0,ILAM,Apr,87.907374,26.878962
2022-04-01,2022-04-30,2022,0,JAJARKOT,Apr,82.168636,28.864551
2022-04-01,2022-04-30,2022,0,JHAPA,Apr,87.916711,26.579753
2022-04-01,2022-04-30,2022,0,JUMLA,Apr,82.21957,29.271308
2022-04-01,2022-04-30,2022,1,KAILALI,Apr,80.878301,28.743337
2022-04-01,2022-04-30,2022,0,KALIKOT,Apr,81.753844,29.193673
2022-04-01,2022-04-30,2022,0,KANCHANPUR,Apr,80.324299,28.862625
2022-04-01,2022-04-30,2022,0,KAPILBASTU,Apr,,
2022-04-01,2022-04-30,2022,1,KASKI,Apr,84.001131,28.354534
2022-04-01,2022-04-30,2022,0,KATHMANDU,Apr,85.337535,27.724655
2022-04-01,2022-04-30,2022,0,KAVREPALANCHOK,Apr,,
2022-04-01,2022-04-30,2022,0,KHOTANG,Apr,86.790407,27.169442
2022-04-01,2022-04-30,2022,0,LALITPUR,Apr,85.344018,27.538779
2022-04-01,2022-04-30,2022,1,LAMJUNG,Apr,84.432971,28.291796
2022-04-01,2022-04-30,2022,0,MAHOTTARI,Apr,85.822562,26.882985
2022-04-01,2022-04-30,2022,0,MAKWANPUR,Apr,85.082346,27.469566
2022-04-01,2022-04-30,2022,0,MANANG,Apr,84.227051,28.675036
2022-04-01,2022-04-30,2022,1,MORANG,Apr,87.475601,26.617225
2022-04-01,2022-04-30,2022,0,MUGU,Apr,82.372693,29.616606
2022-04-01,2022-04-30,2022,0,MUSTANG,Apr,83.860701,28.981976
2022-04-01,2022-04-30,2022,1,MYAGDI,Apr,83.463235,28.553413
2022-04-01,2022-04-30,2022,0,NAWALPARASI EAST,Apr,,
2022-04-01,2022-04-30,2022,0,NAWALPARASI WEST,Apr,,
2022-04-01,2022-04-30,2022,0,NUWAKOT,Apr,85.239025,27.914061
2022-04-01,2022-04-30,2022,0,OKHALDHUNGA,Apr,86.422053,27.331392
2022-04-01,2022-04-30,2022,2,PALPA,Apr,83.62831,27.818697
2022-04-01,2022-04-30,2022,0,PANCHTHAR,Apr,87.778168,27.115081
2022-04-01,2022-04-30,2022,0,PARBAT,Apr,83.683179,28.20933
2022-04-01,2022-04-30,2022,0,PARSA,Apr,84.783053,27.239238
2022-04-01,2022-04-30,2022,0,PYUTHAN,Apr,82.869222,28.118369
2022-04-01,2022-04-30,2022,1,RAMECHHAP,Apr,86.173577,27.507863
2022-04-01,2022-04-30,2022,0,RASUWA,Apr,85.41387,28.182702
2022-04-01,2022-04-30,2022,0,RAUTAHAT,Apr,85.305507,27.001849
2022-04-01,2022-04-30,2022,0,ROLPA,Apr,82.628029,28.343082
2022-04-01,2022-04-30,2022,0,RUKUM EAST,Apr,,
2022-04-01,2022-04-30,2022,0,RUKUM WEST,Apr,,
2022-04-01,2022-04-30,2022,1,RUPANDEHI,Apr,83.392355,27.581545
2022-04-01,2022-04-30,2022,0,SALYAN,Apr,82.139943,28.397336
2022-04-01,2022-04-30,2022,1,SANKHUWASABHA,Apr,87.281184,27.582168
2022-04-01,2022-04-30,2022,0,SAPTARI,Apr,86.72823,26.615953
2022-04-01,2022-04-30,2022,0,SARLAHI,Apr,85.566797,26.984775
2022-04-01,2022-04-30,2022,0,SINDHULI,Apr,85.946616,27.201411
2022-04-01,2022-04-30,2022,0,SINDHUPALCHOK,Apr,85.74062,27.913547
2022-04-01,2022-04-30,2022,0,SIRAHA,Apr,86.343228,26.756668
2022-04-01,2022-04-30,2022,0,SOLUKHUMBU,Apr,86.720435,27.712277
2022-04-01,2022-04-30,2022,0,SUNSARI,Apr,87.168075,26.650183
2022-04-01,2022-04-30,2022,3,SURKHET,Apr,81.588747,28.638041
2022-04-01,2022-04-30,2022,0,SYANGJA,Apr,83.807148,28.020918
2022-04-01,2022-04-30,2022,0,TANAHU,Apr,84.255788,27.955238
2022-04-01,2022-04-30,2022,0,TAPLEJUNG,Apr,87.82392,27.581409
2022-04-01,2022-04-30,2022,0,TERHATHUM,Apr,,
2022-04-01,2022-04-30,2022,0,UDAYAPUR,Apr,86.699994,26.912892
2022-05-01,2022-05-31,2022,1,ACHHAM,May,81.29952,29.113168
2022-05-01,2022-05-31,2022,0,ARGHAKHANCHI,May,83.076443,27.918388
2022-05-01,2022-05-31,2022,0,BAGLUNG,May,83.256547,28.345703
2022-05-01,2022-05-31,2022,0,BAITADI,May,80.571334,29.505689
2022-05-01,2022-05-31,2022,0,BAJHANG,May,81.180034,29.707134
2022-05-01,2022-05-31,2022,1,BAJURA,May,81.566283,29.560904
2022-05-01,2022-05-31,2022,0,BANKE,May,81.830504,28.086028
2022-05-01,2022-05-31,2022,2,BARA,May,85.073668,27.109349
2022-05-01,2022-05-31,2022,6,BARDIYA,May,81.40222,28.38422
2022-05-01,2022-05-31,2022,0,BHAKTAPUR,May,85.445311,27.6795
2022-05-01,2022-05-31,2022,0,BHOJPUR,May,87.071122,27.180289
2022-05-01,2022-05-31,2022,0,CHITAWAN,May,,
2022-05-01,2022-05-31,2022,0,DADELDHURA,May,80.488304,29.223501
2022-05-01,2022-05-31,2022,0,DAILEKH,May,81.678239,28.877029
2022-05-01,2022-05-31,2022,1,DANG,May,82.420482,27.962621
2022-05-01,2022-05-31,2022,0,DARCHULA,May,80.791568,29.945575
2022-05-01,2022-05-31,2022,0,DHADING,May,84.964879,27.95042
2022-05-01,2022-05-31,2022,0,DHANKUTA,May,87.334262,26.990685
2022-05-01,2022-05-31,2022,0,DHANUSA,May,86.036497,26.828948
2022-05-01,2022-05-31,2022,0,DOLAKHA,May,86.197848,27.783458
2022-05-01,2022-05-31,2022,0,DOLPA,May,83.054405,29.169521
2022-05-01,2022-05-31,2022,0,DOTI,May,80.897056,29.168335
2022-05-01,2022-05-31,2022,0,GORKHA,May,84.793552,28.319303
2022-05-01,2022-05-31,2022,2,GULMI,May,83.30513,28.093454
2022-05-01,2022-05-31,2022,0,HUMLA,May,81.882531,30.031208
2022-05-01,2022-05-31,2022,1,ILAM,May,87.907374,26.878962
2022-05-01,2022-05-31,2022,0,JAJARKOT,May,82.168636,28.864551
2022-05-01,2022-05-31,2022,1,JHAPA,May,87.916711,26.579753
2022-05-01,2022-05-31,2022,0,JUMLA,May,82.21957,29.271308
2022-05-01,2022-05-31,2022,0,KAILALI,May,80.878301,28.743337
2022-05-01,2022-05-31,2022,0,KALIKOT,May,81.753844,29.193673
2022-05-01,2022-05-31,2022,2,KANCHANPUR,May,80.324299,28.862625
2022-05-01,2022-05-31,2022,0,KAPILBASTU,May,,
2022-05-01,2022-05-31,2022,0,KASKI,May,84.001131,28.354534
2022-05-01,2022-05-31,2022,1,KATHMANDU,May,85.337535,27.724655
2022-05-01,2022-05-31,2022,0,KAVREPALANCHOK,May,,
2022-05-01,2022-05-31,2022,1,KHOTANG,May,86.790407,27.169442
2022-05-01,2022-05-31,2022,0,LALITPUR,May,85.344018,27.538779
2022-05-01,2022-05-31,2022,0,LAMJUNG,May,84.432971,28.291796
2022-05-01,2022-05-31,2022,0,MAHOTTARI,May,85.822562,26.882985
2022-05-01,2022-05-31,2022,0,MAKWANPUR,May,85.082346,27.469566
2022-05-01,2022-05-31,2022,0,MANANG,May,84.227051,28.675036
2022-05-01,2022-05-31,2022,0,MORANG,May,87.475601,26.617225
2022-05-01,2022-05-31,2022,0,MUGU,May,82.372693,29.616606
2022-05-01,2022-05-31,2022,0,MUSTANG,May,83.860701,28.981976
2022-05-01,2022-05-31,2022,0,MYAGDI,May,83.463235,28.553413
2022-05-01,2022-05-31,2022,0,NAWALPARASI EAST,May,,
2022-05-01,2022-05-31,2022,0,NAWALPARASI WEST,May,,
2022-05-01,2022-05-31,2022,0,NUWAKOT,May,85.239025,27.914061
2022-05-01,2022-05-31,2022,0,OKHALDHUNGA,May,86.422053,27.331392
2022-05-01,2022-05-31,2022,0,PALPA,May,83.62831,27.818697
2022-05-01,2022-05-31,2022,0,PANCHTHAR,May,87.778168,27.115081
2022-05-01,2022-05-31,2022,1,PARBAT,May,83.683179,28.20933
2022-05-01,2022-05-31,2022,0,PARSA,May,84.783053,27.239238
2022-05-01,2022-05-31,2022,0,PYUTHAN,May,82.869222,28.118369
2022-05-01,2022-05-31,2022,0,RAMECHHAP,May,86.173577,27.507863
2022-05-01,2022-05-31,2022,0,RASUWA,May,85.41387,28.182702
2022-05-01,2022-05-31,2022,1,RAUTAHAT,May,85.305507,27.001849
2022-05-01,2022-05-31,2022,0,ROLPA,May,82.628029,28.343082
2022-05-01,2022-05-31,2022,0,RUKUM EAST,May,,
2022-05-01,2022-05-31,2022,0,RUKUM WEST,May,,
2022-05-01,2022-05-31,2022,0,RUPANDEHI,May,83.392355,27.581545
2022-05-01,2022-05-31,2022,0,SALYAN,May,82.139943,28.397336
2022-05-01,2022-05-31,2022,0,SANKHUWASABHA,May,87.281184,27.582168
2022-05-01,2022-05-31,2022,0,SAPTARI,May,86.72823,26.615953
2022-05-01,2022-05-31,2022,2,SARLAHI,May,85.566797,26.984775
2022-05-01,2022-05-31,2022,0,SINDHULI,May,85.946616,27.201411
2022-05-01,2022-05-31,2022,0,SINDHUPALCHOK,May,85.74062,27.913547
2022-05-01,2022-05-31,2022,0,SIRAHA,May,86.343228,26.756668
2022-05-01,2022-05-31,2022,0,SOLUKHUMBU,May,86.720435,27.712277
2022-05-01,2022-05-31,2022,0,SUNSARI,May,87.168075,26.650183
2022-05-01,2022-05-31,2022,2,SURKHET,May,81.588747,28.638041
2022-05-01,2022-05-31,2022,0,SYANGJA,May,83.807148,28.020918
2022-05-01,2022-05-31,2022,0,TANAHU,May,84.255788,27.955238
2022-05-01,2022-05-31,2022,0,TAPLEJUNG,May,87.82392,27.581409
2022-05-01,2022-05-31,2022,0,TERHATHUM,May,,
2022-05-01,2022-05-31,2022,0,UDAYAPUR,May,86.699994,26.912892
2022-06-01,2022-06-30,2022,1,ACHHAM,Jun,81.29952,29.113168
2022-06-01,2022-06-30,2022,1,ARGHAKHANCHI,Jun,83.076443,27.918388
2022-06-01,2022-06-30,2022,0,BAGLUNG,Jun,83.256547,28.345703
2022-06-01,2022-06-30,2022,0,BAITADI,Jun,80.571334,29.505689
2022-06-01,2022-06-30,2022,0,BAJHANG,Jun,81.180034,29.707134
2022-06-01,2022-06-30,2022,0,BAJURA,Jun,81.566283,29.560904
2022-06-01,2022-06-30,2022,0,BANKE,Jun,81.830504,28.086028
2022-06-01,2022-06-30,2022,0,BARA,Jun,85.073668,27.109349
2022-06-01,2022-06-30,2022,0,BARDIYA,Jun,81.40222,28.38422
2022-06-01,2022-06-30,2022,0,BHAKTAPUR,Jun,85.445311,27.6795
2022-06-01,2022-06-30,2022,2,BHOJPUR,Jun,87.071122,27.180289
2022-06-01,2022-06-30,2022,3,CHITAWAN,Jun,,
2022-06-01,2022-06-30,2022,1,DADELDHURA,Jun,80.488304,29.223501
2022-06-01,2022-06-30,2022,0,DAILEKH,Jun,81.678239,28.877029
2022-06-01,2022-06-30,2022,1,DANG,Jun,82.420482,27.962621
2022-06-01,2022-06-30,2022,2,DARCHULA,Jun,80.791568,29.945575
2022-06-01,2022-06-30,2022,32,DHADING,Jun,84.964879,27.95042
2022-06-01,2022-06-30,2022,0,DHANKUTA,Jun,87.334262,26.990685
2022-06-01,2022-06-30,2022,0,DHANUSA,Jun,86.036497,26.828948
2022-06-01,2022-06-30,2022,0,DOLAKHA,Jun,86.197848,27.783458
2022-06-01,2022-06-30,2022,0,DOLPA,Jun,83.054405,29.169521
2022-06-01,2022-06-30,2022,0,DOTI,Jun,80.897056,29.168335
2022-06-01,2022-06-30,2022,1,GORKHA,Jun,84.793552,28.319303
2022-06-01,2022-06-30,2022,3,GULMI,Jun,83.30513,28.093454
2022-06-01,2022-06-30,2022,0,HUMLA,Jun,81.882531,30.031208
2022-06-01,2022-06-30,2022,0,ILAM,Jun,87.907374,26.878962
2022-06-01,2022-06-30,2022,1,JAJARKOT,Jun,82.168636,28.864551
2022-06-01,2022-06-30,2022,1,JHAPA,Jun,87.916711,26.579753
2022-06-01,2022-06-30,2022,0,JUMLA,Jun,82.21957,29.271308
2022-06-01,2022-06-30,2022,0,KAILALI,Jun,80.878301,28.743337
2022-06-01,2022-06-30,2022,1,KALIKOT,Jun,81.753844,29.193673
2022-06-01,2022-06-30,2022,4,KANCHANPUR,Jun,80.324299,28.862625
2022-06-01,2022-06-30,2022,2,KAPILBASTU,Jun,,
2022-06-01,2022-06-30,2022,0,KASKI,Jun,84.001131,28.354534
2022-06-01,2022-06-30,2022,1,KATHMANDU,Jun,85.337535,27.724655
2022-06-01,2022-06-30,2022,0,KAVREPALANCHOK,Jun,,
2022-06-01,2022-06-30,2022,0,KHOTANG,Jun,86.790407,27.169442
2022-06-01,2022-06-30,2022,1,LALITPUR,Jun,85.344018,27.538779
2022-06-01,2022-06-30,2022,2,LAMJUNG,Jun,84.432971,28.291796
2022-06-01,2022-06-30,2022,0,MAHOTTARI,Jun,85.822562,26.882985
2022-06-01,2022-06-30,2022,0,MAKWANPUR,Jun,85.082346,27.469566
2022-06-01,2022-06-30,2022,0,MANANG,Jun,84.227051,28.675036
2022-06-01,2022-06-30,2022,3,MORANG,Jun,87.475601,26.617225
2022-06-01,2022-06-30,2022,0,MUGU,Jun,82.372693,29.616606
2022-06-01,2022-06-30,2022,0,MUSTANG,Jun,83.860701,28.981976
2022-06-01,2022-06-30,2022,0,MYAGDI,Jun,83.463235,28.553413
2022-06-01,2022-06-30,2022,0,NAWALPARASI EAST,Jun,,
2022-06-01,2022-06-30,2022,1,NAWALPARASI WEST,Jun,,
2022-06-01,2022-06-30,2022,0,NUWAKOT,Jun,85.239025,27.914061
2022-06-01,2022-06-30,2022,1,OKHALDHUNGA,Jun,86.422053,27.331392
2022-06-01,2022-06-30,2022,3,PALPA,Jun,83.62831,27.818697
2022-06-01,2022-06-30,2022,0,PANCHTHAR,Jun,87.778168,27.115081
2022-06-01,2022-06-30,2022,0,PARBAT,Jun,83.683179,28.20933
2022-06-01,2022-06-30,2022,3,PARSA,Jun,84.783053,27.239238
2022-06-01,2022-06-30,2022,1,PYUTHAN,Jun,82.869222,28.118369
2022-06-01,2022-06-30,2022,0,RAMECHHAP,Jun,86.173577,27.507863
2022-06-01,2022-06-30,2022,0,RASUWA,Jun,85.41387,28.182702
2022-06-01,2022-06-30,2022,0,RAUTAHAT,Jun,85.305507,27.001849
2022-06-01,2022-06-30,2022,0,ROLPA,Jun,82.628029,28.343082
2022-06-01,2022-06-30,2022,0,RUKUM EAST,Jun,,
2022-06-01,2022-06-30,2022,0,RUKUM WEST,Jun,,
2022-06-01,2022-06-30,2022,7,RUPANDEHI,Jun,83.392355,27.581545
2022-06-01,2022-06-30,2022,0,SALYAN,Jun,82.139943,28.397336
2022-06-01,2022-06-30,2022,11,SANKHUWASABHA,Jun,87.281184,27.582168
2022-06-01,2022-06-30,2022,0,SAPTARI,Jun,86.72823,26.615953
2022-06-01,2022-06-30,2022,1,SARLAHI,Jun,85.566797,26.984775
2022-06-01,2022-06-30,2022,1,SINDHULI,Jun,85.946616,27.201411
2022-06-01,2022-06-30,2022,0,SINDHUPALCHOK,Jun,85.74062,27.913547
2022-06-01,2022-06-30,2022,1,SIRAHA,Jun,86.343228,26.756668
2022-06-01,2022-06-30,2022,0,SOLUKHUMBU,Jun,86.720435,27.712277
2022-06-01,2022-06-30,2022,0,SUNSARI,Jun,87.168075,26.650183
2022-06-01,2022-06-30,2022,0,SURKHET,Jun,81.588747,28.638041
2022-06-01,2022-06-30,2022,0,SYANGJA,Jun,83.807148,28.020918
2022-06-01,2022-06-30,2022,0,TANAHU,Jun,84.255788,27.955238
2022-06-01,2022-06-30,2022,0,TAPLEJUNG,Jun,87.82392,27.581409
2022-06-01,2022-06-30,2022,0,TERHATHUM,Jun,,
2022-06-01,2022-06-30,2022,0,UDAYAPUR,Jun,86.699994,26.912892
2022-07-01,2022-07-31,2022,1,ACHHAM,Jul,81.29952,29.113168
2022-07-01,2022-07-31,2022,13,ARGHAKHANCHI,Jul,83.076443,27.918388
2022-07-01,2022-07-31,2022,6,BAGLUNG,Jul,83.256547,28.345703
2022-07-01,2022-07-31,2022,3,BAITADI,Jul,80.571334,29.505689
2022-07-01,2022-07-31,2022,0,BAJHANG,Jul,81.180034,29.707134
2022-07-01,2022-07-31,2022,1,BAJURA,Jul,81.566283,29.560904
2022-07-01,2022-07-31,2022,2,BANKE,Jul,81.830504,28.086028
2022-07-01,2022-07-31,2022,0,BARA,Jul,85.073668,27.109349
2022-07-01,2022-07-31,2022,4,BARDIYA,Jul,81.40222,28.38422
2022-07-01,2022-07-31,2022,6,BHAKTAPUR,Jul,85.445311,27.6795
2022-07-01,2022-07-31,2022,7,BHOJPUR,Jul,87.071122,27.180289
2022-07-01,2022-07-31,2022,4,CHITAWAN,Jul,,
2022-07-01,2022-07-31,2022,1,DADELDHURA,Jul,80.488304,29.223501
2022-07-01,2022-07-31,2022,1,DAILEKH,Jul,81.678239,28.877029
2022-07-01,2022-07-31,2022,5,DANG,Jul,82.420482,27.962621
2022-07-01,2022-07-31,2022,0,DARCHULA,Jul,80.791568,29.945575
2022-07-01,2022-07-31,2022,24,DHADING,Jul,84.964879,27.95042
2022-07-01,2022-07-31,2022,0,DHANKUTA,Jul,87.334262,26.990685
2022-07-01,2022-07-31,2022,0,DHANUSA,Jul,86.036497,26.828948
2022-07-01,2022-07-31,2022,0,DOLAKHA,Jul,86.197848,27.783458
2022-07-01,2022-07-31,2022,0,DOLPA,Jul,83.054405,29.169521
2022-07-01,2022-07-31,2022,1,DOTI,Jul,80.897056,29.168335
2022-07-01,2022-07-31,2022,2,GORKHA,Jul,84.793552,28.319303
2022-07-01,2022-07-31,2022,17,GULMI,Jul,83.30513,28.093454
2022-07-01,2022-07-31,2022,0,HUMLA,Jul,81.882531,30.031208
2022-07-01,2022-07-31,2022,1,ILAM,Jul,87.907374,26.878962
2022-07-01,2022-07-31,2022,0,JAJARKOT,Jul,82.168636,28.864551
2022-07-01,2022-07-31,2022,2,JHAPA,Jul,87.916711,26.579753
2022-07-01,2022-07-31,2022,6,JUMLA,Jul,82.21957,29.271308
2022-07-01,2022-07-31,2022,3,KAILALI,Jul,80.878301,28.743337
2022-07-01,2022-07-31,2022,0,KALIKOT,Jul,81.753844,29.193673
2022-07-01,2022-07-31,2022,3,KANCHANPUR,Jul,80.324299,28.862625
2022-07-01,2022-07-31,2022,6,KAPILBASTU,Jul,,
2022-07-01,2022-07-31,2022,3,KASKI,Jul,84.001131,28.354534
2022-07-01,2022-07-31,2022,35,KATHMANDU,Jul,85.337535,27.724655
2022-07-01,2022-07-31,2022,5,KAVREPALANCHOK,Jul,,
2022-07-01,2022-07-31,2022,0,KHOTANG,Jul,86.790407,27.169442
2022-07-01,2022-07-31,2022,99,LALITPUR,Jul,85.344018,27.538779
2022-07-01,2022-07-31,2022,8,LAMJUNG,Jul,84.432971,28.291796
2022-07-01,2022-07-31,2022,0,MAHOTTARI,Jul,85.822562,26.882985
2022-07-01,2022-07-31,2022,221,MAKWANPUR,Jul,85.082346,27.469566
2022-07-01,2022-07-31,2022,0,MANANG,Jul,84.227051,28.675036
2022-07-01,2022-07-31,2022,2,MORANG,Jul,87.475601,26.617225
2022-07-01,2022-07-31,2022,0,MUGU,Jul,82.372693,29.616606
2022-07-01,2022-07-31,2022,0,MUSTANG,Jul,83.860701,28.981976
2022-07-01,2022-07-31,2022,1,MYAGDI,Jul,83.463235,28.553413
2022-07-01,2022-07-31,2022,2,NAWALPARASI EAST,Jul,,
2022-07-01,2022-07-31,2022,16,NAWALPARASI WEST,Jul,,
2022-07-01,2022-07-31,2022,2,NUWAKOT,Jul,85.239025,27.914061
2022-07-01,2022-07-31,2022,3,OKHALDHUNGA,Jul,86.422053,27.331392
2022-07-01,2022-07-31,2022,12,PALPA,Jul,83.62831,27.818697
2022-07-01,2022-07-31,2022,0,PANCHTHAR,Jul,87.778168,27.115081
2022-07-01,2022-07-31,2022,3,PARBAT,Jul,83.683179,28.20933
2022-07-01,2022-07-31,2022,1,PARSA,Jul,84.783053,27.239238
2022-07-01,2022-07-31,2022,6,PYUTHAN,Jul,82.869222,28.118369
2022-07-01,2022-07-31,2022,4,RAMECHHAP,Jul,86.173577,27.507863
2022-07-01,2022-07-31,2022,0,RASUWA,Jul,85.41387,28.182702
2022-07-01,2022-07-31,2022,2,RAUTAHAT,Jul,85.305507,27.001849
2022-07-01,2022-07-31,2022,0,ROLPA,Jul,82.628029,28.343082
2022-07-01,2022-07-31,2022,2,RUKUM EAST,Jul,,
2022-07-01,2022-07-31,2022,1,RUKUM WEST,Jul,,
2022-07-01,2022-07-31,2022,109,RUPANDEHI,Jul,83.392355,27.581545
2022-07-01,2022-07-31,2022,1,SALYAN,Jul,82.139943,28.397336
2022-07-01,2022-07-31,2022,30,SANKHUWASABHA,Jul,87.281184,27.582168
2022-07-01,2022-07-31,2022,0,SAPTARI,Jul,86.72823,26.615953
2022-07-01,2022-07-31,2022,1,SARLAHI,Jul,85.566797,26.984775
2022-07-01,2022-07-31,2022,27,SINDHULI,Jul,85.946616,27.201411
2022-07-01,2022-07-31,2022,0,SINDHUPALCHOK,Jul,85.74062,27.913547
2022-07-01,2022-07-31,2022,0,SIRAHA,Jul,86.343228,26.756668
2022-07-01,2022-07-31,2022,0,SOLUKHUMBU,Jul,86.720435,27.712277
2022-07-01,2022-07-31,2022,2,SUNSARI,Jul,87.168075,26.650183
2022-07-01,2022-07-31,2022,0,SURKHET,Jul,81.588747,28.638041
2022-07-01,2022-07-31,2022,1,SYANGJA,Jul,83.807148,28.020918
2022-07-01,2022-07-31,2022,2,TANAHU,Jul,84.255788,27.955238
2022-07-01,2022-07-31,2022,0,TAPLEJUNG,Jul,87.82392,27.581409
2022-07-01,2022-07-31,2022,0,TERHATHUM,Jul,,
2022-07-01,2022-07-31,2022,0,UDAYAPUR,Jul,86.699994,26.912892
2022-08-01,2022-08-31,2022,1,ACHHAM,Aug,81.29952,29.113168
2022-08-01,2022-08-31,2022,36,ARGHAKHANCHI,Aug,83.076443,27.918388
2022-08-01,2022-08-31,2022,12,BAGLUNG,Aug,83.256547,28.345703
2022-08-01,2022-08-31,2022,4,BAITADI,Aug,80.571334,29.505689
2022-08-01,2022-08-31,2022,4,BAJHANG,Aug,81.180034,29.707134
2022-08-01,2022-08-31,2022,5,BAJURA,Aug,81.566283,29.560904
2022-08-01,2022-08-31,2022,6,BANKE,Aug,81.830504,28.086028
2022-08-01,2022-08-31,2022,9,BARA,Aug,85.073668,27.109349
2022-08-01,2022-08-31,2022,6,BARDIYA,Aug,81.40222,28.38422
2022-08-01,2022-08-31,2022,86,BHAKTAPUR,Aug,85.445311,27.6795
2022-08-01,2022-08-31,2022,3,BHOJPUR,Aug,87.071122,27.180289
2022-08-01,2022-08-31,2022,24,CHITAWAN,Aug,,
2022-08-01,2022-08-31,2022,5,DADELDHURA,Aug,80.488304,29.223501
2022-08-01,2022-08-31,2022,1,DAILEKH,Aug,81.678239,28.877029
2022-08-01,2022-08-31,2022,19,DANG,Aug,82.420482,27.962621
2022-08-01,2022-08-31,2022,10,DARCHULA,Aug,80.791568,29.945575
2022-08-01,2022-08-31,2022,54,DHADING,Aug,84.964879,27.95042
2022-08-01,2022-08-31,2022,4,DHANKUTA,Aug,87.334262,26.990685
2022-08-01,2022-08-31,2022,2,DHANUSA,Aug,86.036497,26.828948
2022-08-01,2022-08-31,2022,10,DOLAKHA,Aug,86.197848,27.783458
2022-08-01,2022-08-31,2022,1,DOLPA,Aug,83.054405,29.169521
2022-08-01,2022-08-31,2022,1,DOTI,Aug,80.897056,29.168335
2022-08-01,2022-08-31,2022,9,GORKHA,Aug,84.793552,28.319303
2022-08-01,2022-08-31,2022,33,GULMI,Aug,83.30513,28.093454
2022-08-01,2022-08-31,2022,0,HUMLA,Aug,81.882531,30.031208
2022-08-01,2022-08-31,2022,2,ILAM,Aug,87.907374,26.878962
2022-08-01,2022-08-31,2022,0,JAJARKOT,Aug,82.168636,28.864551
2022-08-01,2022-08-31,2022,5,JHAPA,Aug,87.916711,26.579753
2022-08-01,2022-08-31,2022,6,JUMLA,Aug,82.21957,29.271308
2022-08-01,2022-08-31,2022,13,KAILALI,Aug,80.878301,28.743337
2022-08-01,2022-08-31,2022,0,KALIKOT,Aug,81.753844,29.193673
2022-08-01,2022-08-31,2022,14,KANCHANPUR,Aug,80.324299,28.862625
2022-08-01,2022-08-31,2022,21,KAPILBASTU,Aug,,
2022-08-01,2022-08-31,2022,6,KASKI,Aug,84.001131,28.354534
2022-08-01,2022-08-31,2022,727,KATHMANDU,Aug,85.337535,27.724655
2022-08-01,2022-08-31,2022,29,KAVREPALANCHOK,Aug,,
2022-08-01,2022-08-31,2022,2,KHOTANG,Aug,86.790407,27.169442
2022-08-01,2022-08-31,2022,1558,LALITPUR,Aug,85.344018,27.538779
2022-08-01,2022-08-31,2022,6,LAMJUNG,Aug,84.432971,28.291796
2022-08-01,2022-08-31,2022,5,MAHOTTARI,Aug,85.822562,26.882985
2022-08-01,2022-08-31,2022,337,MAKWANPUR,Aug,85.082346,27.469566
2022-08-01,2022-08-31,2022,1,MANANG,Aug,84.227051,28.675036
2022-08-01,2022-08-31,2022,3,MORANG,Aug,87.475601,26.617225
2022-08-01,2022-08-31,2022,1,MUGU,Aug,82.372693,29.616606
2022-08-01,2022-08-31,2022,0,MUSTANG,Aug,83.860701,28.981976
2022-08-01,2022-08-31,2022,1,MYAGDI,Aug,83.463235,28.553413
2022-08-01,2022-08-31,2022,12,NAWALPARASI EAST,Aug,,
2022-08-01,2022-08-31,2022,23,NAWALPARASI WEST,Aug,,
2022-08-01,2022-08-31,2022,12,NUWAKOT,Aug,85.239025,27.914061
2022-08-01,2022-08-31,2022,4,OKHALDHUNGA,Aug,86.422053,27.331392
2022-08-01,2022-08-31,2022,26,PALPA,Aug,83.62831,27.818697
2022-08-01,2022-08-31,2022,1,PANCHTHAR,Aug,87.778168,27.115081
2022-08-01,2022-08-31,2022,3,PARBAT,Aug,83.683179,28.20933
2022-08-01,2022-08-31,2022,3,PARSA,Aug,84.783053,27.239238
2022-08-01,2022-08-31,2022,6,PYUTHAN,Aug,82.869222,28.118369
2022-08-01,2022-08-31,2022,17,RAMECHHAP,Aug,86.173577,27.507863
2022-08-01,2022-08-31,2022,0,RASUWA,Aug,85.41387,28.182702
2022-08-01,2022-08-31,2022,5,RAUTAHAT,Aug,85.305507,27.001849
2022-08-01,2022-08-31,2022,2,ROLPA,Aug,82.628029,28.343082
2022-08-01,2022-08-31,2022,3,RUKUM EAST,Aug,,
2022-08-01,2022-08-31,2022,3,RUKUM WEST,Aug,,
2022-08-01,2022-08-31,2022,315,RUPANDEHI,Aug,83.392355,27.581545
2022-08-01,2022-08-31,2022,0,SALYAN,Aug,82.139943,28.397336
2022-08-01,2022-08-31,2022,15,SANKHUWASABHA,Aug,87.281184,27.582168
2022-08-01,2022-08-31,2022,3,SAPTARI,Aug,86.72823,26.615953
2022-08-01,2022-08-31,2022,19,SARLAHI,Aug,85.566797,26.984775
2022-08-01,2022-08-31,2022,38,SINDHULI,Aug,85.946616,27.201411
2022-08-01,2022-08-31,2022,7,SINDHUPALCHOK,Aug,85.74062,27.913547
2022-08-01,2022-08-31,2022,5,SIRAHA,Aug,86.343228,26.756668
2022-08-01,2022-08-31,2022,2,SOLUKHUMBU,Aug,86.720435,27.712277
2022-08-01,2022-08-31,2022,4,SUNSARI,Aug,87.168075,26.650183
2022-08-01,2022-08-31,2022,1,SURKHET,Aug,81.588747,28.638041
2022-08-01,2022-08-31,2022,5,SYANGJA,Aug,83.807148,28.020918
2022-08-01,2022-08-31,2022,1,TANAHU,Aug,84.255788,27.955238
2022-08-01,2022-08-31,2022,0,TAPLEJUNG,Aug,87.82392,27.581409
2022-08-01,2022-08-31,2022,88,TERHATHUM,Aug,,
2022-08-01,2022-08-31,2022,3,UDAYAPUR,Aug,86.699994,26.912892
2022-09-01,2022-09-30,2022,21,ACHHAM,Sep,81.29952,29.113168
2022-09-01,2022-09-30,2022,87,ARGHAKHANCHI,Sep,83.076443,27.918388
2022-09-01,2022-09-30,2022,70,BAGLUNG,Sep,83.256547,28.345703
2022-09-01,2022-09-30,2022,34,BAITADI,Sep,80.571334,29.505689
2022-09-01,2022-09-30,2022,17,BAJHANG,Sep,81.180034,29.707134
2022-09-01,2022-09-30,2022,11,BAJURA,Sep,81.566283,29.560904
2022-09-01,2022-09-30,2022,49,BANKE,Sep,81.830504,28.086028
2022-09-01,2022-09-30,2022,87,BARA,Sep,85.073668,27.109349
2022-09-01,2022-09-30,2022,68,BARDIYA,Sep,81.40222,28.38422
2022-09-01,2022-09-30,2022,1151,BHAKTAPUR,Sep,85.445311,27.6795
2022-09-01,2022-09-30,2022,29,BHOJPUR,Sep,87.071122,27.180289
2022-09-01,2022-09-30,2022,995,CHITAWAN,Sep,,
2022-09-01,2022-09-30,2022,23,DADELDHURA,Sep,80.488304,29.223501
2022-09-01,2022-09-30,2022,13,DAILEKH,Sep,81.678239,28.877029
2022-09-01,2022-09-30,2022,1702,DANG,Sep,82.420482,27.962621
2022-09-01,2022-09-30,2022,270,DARCHULA,Sep,80.791568,29.945575
2022-09-01,2022-09-30,2022,483,DHADING,Sep,84.964879,27.95042
2022-09-01,2022-09-30,2022,54,DHANKUTA,Sep,87.334262,26.990685
2022-09-01,2022-09-30,2022,15,DHANUSA,Sep,86.036497,26.828948
2022-09-01,2022-09-30,2022,56,DOLAKHA,Sep,86.197848,27.783458
2022-09-01,2022-09-30,2022,1,DOLPA,Sep,83.054405,29.169521
2022-09-01,2022-09-30,2022,72,DOTI,Sep,80.897056,29.168335
2022-09-01,2022-09-30,2022,81,GORKHA,Sep,84.793552,28.319303
2022-09-01,2022-09-30,2022,244,GULMI,Sep,83.30513,28.093454
2022-09-01,2022-09-30,2022,2,HUMLA,Sep,81.882531,30.031208
2022-09-01,2022-09-30,2022,29,ILAM,Sep,87.907374,26.878962
2022-09-01,2022-09-30,2022,11,JAJARKOT,Sep,82.168636,28.864551
2022-09-01,2022-09-30,2022,68,JHAPA,Sep,87.916711,26.579753
2022-09-01,2022-09-30,2022,10,JUMLA,Sep,82.21957,29.271308
2022-09-01,2022-09-30,2022,395,KAILALI,Sep,80.878301,28.743337
2022-09-01,2022-09-30,2022,20,KALIKOT,Sep,81.753844,29.193673
2022-09-01,2022-09-30,2022,121,KANCHANPUR,Sep,80.324299,28.862625
2022-09-01,2022-09-30,2022,53,KAPILBASTU,Sep,,
2022-09-01,2022-09-30,2022,84,KASKI,Sep,84.001131,28.354534
2022-09-01,2022-09-30,2022,9891,KATHMANDU,Sep,85.337535,27.724655
2022-09-01,2022-09-30,2022,177,KAVREPALANCHOK,Sep,,
2022-09-01,2022-09-30,2022,75,KHOTANG,Sep,86.790407,27.169442
2022-09-01,2022-09-30,2022,6016,LALITPUR,Sep,85.344018,27.538779
2022-09-01,2022-09-30,2022,44,LAMJUNG,Sep,84.432971,28.291796
2022-09-01,2022-09-30,2022,36,MAHOTTARI,Sep,85.822562,26.882985
2022-09-01,2022-09-30,2022,2452,MAKWANPUR,Sep,85.082346,27.469566
2022-09-01,2022-09-30,2022,5,MANANG,Sep,84.227051,28.675036
2022-09-01,2022-09-30,2022,65,MORANG,Sep,87.475601,26.617225
2022-09-01,2022-09-30,2022,7,MUGU,Sep,82.372693,29.616606
2022-09-01,2022-09-30,2022,2,MUSTANG,Sep,83.860701,28.981976
2022-09-01,2022-09-30,2022,43,MYAGDI,Sep,83.463235,28.553413
2022-09-01,2022-09-30,2022,64,NAWALPARASI EAST,Sep,,
2022-09-01,2022-09-30,2022,33,NAWALPARASI WEST,Sep,,
2022-09-01,2022-09-30,2022,113,NUWAKOT,Sep,85.239025,27.914061
2022-09-01,2022-09-30,2022,27,OKHALDHUNGA,Sep,86.422053,27.331392
2022-09-01,2022-09-30,2022,82,PALPA,Sep,83.62831,27.818697
2022-09-01,2022-09-30,2022,23,PANCHTHAR,Sep,87.778168,27.115081
2022-09-01,2022-09-30,2022,77,PARBAT,Sep,83.683179,28.20933
2022-09-01,2022-09-30,2022,68,PARSA,Sep,84.783053,27.239238
2022-09-01,2022-09-30,2022,25,PYUTHAN,Sep,82.869222,28.118369
2022-09-01,2022-09-30,2022,93,RAMECHHAP,Sep,86.173577,27.507863
2022-09-01,2022-09-30,2022,6,RASUWA,Sep,85.41387,28.182702
2022-09-01,2022-09-30,2022,70,RAUTAHAT,Sep,85.305507,27.001849
2022-09-01,2022-09-30,2022,12,ROLPA,Sep,82.628029,28.343082
2022-09-01,2022-09-30,2022,15,RUKUM EAST,Sep,,
2022-09-01,2022-09-30,2022,25,RUKUM WEST,Sep,,
2022-09-01,2022-09-30,2022,374,RUPANDEHI,Sep,83.392355,27.581545
2022-09-01,2022-09-30,2022,26,SALYAN,Sep,82.139943,28.397336
2022-09-01,2022-09-30,2022,64,SANKHUWASABHA,Sep,87.281184,27.582168
2022-09-01,2022-09-30,2022,24,SAPTARI,Sep,86.72823,26.615953
2022-09-01,2022-09-30,2022,63,SARLAHI,Sep,85.566797,26.984775
2022-09-01,2022-09-30,2022,46,SINDHULI,Sep,85.946616,27.201411
2022-09-01,2022-09-30,2022,89,SINDHUPALCHOK,Sep,85.74062,27.913547
2022-09-01,2022-09-30,2022,17,SIRAHA,Sep,86.343228,26.756668
2022-09-01,2022-09-30,2022,14,SOLUKHUMBU,Sep,86.720435,27.712277
2022-09-01,2022-09-30,2022,114,SUNSARI,Sep,87.168075,26.650183
2022-09-01,2022-09-30,2022,451,SURKHET,Sep,81.588747,28.638041
2022-09-01,2022-09-30,2022,80,SYANGJA,Sep,83.807148,28.020918
2022-09-01,2022-09-30,2022,86,TANAHU,Sep,84.255788,27.955238
2022-09-01,2022-09-30,2022,6,TAPLEJUNG,Sep,87.82392,27.581409
2022-09-01,2022-09-30,2022,50,TERHATHUM,Sep,,
2022-09-01,2022-09-30,2022,53,UDAYAPUR,Sep,86.699994,26.912892
2022-10-01,2022-10-31,2022,12,ACHHAM,Oct,81.29952,29.113168
2022-10-01,2022-10-31,2022,15,ARGHAKHANCHI,Oct,83.076443,27.918388
2022-10-01,2022-10-31,2022,57,BAGLUNG,Oct,83.256547,28.345703
2022-10-01,2022-10-31,2022,22,BAITADI,Oct,80.571334,29.505689
2022-10-01,2022-10-31,2022,7,BAJHANG,Oct,81.180034,29.707134
2022-10-01,2022-10-31,2022,7,BAJURA,Oct,81.566283,29.560904
2022-10-01,2022-10-31,2022,95,BANKE,Oct,81.830504,28.086028
2022-10-01,2022-10-31,2022,186,BARA,Oct,85.073668,27.109349
2022-10-01,2022-10-31,2022,92,BARDIYA,Oct,81.40222,28.38422
2022-10-01,2022-10-31,2022,4204,BHAKTAPUR,Oct,85.445311,27.6795
2022-10-01,2022-10-31,2022,55,BHOJPUR,Oct,87.071122,27.180289
2022-10-01,2022-10-31,2022,1509,CHITAWAN,Oct,,
2022-10-01,2022-10-31,2022,8,DADELDHURA,Oct,80.488304,29.223501
2022-10-01,2022-10-31,2022,18,DAILEKH,Oct,81.678239,28.877029
2022-10-01,2022-10-31,2022,575,DANG,Oct,82.420482,27.962621
2022-10-01,2022-10-31,2022,44,DARCHULA,Oct,80.791568,29.945575
2022-10-01,2022-10-31,2022,674,DHADING,Oct,84.964879,27.95042
2022-10-01,2022-10-31,2022,77,DHANKUTA,Oct,87.334262,26.990685
2022-10-01,2022-10-31,2022,13,DHANUSA,Oct,86.036497,26.828948
2022-10-01,2022-10-31,2022,32,DOLAKHA,Oct,86.197848,27.783458
2022-10-01,2022-10-31,2022,2,DOLPA,Oct,83.054405,29.169521
2022-10-01,2022-10-31,2022,8,DOTI,Oct,80.897056,29.168335
2022-10-01,2022-10-31,2022,170,GORKHA,Oct,84.793552,28.319303
2022-10-01,2022-10-31,2022,6,GULMI,Oct,83.30513,28.093454
2022-10-01,2022-10-31,2022,1,HUMLA,Oct,81.882531,30.031208
2022-10-01,2022-10-31,2022,55,ILAM,Oct,87.907374,26.878962
2022-10-01,2022-10-31,2022,1,JAJARKOT,Oct,82.168636,28.864551
2022-10-01,2022-10-31,2022,125,JHAPA,Oct,87.916711,26.579753
2022-10-01,2022-10-31,2022,4,JUMLA,Oct,82.21957,29.271308
2022-10-01,2022-10-31,2022,11,KAILALI,Oct,80.878301,28.743337
2022-10-01,2022-10-31,2022,10,KALIKOT,Oct,81.753844,29.193673
2022-10-01,2022-10-31,2022,40,KANCHANPUR,Oct,80.324299,28.862625
2022-10-01,2022-10-31,2022,32,KAPILBASTU,Oct,,
2022-10-01,2022-10-31,2022,130,KASKI,Oct,84.001131,28.354534
2022-10-01,2022-10-31,2022,2911,KATHMANDU,Oct,85.337535,27.724655
2022-10-01,2022-10-31,2022,301,KAVREPALANCHOK,Oct,,
2022-10-01,2022-10-31,2022,192,KHOTANG,Oct,86.790407,27.169442
2022-10-01,2022-10-31,2022,1809,LALITPUR,Oct,85.344018,27.538779
2022-10-01,2022-10-31,2022,7,LAMJUNG,Oct,84.432971,28.291796
2022-10-01,2022-10-31,2022,0,MAHOTTARI,Oct,85.822562,26.882985
2022-10-01,2022-10-31,2022,2220,MAKWANPUR,Oct,85.082346,27.469566
2022-10-01,2022-10-31,2022,2,MANANG,Oct,84.227051,28.675036
2022-10-01,2022-10-31,2022,54,MORANG,Oct,87.475601,26.617225
2022-10-01,2022-10-31,2022,4,MUGU,Oct,82.372693,29.616606
2022-10-01,2022-10-31,2022,6,MUSTANG,Oct,83.860701,28.981976
2022-10-01,2022-10-31,2022,6,MYAGDI,Oct,83.463235,28.553413
2022-10-01,2022-10-31,2022,42,NAWALPARASI EAST,Oct,,
2022-10-01,2022-10-31,2022,33,NAWALPARASI WEST,Oct,,
2022-10-01,2022-10-31,2022,107,NUWAKOT,Oct,85.239025,27.914061
2022-10-01,2022-10-31,2022,15,OKHALDHUNGA,Oct,86.422053,27.331392
2022-10-01,2022-10-31,2022,51,PALPA,Oct,83.62831,27.818697
2022-10-01,2022-10-31,2022,43,PANCHTHAR,Oct,87.778168,27.115081
2022-10-01,2022-10-31,2022,150,PARBAT,Oct,83.683179,28.20933
2022-10-01,2022-10-31,2022,94,PARSA,Oct,84.783053,27.239238
2022-10-01,2022-10-31,2022,6,PYUTHAN,Oct,82.869222,28.118369
2022-10-01,2022-10-31,2022,63,RAMECHHAP,Oct,86.173577,27.507863
2022-10-01,2022-10-31,2022,5,RASUWA,Oct,85.41387,28.182702
2022-10-01,2022-10-31,2022,45,RAUTAHAT,Oct,85.305507,27.001849
2022-10-01,2022-10-31,2022,7,ROLPA,Oct,82.628029,28.343082
2022-10-01,2022-10-31,2022,4,RUKUM EAST,Oct,,
2022-10-01,2022-10-31,2022,14,RUKUM WEST,Oct,,
2022-10-01,2022-10-31,2022,370,RUPANDEHI,Oct,83.392355,27.581545
2022-10-01,2022-10-31,2022,4,SALYAN,Oct,82.139943,28.397336
2022-10-01,2022-10-31,2022,144,SANKHUWASABHA,Oct,87.281184,27.582168
2022-10-01,2022-10-31,2022,9,SAPTARI,Oct,86.72823,26.615953
2022-10-01,2022-10-31,2022,37,SARLAHI,Oct,85.566797,26.984775
2022-10-01,2022-10-31,2022,46,SINDHULI,Oct,85.946616,27.201411
2022-10-01,2022-10-31,2022,104,SINDHUPALCHOK,Oct,85.74062,27.913547
2022-10-01,2022-10-31,2022,6,SIRAHA,Oct,86.343228,26.756668
2022-10-01,2022-10-31,2022,5,SOLUKHUMBU,Oct,86.720435,27.712277
2022-10-01,2022-10-31,2022,252,SUNSARI,Oct,87.168075,26.650183
2022-10-01,2022-10-31,2022,13,SURKHET,Oct,81.588747,28.638041
2022-10-01,2022-10-31,2022,105,SYANGJA,Oct,83.807148,28.020918
2022-10-01,2022-10-31,2022,182,TANAHU,Oct,84.255788,27.955238
2022-10-01,2022-10-31,2022,10,TAPLEJUNG,Oct,87.82392,27.581409
2022-10-01,2022-10-31,2022,33,TERHATHUM,Oct,,
2022-10-01,2022-10-31,2022,81,UDAYAPUR,Oct,86.699994,26.912892
2022-11-01,2022-11-30,2022,3,ACHHAM,Nov,81.29952,29.113168
2022-11-01,2022-11-30,2022,9,ARGHAKHANCHI,Nov,83.076443,27.918388
2022-11-01,2022-11-30,2022,32,BAGLUNG,Nov,83.256547,28.345703
2022-11-01,2022-11-30,2022,10,BAITADI,Nov,80.571334,29.505689
2022-11-01,2022-11-30,2022,4,BAJHANG,Nov,81.180034,29.707134
2022-11-01,2022-11-30,2022,1,BAJURA,Nov,81.566283,29.560904
2022-11-01,2022-11-30,2022,2,BANKE,Nov,81.830504,28.086028
2022-11-01,2022-11-30,2022,45,BARA,Nov,85.073668,27.109349
2022-11-01,2022-11-30,2022,18,BARDIYA,Nov,81.40222,28.38422
2022-11-01,2022-11-30,2022,677,BHAKTAPUR,Nov,85.445311,27.6795
2022-11-01,2022-11-30,2022,9,BHOJPUR,Nov,87.071122,27.180289
2022-11-01,2022-11-30,2022,638,CHITAWAN,Nov,,
2022-11-01,2022-11-30,2022,4,DADELDHURA,Nov,80.488304,29.223501
2022-11-01,2022-11-30,2022,0,DAILEKH,Nov,81.678239,28.877029
2022-11-01,2022-11-30,2022,120,DANG,Nov,82.420482,27.962621
2022-11-01,2022-11-30,2022,12,DARCHULA,Nov,80.791568,29.945575
2022-11-01,2022-11-30,2022,378,DHADING,Nov,84.964879,27.95042
2022-11-01,2022-11-30,2022,8,DHANKUTA,Nov,87.334262,26.990685
2022-11-01,2022-11-30,2022,4,DHANUSA,Nov,86.036497,26.828948
2022-11-01,2022-11-30,2022,6,DOLAKHA,Nov,86.197848,27.783458
2022-11-01,2022-11-30,2022,1,DOLPA,Nov,83.054405,29.169521
2022-11-01,2022-11-30,2022,2,DOTI,Nov,80.897056,29.168335
2022-11-01,2022-11-30,2022,26,GORKHA,Nov,84.793552,28.319303
2022-11-01,2022-11-30,2022,0,GULMI,Nov,83.30513,28.093454
2022-11-01,2022-11-30,2022,0,HUMLA,Nov,81.882531,30.031208
2022-11-01,2022-11-30,2022,21,ILAM,Nov,87.907374,26.878962
2022-11-01,2022-11-30,2022,0,JAJARKOT,Nov,82.168636,28.864551
2022-11-01,2022-11-30,2022,35,JHAPA,Nov,87.916711,26.579753
2022-11-01,2022-11-30,2022,1,JUMLA,Nov,82.21957,29.271308
2022-11-01,2022-11-30,2022,4,KAILALI,Nov,80.878301,28.743337
2022-11-01,2022-11-30,2022,0,KALIKOT,Nov,81.753844,29.193673
2022-11-01,2022-11-30,2022,65,KANCHANPUR,Nov,80.324299,28.862625
2022-11-01,2022-11-30,2022,17,KAPILBASTU,Nov,,
2022-11-01,2022-11-30,2022,37,KASKI,Nov,84.001131,28.354534
2022-11-01,2022-11-30,2022,761,KATHMANDU,Nov,85.337535,27.724655
2022-11-01,2022-11-30,2022,24,KAVREPALANCHOK,Nov,,
2022-11-01,2022-11-30,2022,8,KHOTANG,Nov,86.790407,27.169442
2022-11-01,2022-11-30,2022,120,LALITPUR,Nov,85.344018,27.538779
2022-11-01,2022-11-30,2022,20,LAMJUNG,Nov,84.432971,28.291796
2022-11-01,2022-11-30,2022,16,MAHOTTARI,Nov,85.822562,26.882985
2022-11-01,2022-11-30,2022,590,MAKWANPUR,Nov,85.082346,27.469566
2022-11-01,2022-11-30,2022,4,MANANG,Nov,84.227051,28.675036
2022-11-01,2022-11-30,2022,37,MORANG,Nov,87.475601,26.617225
2022-11-01,2022-11-30,2022,0,MUGU,Nov,82.372693,29.616606
2022-11-01,2022-11-30,2022,0,MUSTANG,Nov,83.860701,28.981976
2022-11-01,2022-11-30,2022,14,MYAGDI,Nov,83.463235,28.553413
2022-11-01,2022-11-30,2022,37,NAWALPARASI EAST,Nov,,
2022-11-01,2022-11-30,2022,15,NAWALPARASI WEST,Nov,,
2022-11-01,2022-11-30,2022,40,NUWAKOT,Nov,85.239025,27.914061
2022-11-01,2022-11-30,2022,6,OKHALDHUNGA,Nov,86.422053,27.331392
2022-11-01,2022-11-30,2022,14,PALPA,Nov,83.62831,27.818697
2022-11-01,2022-11-30,2022,10,PANCHTHAR,Nov,87.778168,27.115081
2022-11-01,2022-11-30,2022,31,PARBAT,Nov,83.683179,28.20933
2022-11-01,2022-11-30,2022,37,PARSA,Nov,84.783053,27.239238
2022-11-01,2022-11-30,2022,4,PYUTHAN,Nov,82.869222,28.118369
2022-11-01,2022-11-30,2022,21,RAMECHHAP,Nov,86.173577,27.507863
2022-11-01,2022-11-30,2022,0,RASUWA,Nov,85.41387,28.182702
2022-11-01,2022-11-30,2022,15,RAUTAHAT,Nov,85.305507,27.001849
2022-11-01,2022-11-30,2022,2,ROLPA,Nov,82.628029,28.343082
2022-11-01,2022-11-30,2022,3,RUKUM EAST,Nov,,
2022-11-01,2022-11-30,2022,3,RUKUM WEST,Nov,,
2022-11-01,2022-11-30,2022,20,RUPANDEHI,Nov,83.392355,27.581545
2022-11-01,2022-11-30,2022,5,SALYAN,Nov,82.139943,28.397336
2022-11-01,2022-11-30,2022,39,SANKHUWASABHA,Nov,87.281184,27.582168
2022-11-01,2022-11-30,2022,6,SAPTARI,Nov,86.72823,26.615953
2022-11-01,2022-11-30,2022,30,SARLAHI,Nov,85.566797,26.984775
2022-11-01,2022-11-30,2022,12,SINDHULI,Nov,85.946616,27.201411
2022-11-01,2022-11-30,2022,19,SINDHUPALCHOK,Nov,85.74062,27.913547
2022-11-01,2022-11-30,2022,2,SIRAHA,Nov,86.343228,26.756668
2022-11-01,2022-11-30,2022,3,SOLUKHUMBU,Nov,86.720435,27.712277
2022-11-01,2022-11-30,2022,18,SUNSARI,Nov,87.168075,26.650183
2022-11-01,2022-11-30,2022,0,SURKHET,Nov,81.588747,28.638041
2022-11-01,2022-11-30,2022,20,SYANGJA,Nov,83.807148,28.020918
2022-11-01,2022-11-30,2022,78,TANAHU,Nov,84.255788,27.955238
2022-11-01,2022-11-30,2022,3,TAPLEJUNG,Nov,87.82392,27.581409
2022-11-01,2022-11-30,2022,0,TERHATHUM,Nov,,
2022-11-01,2022-11-30,2022,14,UDAYAPUR,Nov,86.699994,26.912892
2022-12-01,2022-12-31,2022,0,ACHHAM,Dec,81.29952,29.113168
2022-12-01,2022-12-31,2022,3,ARGHAKHANCHI,Dec,83.076443,27.918388
2022-12-01,2022-12-31,2022,4,BAGLUNG,Dec,83.256547,28.345703
2022-12-01,2022-12-31,2022,0,BAITADI,Dec,80.571334,29.505689
2022-12-01,2022-12-31,2022,0,BAJHANG,Dec,81.180034,29.707134
2022-12-01,2022-12-31,2022,0,BAJURA,Dec,81.566283,29.560904
2022-12-01,2022-12-31,2022,1,BANKE,Dec,81.830504,28.086028
2022-12-01,2022-12-31,2022,5,BARA,Dec,85.073668,27.109349
2022-12-01,2022-12-31,2022,10,BARDIYA,Dec,81.40222,28.38422
2022-12-01,2022-12-31,2022,21,BHAKTAPUR,Dec,85.445311,27.6795
2022-12-01,2022-12-31,2022,1,BHOJPUR,Dec,87.071122,27.180289
2022-12-01,2022-12-31,2022,40,CHITAWAN,Dec,,
2022-12-01,2022-12-31,2022,0,DADELDHURA,Dec,80.488304,29.223501
2022-12-01,2022-12-31,2022,0,DAILEKH,Dec,81.678239,28.877029
2022-12-01,2022-12-31,2022,5,DANG,Dec,82.420482,27.962621
2022-12-01,2022-12-31,2022,11,DARCHULA,Dec,80.791568,29.945575
2022-12-01,2022-12-31,2022,38,DHADING,Dec,84.964879,27.95042
2022-12-01,2022-12-31,2022,2,DHANKUTA,Dec,87.334262,26.990685
2022-12-01,2022-12-31,2022,2,DHANUSA,Dec,86.036497,26.828948
2022-12-01,2022-12-31,2022,2,DOLAKHA,Dec,86.197848,27.783458
2022-12-01,2022-12-31,2022,0,DOLPA,Dec,83.054405,29.169521
2022-12-01,2022-12-31,2022,1,DOTI,Dec,80.897056,29.168335
2022-12-01,2022-12-31,2022,2,GORKHA,Dec,84.793552,28.319303
2022-12-01,2022-12-31,2022,0,GULMI,Dec,83.30513,28.093454
2022-12-01,2022-12-31,2022,0,HUMLA,Dec,81.882531,30.031208
2022-12-01,2022-12-31,2022,1,ILAM,Dec,87.907374,26.878962
2022-12-01,2022-12-31,2022,0,JAJARKOT,Dec,82.168636,28.864551
2022-12-01,2022-12-31,2022,16,JHAPA,Dec,87.916711,26.579753
2022-12-01,2022-12-31,2022,3,JUMLA,Dec,82.21957,29.271308
2022-12-01,2022-12-31,2022,2,KAILALI,Dec,80.878301,28.743337
2022-12-01,2022-12-31,2022,0,KALIKOT,Dec,81.753844,29.193673
2022-12-01,2022-12-31,2022,22,KANCHANPUR,Dec,80.324299,28.862625
2022-12-01,2022-12-31,2022,2,KAPILBASTU,Dec,,
2022-12-01,2022-12-31,2022,9,KASKI,Dec,84.001131,28.354534
2022-12-01,2022-12-31,2022,49,KATHMANDU,Dec,85.337535,27.724655
2022-12-01,2022-12-31,2022,21,KAVREPALANCHOK,Dec,,
2022-12-01,2022-12-31,2022,0,KHOTANG,Dec,86.790407,27.169442
2022-12-01,2022-12-31,2022,11,LALITPUR,Dec,85.344018,27.538779
2022-12-01,2022-12-31,2022,9,LAMJUNG,Dec,84.432971,28.291796
2022-12-01,2022-12-31,2022,4,MAHOTTARI,Dec,85.822562,26.882985
2022-12-01,2022-12-31,2022,17,MAKWANPUR,Dec,85.082346,27.469566
2022-12-01,2022-12-31,2022,0,MANANG,Dec,84.227051,28.675036
2022-12-01,2022-12-31,2022,11,MORANG,Dec,87.475601,26.617225
2022-12-01,2022-12-31,2022,0,MUGU,Dec,82.372693,29.616606
2022-12-01,2022-12-31,2022,0,MUSTANG,Dec,83.860701,28.981976
2022-12-01,2022-12-31,2022,5,MYAGDI,Dec,83.463235,28.553413
2022-12-01,2022-12-31,2022,18,NAWALPARASI EAST,Dec,,
2022-12-01,2022-12-31,2022,2,NAWALPARASI WEST,Dec,,
2022-12-01,2022-12-31,2022,0,NUWAKOT,Dec,85.239025,27.914061
2022-12-01,2022-12-31,2022,0,OKHALDHUNGA,Dec,86.422053,27.331392
2022-12-01,2022-12-31,2022,5,PALPA,Dec,83.62831,27.818697
2022-12-01,2022-12-31,2022,2,PANCHTHAR,Dec,87.778168,27.115081
2022-12-01,2022-12-31,2022,10,PARBAT,Dec,83.683179,28.20933
2022-12-01,2022-12-31,2022,8,PARSA,Dec,84.783053,27.239238
2022-12-01,2022-12-31,2022,0,PYUTHAN,Dec,82.869222,28.118369
2022-12-01,2022-12-31,2022,20,RAMECHHAP,Dec,86.173577,27.507863
2022-12-01,2022-12-31,2022,0,RASUWA,Dec,85.41387,28.182702
2022-12-01,2022-12-31,2022,3,RAUTAHAT,Dec,85.305507,27.001849
2022-12-01,2022-12-31,2022,0,ROLPA,Dec,82.628029,28.343082
2022-12-01,2022-12-31,2022,0,RUKUM EAST,Dec,,
2022-12-01,2022-12-31,2022,0,RUKUM WEST,Dec,,
2022-12-01,2022-12-31,2022,16,RUPANDEHI,Dec,83.392355,27.581545
2022-12-01,2022-12-31,2022,0,SALYAN,Dec,82.139943,28.397336
2022-12-01,2022-12-31,2022,14,SANKHUWASABHA,Dec,87.281184,27.582168
2022-12-01,2022-12-31,2022,0,SAPTARI,Dec,86.72823,26.615953
2022-12-01,2022-12-31,2022,1,SARLAHI,Dec,85.566797,26.984775
2022-12-01,2022-12-31,2022,2,SINDHULI,Dec,85.946616,27.201411
2022-12-01,2022-12-31,2022,0,SINDHUPALCHOK,Dec,85.74062,27.913547
2022-12-01,2022-12-31,2022,3,SIRAHA,Dec,86.343228,26.756668
2022-12-01,2022-12-31,2022,2,SOLUKHUMBU,Dec,86.720435,27.712277
2022-12-01,2022-12-31,2022,26,SUNSARI,Dec,87.168075,26.650183
2022-12-01,2022-12-31,2022,2,SURKHET,Dec,81.588747,28.638041
2022-12-01,2022-12-31,2022,7,SYANGJA,Dec,83.807148,28.020918
2022-12-01,2022-12-31,2022,10,TANAHU,Dec,84.255788,27.955238
2022-12-01,2022-12-31,2022,0,TAPLEJUNG,Dec,87.82392,27.581409
2022-12-01,2022-12-31,2022,1,TERHATHUM,Dec,,
2022-12-01,2022-12-31,2022,1,UDAYAPUR,Dec,86.699994,26.912892
2023-01-01,2023-01-31,2023,0,TAPLEJUNG,Jan,87.82392,27.581409
2023-01-01,2023-01-31,2023,0,SANKHUWASABHA,Jan,87.281184,27.582168
2023-01-01,2023-01-31,2023,0,SOLUKHUMBU,Jan,86.720435,27.712277
2023-01-01,2023-01-31,2023,0,OKHALDHUNGA,Jan,86.422053,27.331392
2023-01-01,2023-01-31,2023,0,KHOTANG,Jan,86.790407,27.169442
2023-01-01,2023-01-31,2023,0,BHOJPUR,Jan,87.071122,27.180289
2023-01-01,2023-01-31,2023,0,DHANKUTA,Jan,87.334262,26.990685
2023-01-01,2023-01-31,2023,0,TERHATHUM,Jan,,
2023-01-01,2023-01-31,2023,0,PANCHTHAR,Jan,87.778168,27.115081
2023-01-01,2023-01-31,2023,0,ILAM,Jan,87.907374,26.878962
2023-01-01,2023-01-31,2023,5,JHAPA,Jan,87.916711,26.579753
2023-01-01,2023-01-31,2023,2,MORANG,Jan,87.475601,26.617225
2023-01-01,2023-01-31,2023,6,SUNSARI,Jan,87.168075,26.650183
2023-01-01,2023-01-31,2023,0,UDAYAPUR,Jan,86.699994,26.912892
2023-01-01,2023-01-31,2023,0,SAPTARI,Jan,86.72823,26.615953
2023-01-01,2023-01-31,2023,1,SIRAHA,Jan,86.343228,26.756668
2023-01-01,2023-01-31,2023,0,DHANUSA,Jan,86.036497,26.828948
2023-01-01,2023-01-31,2023,1,MAHOTTARI,Jan,85.822562,26.882985
2023-01-01,2023-01-31,2023,0,SARLAHI,Jan,85.566797,26.984775
2023-01-01,2023-01-31,2023,0,RAUTAHAT,Jan,85.305507,27.001849
2023-01-01,2023-01-31,2023,1,BARA,Jan,85.073668,27.109349
2023-01-01,2023-01-31,2023,1,PARSA,Jan,84.783053,27.239238
2023-01-01,2023-01-31,2023,2,DOLAKHA,Jan,86.197848,27.783458
2023-01-01,2023-01-31,2023,1,SINDHUPALCHOK,Jan,85.74062,27.913547
2023-01-01,2023-01-31,2023,0,RASUWA,Jan,85.41387,28.182702
2023-01-01,2023-01-31,2023,2,DHADING,Jan,84.964879,27.95042
2023-01-01,2023-01-31,2023,0,NUWAKOT,Jan,85.239025,27.914061
2023-01-01,2023-01-31,2023,10,KATHMANDU,Jan,85.337535,27.724655
2023-01-01,2023-01-31,2023,5,BHAKTAPUR,Jan,85.445311,27.6795
2023-01-01,2023-01-31,2023,4,LALITPUR,Jan,85.344018,27.538779
2023-01-01,2023-01-31,2023,7,KAVREPALANCHOK,Jan,,
2023-01-01,2023-01-31,2023,11,RAMECHHAP,Jan,86.173577,27.507863
2023-01-01,2023-01-31,2023,1,SINDHULI,Jan,85.946616,27.201411
2023-01-01,2023-01-31,2023,1,MAKWANPUR,Jan,85.082346,27.469566
2023-01-01,2023-01-31,2023,14,CHITAWAN,Jan,,
2023-01-01,2023-01-31,2023,1,GORKHA,Jan,84.793552,28.319303
2023-01-01,2023-01-31,2023,0,MANANG,Jan,84.227051,28.675036
2023-01-01,2023-01-31,2023,0,MUSTANG,Jan,83.860701,28.981976
2023-01-01,2023-01-31,2023,7,MYAGDI,Jan,83.463235,28.553413
2023-01-01,2023-01-31,2023,2,KASKI,Jan,84.001131,28.354534
2023-01-01,2023-01-31,2023,0,LAMJUNG,Jan,84.432971,28.291796
2023-01-01,2023-01-31,2023,0,TANAHU,Jan,84.255788,27.955238
2023-01-01,2023-01-31,2023,5,NAWALPARASI EAST,Jan,,
2023-01-01,2023-01-31,2023,1,SYANGJA,Jan,83.807148,28.020918
2023-01-01,2023-01-31,2023,2,PARBAT,Jan,83.683179,28.20933
2023-01-01,2023-01-31,2023,0,BAGLUNG,Jan,83.256547,28.345703
2023-01-01,2023-01-31,2023,0,RUKUM EAST,Jan,,
2023-01-01,2023-01-31,2023,0,ROLPA,Jan,82.628029,28.343082
2023-01-01,2023-01-31,2023,0,PYUTHAN,Jan,82.869222,28.118369
2023-01-01,2023-01-31,2023,1,GULMI,Jan,83.30513,28.093454
2023-01-01,2023-01-31,2023,0,ARGHAKHANCHI,Jan,83.076443,27.918388
2023-01-01,2023-01-31,2023,1,PALPA,Jan,83.62831,27.818697
2023-01-01,2023-01-31,2023,0,NAWALPARASI WEST,Jan,,
2023-01-01,2023-01-31,2023,7,RUPANDEHI,Jan,83.392355,27.581545
2023-01-01,2023-01-31,2023,3,KAPILBASTU,Jan,,
2023-01-01,2023-01-31,2023,4,DANG,Jan,82.420482,27.962621
2023-01-01,2023-01-31,2023,1,BANKE,Jan,81.830504,28.086028
2023-01-01,2023-01-31,2023,5,BARDIYA,Jan,81.40222,28.38422
2023-01-01,2023-01-31,2023,0,DOLPA,Jan,83.054405,29.169521
2023-01-01,2023-01-31,2023,0,MUGU,Jan,82.372693,29.616606
2023-01-01,2023-01-31,2023,0,HUMLA,Jan,81.882531,30.031208
2023-01-01,2023-01-31,2023,0,JUMLA,Jan,82.21957,29.271308
2023-01-01,2023-01-31,2023,0,KALIKOT,Jan,81.753844,29.193673
2023-01-01,2023-01-31,2023,0,DAILEKH,Jan,81.678239,28.877029
2023-01-01,2023-01-31,2023,0,JAJARKOT,Jan,82.168636,28.864551
2023-01-01,2023-01-31,2023,0,RUKUM WEST,Jan,,
2023-01-01,2023-01-31,2023,0,SALYAN,Jan,82.139943,28.397336
2023-01-01,2023-01-31,2023,0,SURKHET,Jan,81.588747,28.638041
2023-01-01,2023-01-31,2023,1,BAJURA,Jan,81.566283,29.560904
2023-01-01,2023-01-31,2023,0,BAJHANG,Jan,81.180034,29.707134
2023-01-01,2023-01-31,2023,9,DARCHULA,Jan,80.791568,29.945575
2023-01-01,2023-01-31,2023,0,BAITADI,Jan,80.571334,29.505689
2023-01-01,2023-01-31,2023,0,DADELDHURA,Jan,80.488304,29.223501
2023-01-01,2023-01-31,2023,0,DOTI,Jan,80.897056,29.168335
2023-01-01,2023-01-31,2023,1,ACHHAM,Jan,81.29952,29.113168
2023-01-01,2023-01-31,2023,4,KAILALI,Jan,80.878301,28.743337
2023-01-01,2023-01-31,2023,2,KANCHANPUR,Jan,80.324299,28.862625
2023-02-01,2023-02-28,2023,0,TAPLEJUNG,Feb,87.82392,27.581409
2023-02-01,2023-02-28,2023,1,SANKHUWASABHA,Feb,87.281184,27.582168
2023-02-01,2023-02-28,2023,0,SOLUKHUMBU,Feb,86.720435,27.712277
2023-02-01,2023-02-28,2023,0,OKHALDHUNGA,Feb,86.422053,27.331392
2023-02-01,2023-02-28,2023,2,KHOTANG,Feb,86.790407,27.169442
2023-02-01,2023-02-28,2023,0,BHOJPUR,Feb,87.071122,27.180289
2023-02-01,2023-02-28,2023,0,DHANKUTA,Feb,87.334262,26.990685
2023-02-01,2023-02-28,2023,2,TERHATHUM,Feb,,
2023-02-01,2023-02-28,2023,1,PANCHTHAR,Feb,87.778168,27.115081
2023-02-01,2023-02-28,2023,0,ILAM,Feb,87.907374,26.878962
2023-02-01,2023-02-28,2023,2,JHAPA,Feb,87.916711,26.579753
2023-02-01,2023-02-28,2023,2,MORANG,Feb,87.475601,26.617225
2023-02-01,2023-02-28,2023,2,SUNSARI,Feb,87.168075,26.650183
2023-02-01,2023-02-28,2023,1,UDAYAPUR,Feb,86.699994,26.912892
2023-02-01,2023-02-28,2023,0,SAPTARI,Feb,86.72823,26.615953
2023-02-01,2023-02-28,2023,1,SIRAHA,Feb,86.343228,26.756668
2023-02-01,2023-02-28,2023,0,DHANUSA,Feb,86.036497,26.828948
2023-02-01,2023-02-28,2023,0,MAHOTTARI,Feb,85.822562,26.882985
2023-02-01,2023-02-28,2023,1,SARLAHI,Feb,85.566797,26.984775
2023-02-01,2023-02-28,2023,0,RAUTAHAT,Feb,85.305507,27.001849
2023-02-01,2023-02-28,2023,1,BARA,Feb,85.073668,27.109349
2023-02-01,2023-02-28,2023,0,PARSA,Feb,84.783053,27.239238
2023-02-01,2023-02-28,2023,0,DOLAKHA,Feb,86.197848,27.783458
2023-02-01,2023-02-28,2023,0,SINDHUPALCHOK,Feb,85.74062,27.913547
2023-02-01,2023-02-28,2023,0,RASUWA,Feb,85.41387,28.182702
2023-02-01,2023-02-28,2023,1,DHADING,Feb,84.964879,27.95042
2023-02-01,2023-02-28,2023,0,NUWAKOT,Feb,85.239025,27.914061
2023-02-01,2023-02-28,2023,4,KATHMANDU,Feb,85.337535,27.724655
2023-02-01,2023-02-28,2023,9,BHAKTAPUR,Feb,85.445311,27.6795
2023-02-01,2023-02-28,2023,3,LALITPUR,Feb,85.344018,27.538779
2023-02-01,2023-02-28,2023,2,KAVREPALANCHOK,Feb,,
2023-02-01,2023-02-28,2023,11,RAMECHHAP,Feb,86.173577,27.507863
2023-02-01,2023-02-28,2023,0,SINDHULI,Feb,85.946616,27.201411
2023-02-01,2023-02-28,2023,0,MAKWANPUR,Feb,85.082346,27.469566
2023-02-01,2023-02-28,2023,1,CHITAWAN,Feb,,
2023-02-01,2023-02-28,2023,0,GORKHA,Feb,84.793552,28.319303
2023-02-01,2023-02-28,2023,0,MANANG,Feb,84.227051,28.675036
2023-02-01,2023-02-28,2023,0,MUSTANG,Feb,83.860701,28.981976
2023-02-01,2023-02-28,2023,8,MYAGDI,Feb,83.463235,28.553413
2023-02-01,2023-02-28,2023,1,KASKI,Feb,84.001131,28.354534
2023-02-01,2023-02-28,2023,0,LAMJUNG,Feb,84.432971,28.291796
2023-02-01,2023-02-28,2023,0,TANAHU,Feb,84.255788,27.955238
2023-02-01,2023-02-28,2023,3,NAWALPARASI EAST,Feb,,
2023-02-01,2023-02-28,2023,0,SYANGJA,Feb,83.807148,28.020918
2023-02-01,2023-02-28,2023,0,PARBAT,Feb,83.683179,28.20933
2023-02-01,2023-02-28,2023,0,BAGLUNG,Feb,83.256547,28.345703
2023-02-01,2023-02-28,2023,0,RUKUM EAST,Feb,,
2023-02-01,2023-02-28,2023,0,ROLPA,Feb,82.628029,28.343082
2023-02-01,2023-02-28,2023,0,PYUTHAN,Feb,82.869222,28.118369
2023-02-01,2023-02-28,2023,1,GULMI,Feb,83.30513,28.093454
2023-02-01,2023-02-28,2023,1,ARGHAKHANCHI,Feb,83.076443,27.918388
2023-02-01,2023-02-28,2023,4,PALPA,Feb,83.62831,27.818697
2023-02-01,2023-02-28,2023,0,NAWALPARASI WEST,Feb,,
2023-02-01,2023-02-28,2023,6,RUPANDEHI,Feb,83.392355,27.581545
2023-02-01,2023-02-28,2023,2,KAPILBASTU,Feb,,
2023-02-01,2023-02-28,2023,0,DANG,Feb,82.420482,27.962621
2023-02-01,2023-02-28,2023,1,BANKE,Feb,81.830504,28.086028
2023-02-01,2023-02-28,2023,1,BARDIYA,Feb,81.40222,28.38422
2023-02-01,2023-02-28,2023,0,DOLPA,Feb,83.054405,29.169521
2023-02-01,2023-02-28,2023,0,MUGU,Feb,82.372693,29.616606
2023-02-01,2023-02-28,2023,0,HUMLA,Feb,81.882531,30.031208
2023-02-01,2023-02-28,2023,0,JUMLA,Feb,82.21957,29.271308
2023-02-01,2023-02-28,2023,0,KALIKOT,Feb,81.753844,29.193673
2023-02-01,2023-02-28,2023,0,DAILEKH,Feb,81.678239,28.877029
2023-02-01,2023-02-28,2023,0,JAJARKOT,Feb,82.168636,28.864551
2023-02-01,2023-02-28,2023,1,RUKUM WEST,Feb,,
2023-02-01,2023-02-28,2023,0,SALYAN,Feb,82.139943,28.397336
2023-02-01,2023-02-28,2023,0,SURKHET,Feb,81.588747,28.638041
2023-02-01,2023-02-28,2023,0,BAJURA,Feb,81.566283,29.560904
2023-02-01,2023-02-28,2023,0,BAJHANG,Feb,81.180034,29.707134
2023-02-01,2023-02-28,2023,33,DARCHULA,Feb,80.791568,29.945575
2023-02-01,2023-02-28,2023,1,BAITADI,Feb,80.571334,29.505689
2023-02-01,2023-02-28,2023,1,DADELDHURA,Feb,80.488304,29.223501
2023-02-01,2023-02-28,2023,2,DOTI,Feb,80.897056,29.168335
2023-02-01,2023-02-28,2023,1,ACHHAM,Feb,81.29952,29.113168
2023-02-01,2023-02-28,2023,4,KAILALI,Feb,80.878301,28.743337
2023-02-01,2023-02-28,2023,12,KANCHANPUR,Feb,80.324299,28.862625
2023-03-01,2023-03-31,2023,0,TAPLEJUNG,Mar,87.82392,27.581409
2023-03-01,2023-03-31,2023,0,SANKHUWASABHA,Mar,87.281184,27.582168
2023-03-01,2023-03-31,2023,0,SOLUKHUMBU,Mar,86.720435,27.712277
2023-03-01,2023-03-31,2023,0,OKHALDHUNGA,Mar,86.422053,27.331392
2023-03-01,2023-03-31,2023,1,KHOTANG,Mar,86.790407,27.169442
2023-03-01,2023-03-31,2023,0,BHOJPUR,Mar,87.071122,27.180289
2023-03-01,2023-03-31,2023,0,DHANKUTA,Mar,87.334262,26.990685
2023-03-01,2023-03-31,2023,0,TERHATHUM,Mar,,
2023-03-01,2023-03-31,2023,0,PANCHTHAR,Mar,87.778168,27.115081
2023-03-01,2023-03-31,2023,0,ILAM,Mar,87.907374,26.878962
2023-03-01,2023-03-31,2023,6,JHAPA,Mar,87.916711,26.579753
2023-03-01,2023-03-31,2023,3,MORANG,Mar,87.475601,26.617225
2023-03-01,2023-03-31,2023,3,SUNSARI,Mar,87.168075,26.650183
2023-03-01,2023-03-31,2023,1,UDAYAPUR,Mar,86.699994,26.912892
2023-03-01,2023-03-31,2023,0,SAPTARI,Mar,86.72823,26.615953
2023-03-01,2023-03-31,2023,2,SIRAHA,Mar,86.343228,26.756668
2023-03-01,2023-03-31,2023,0,DHANUSA,Mar,86.036497,26.828948
2023-03-01,2023-03-31,2023,0,MAHOTTARI,Mar,85.822562,26.882985
2023-03-01,2023-03-31,2023,0,SARLAHI,Mar,85.566797,26.984775
2023-03-01,2023-03-31,2023,0,RAUTAHAT,Mar,85.305507,27.001849
2023-03-01,2023-03-31,2023,0,BARA,Mar,85.073668,27.109349
2023-03-01,2023-03-31,2023,0,PARSA,Mar,84.783053,27.239238
2023-03-01,2023-03-31,2023,0,DOLAKHA,Mar,86.197848,27.783458
2023-03-01,2023-03-31,2023,0,SINDHUPALCHOK,Mar,85.74062,27.913547
2023-03-01,2023-03-31,2023,0,RASUWA,Mar,85.41387,28.182702
2023-03-01,2023-03-31,2023,5,DHADING,Mar,84.964879,27.95042
2023-03-01,2023-03-31,2023,0,NUWAKOT,Mar,85.239025,27.914061
2023-03-01,2023-03-31,2023,4,KATHMANDU,Mar,85.337535,27.724655
2023-03-01,2023-03-31,2023,12,BHAKTAPUR,Mar,85.445311,27.6795
2023-03-01,2023-03-31,2023,1,LALITPUR,Mar,85.344018,27.538779
2023-03-01,2023-03-31,2023,0,KAVREPALANCHOK,Mar,,
2023-03-01,2023-03-31,2023,0,RAMECHHAP,Mar,86.173577,27.507863
2023-03-01,2023-03-31,2023,4,SINDHULI,Mar,85.946616,27.201411
2023-03-01,2023-03-31,2023,2,MAKWANPUR,Mar,85.082346,27.469566
2023-03-01,2023-03-31,2023,1,CHITAWAN,Mar,,
2023-03-01,2023-03-31,2023,0,GORKHA,Mar,84.793552,28.319303
2023-03-01,2023-03-31,2023,0,MANANG,Mar,84.227051,28.675036
2023-03-01,2023-03-31,2023,11,MUSTANG,Mar,83.860701,28.981976
2023-03-01,2023-03-31,2023,0,MYAGDI,Mar,83.463235,28.553413
2023-03-01,2023-03-31,2023,0,KASKI,Mar,84.001131,28.354534
2023-03-01,2023-03-31,2023,1,LAMJUNG,Mar,84.432971,28.291796
2023-03-01,2023-03-31,2023,0,TANAHU,Mar,84.255788,27.955238
2023-03-01,2023-03-31,2023,0,NAWALPARASI EAST,Mar,,
2023-03-01,2023-03-31,2023,0,SYANGJA,Mar,83.807148,28.020918
2023-03-01,2023-03-31,2023,0,PARBAT,Mar,83.683179,28.20933
2023-03-01,2023-03-31,2023,0,BAGLUNG,Mar,83.256547,28.345703
2023-03-01,2023-03-31,2023,0,RUKUM EAST,Mar,,
2023-03-01,2023-03-31,2023,0,ROLPA,Mar,82.628029,28.343082
2023-03-01,2023-03-31,2023,0,PYUTHAN,Mar,82.869222,28.118369
2023-03-01,2023-03-31,2023,3,GULMI,Mar,83.30513,28.093454
2023-03-01,2023-03-31,2023,1,ARGHAKHANCHI,Mar,83.076443,27.918388
2023-03-01,2023-03-31,2023,1,PALPA,Mar,83.62831,27.818697
2023-03-01,2023-03-31,2023,2,NAWALPARASI WEST,Mar,,
2023-03-01,2023-03-31,2023,4,RUPANDEHI,Mar,83.392355,27.581545
2023-03-01,2023-03-31,2023,1,KAPILBASTU,Mar,,
2023-03-01,2023-03-31,2023,0,DANG,Mar,82.420482,27.962621
2023-03-01,2023-03-31,2023,0,BANKE,Mar,81.830504,28.086028
2023-03-01,2023-03-31,2023,1,BARDIYA,Mar,81.40222,28.38422
2023-03-01,2023-03-31,2023,0,DOLPA,Mar,83.054405,29.169521
2023-03-01,2023-03-31,2023,0,MUGU,Mar,82.372693,29.616606
2023-03-01,2023-03-31,2023,0,HUMLA,Mar,81.882531,30.031208
2023-03-01,2023-03-31,2023,0,JUMLA,Mar,82.21957,29.271308
2023-03-01,2023-03-31,2023,0,KALIKOT,Mar,81.753844,29.193673
2023-03-01,2023-03-31,2023,0,DAILEKH,Mar,81.678239,28.877029
2023-03-01,2023-03-31,2023,1,JAJARKOT,Mar,82.168636,28.864551
2023-03-01,2023-03-31,2023,1,RUKUM WEST,Mar,,
2023-03-01,2023-03-31,2023,0,SALYAN,Mar,82.139943,28.397336
2023-03-01,2023-03-31,2023,2,SURKHET,Mar,81.588747,28.638041
2023-03-01,2023-03-31,2023,1,BAJURA,Mar,81.566283,29.560904
2023-03-01,2023-03-31,2023,1,BAJHANG,Mar,81.180034,29.707134
2023-03-01,2023-03-31,2023,117,DARCHULA,Mar,80.791568,29.945575
2023-03-01,2023-03-31,2023,3,BAITADI,Mar,80.571334,29.505689
2023-03-01,2023-03-31,2023,1,DADELDHURA,Mar,80.488304,29.223501
2023-03-01,2023-03-31,2023,0,DOTI,Mar,80.897056,29.168335
2023-03-01,2023-03-31,2023,1,ACHHAM,Mar,81.29952,29.113168
2023-03-01,2023-03-31,2023,2,KAILALI,Mar,80.878301,28.743337
2023-03-01,2023-03-31,2023,4,KANCHANPUR,Mar,80.324299,28.862625
2023-04-01,2023-04-30,2023,0,TAPLEJUNG,Apr,87.82392,27.581409
2023-04-01,2023-04-30,2023,0,SANKHUWASABHA,Apr,87.281184,27.582168
2023-04-01,2023-04-30,2023,0,SOLUKHUMBU,Apr,86.720435,27.712277
2023-04-01,2023-04-30,2023,0,OKHALDHUNGA,Apr,86.422053,27.331392
2023-04-01,2023-04-30,2023,0,KHOTANG,Apr,86.790407,27.169442
2023-04-01,2023-04-30,2023,1,BHOJPUR,Apr,87.071122,27.180289
2023-04-01,2023-04-30,2023,0,DHANKUTA,Apr,87.334262,26.990685
2023-04-01,2023-04-30,2023,0,TERHATHUM,Apr,,
2023-04-01,2023-04-30,2023,0,PANCHTHAR,Apr,87.778168,27.115081
2023-04-01,2023-04-30,2023,0,ILAM,Apr,87.907374,26.878962
2023-04-01,2023-04-30,2023,3,JHAPA,Apr,87.916711,26.579753
2023-04-01,2023-04-30,2023,3,MORANG,Apr,87.475601,26.617225
2023-04-01,2023-04-30,2023,1,SUNSARI,Apr,87.168075,26.650183
2023-04-01,2023-04-30,2023,0,UDAYAPUR,Apr,86.699994,26.912892
2023-04-01,2023-04-30,2023,1,SAPTARI,Apr,86.72823,26.615953
2023-04-01,2023-04-30,2023,0,SIRAHA,Apr,86.343228,26.756668
2023-04-01,2023-04-30,2023,0,DHANUSA,Apr,86.036497,26.828948
2023-04-01,2023-04-30,2023,0,MAHOTTARI,Apr,85.822562,26.882985
2023-04-01,2023-04-30,2023,1,SARLAHI,Apr,85.566797,26.984775
2023-04-01,2023-04-30,2023,0,RAUTAHAT,Apr,85.305507,27.001849
2023-04-01,2023-04-30,2023,1,BARA,Apr,85.073668,27.109349
2023-04-01,2023-04-30,2023,0,PARSA,Apr,84.783053,27.239238
2023-04-01,2023-04-30,2023,1,DOLAKHA,Apr,86.197848,27.783458
2023-04-01,2023-04-30,2023,0,SINDHUPALCHOK,Apr,85.74062,27.913547
2023-04-01,2023-04-30,2023,0,RASUWA,Apr,85.41387,28.182702
2023-04-01,2023-04-30,2023,41,DHADING,Apr,84.964879,27.95042
2023-04-01,2023-04-30,2023,2,NUWAKOT,Apr,85.239025,27.914061
2023-04-01,2023-04-30,2023,1,KATHMANDU,Apr,85.337535,27.724655
2023-04-01,2023-04-30,2023,5,BHAKTAPUR,Apr,85.445311,27.6795
2023-04-01,2023-04-30,2023,0,LALITPUR,Apr,85.344018,27.538779
2023-04-01,2023-04-30,2023,0,KAVREPALANCHOK,Apr,,
2023-04-01,2023-04-30,2023,0,RAMECHHAP,Apr,86.173577,27.507863
2023-04-01,2023-04-30,2023,1,SINDHULI,Apr,85.946616,27.201411
2023-04-01,2023-04-30,2023,1,MAKWANPUR,Apr,85.082346,27.469566
2023-04-01,2023-04-30,2023,0,CHITAWAN,Apr,,
2023-04-01,2023-04-30,2023,0,GORKHA,Apr,84.793552,28.319303
2023-04-01,2023-04-30,2023,0,MANANG,Apr,84.227051,28.675036
2023-04-01,2023-04-30,2023,0,MUSTANG,Apr,83.860701,28.981976
2023-04-01,2023-04-30,2023,6,MYAGDI,Apr,83.463235,28.553413
2023-04-01,2023-04-30,2023,27,KASKI,Apr,84.001131,28.354534
2023-04-01,2023-04-30,2023,7,LAMJUNG,Apr,84.432971,28.291796
2023-04-01,2023-04-30,2023,1,TANAHU,Apr,84.255788,27.955238
2023-04-01,2023-04-30,2023,2,NAWALPARASI EAST,Apr,,
2023-04-01,2023-04-30,2023,0,SYANGJA,Apr,83.807148,28.020918
2023-04-01,2023-04-30,2023,2,PARBAT,Apr,83.683179,28.20933
2023-04-01,2023-04-30,2023,2,BAGLUNG,Apr,83.256547,28.345703
2023-04-01,2023-04-30,2023,1,RUKUM EAST,Apr,,
2023-04-01,2023-04-30,2023,0,ROLPA,Apr,82.628029,28.343082
2023-04-01,2023-04-30,2023,0,PYUTHAN,Apr,82.869222,28.118369
2023-04-01,2023-04-30,2023,0,GULMI,Apr,83.30513,28.093454
2023-04-01,2023-04-30,2023,0,ARGHAKHANCHI,Apr,83.076443,27.918388
2023-04-01,2023-04-30,2023,4,PALPA,Apr,83.62831,27.818697
2023-04-01,2023-04-30,2023,0,NAWALPARASI WEST,Apr,,
2023-04-01,2023-04-30,2023,3,RUPANDEHI,Apr,83.392355,27.581545
2023-04-01,2023-04-30,2023,0,KAPILBASTU,Apr,,
2023-04-01,2023-04-30,2023,3,DANG,Apr,82.420482,27.962621
2023-04-01,2023-04-30,2023,2,BANKE,Apr,81.830504,28.086028
2023-04-01,2023-04-30,2023,1,BARDIYA,Apr,81.40222,28.38422
2023-04-01,2023-04-30,2023,3,DOLPA,Apr,83.054405,29.169521
2023-04-01,2023-04-30,2023,0,MUGU,Apr,82.372693,29.616606
2023-04-01,2023-04-30,2023,0,HUMLA,Apr,81.882531,30.031208
2023-04-01,2023-04-30,2023,0,JUMLA,Apr,82.21957,29.271308
2023-04-01,2023-04-30,2023,0,KALIKOT,Apr,81.753844,29.193673
2023-04-01,2023-04-30,2023,0,DAILEKH,Apr,81.678239,28.877029
2023-04-01,2023-04-30,2023,0,JAJARKOT,Apr,82.168636,28.864551
2023-04-01,2023-04-30,2023,0,RUKUM WEST,Apr,,
2023-04-01,2023-04-30,2023,0,SALYAN,Apr,82.139943,28.397336
2023-04-01,2023-04-30,2023,1,SURKHET,Apr,81.588747,28.638041
2023-04-01,2023-04-30,2023,0,BAJURA,Apr,81.566283,29.560904
2023-04-01,2023-04-30,2023,0,BAJHANG,Apr,81.180034,29.707134
2023-04-01,2023-04-30,2023,15,DARCHULA,Apr,80.791568,29.945575
2023-04-01,2023-04-30,2023,0,BAITADI,Apr,80.571334,29.505689
2023-04-01,2023-04-30,2023,0,DADELDHURA,Apr,80.488304,29.223501
2023-04-01,2023-04-30,2023,0,DOTI,Apr,80.897056,29.168335
2023-04-01,2023-04-30,2023,2,ACHHAM,Apr,81.29952,29.113168
2023-04-01,2023-04-30,2023,2,KAILALI,Apr,80.878301,28.743337
2023-04-01,2023-04-30,2023,7,KANCHANPUR,Apr,80.324299,28.862625
2023-05-01,2023-05-31,2023,0,TAPLEJUNG,May,87.82392,27.581409
2023-05-01,2023-05-31,2023,13,SANKHUWASABHA,May,87.281184,27.582168
2023-05-01,2023-05-31,2023,0,SOLUKHUMBU,May,86.720435,27.712277
2023-05-01,2023-05-31,2023,0,OKHALDHUNGA,May,86.422053,27.331392
2023-05-01,2023-05-31,2023,0,KHOTANG,May,86.790407,27.169442
2023-05-01,2023-05-31,2023,0,BHOJPUR,May,87.071122,27.180289
2023-05-01,2023-05-31,2023,0,DHANKUTA,May,87.334262,26.990685
2023-05-01,2023-05-31,2023,0,TERHATHUM,May,,
2023-05-01,2023-05-31,2023,0,PANCHTHAR,May,87.778168,27.115081
2023-05-01,2023-05-31,2023,0,ILAM,May,87.907374,26.878962
2023-05-01,2023-05-31,2023,0,JHAPA,May,87.916711,26.579753
2023-05-01,2023-05-31,2023,1,MORANG,May,87.475601,26.617225
2023-05-01,2023-05-31,2023,1,SUNSARI,May,87.168075,26.650183
2023-05-01,2023-05-31,2023,0,UDAYAPUR,May,86.699994,26.912892
2023-05-01,2023-05-31,2023,0,SAPTARI,May,86.72823,26.615953
2023-05-01,2023-05-31,2023,0,SIRAHA,May,86.343228,26.756668
2023-05-01,2023-05-31,2023,0,DHANUSA,May,86.036497,26.828948
2023-05-01,2023-05-31,2023,0,MAHOTTARI,May,85.822562,26.882985
2023-05-01,2023-05-31,2023,1,SARLAHI,May,85.566797,26.984775
2023-05-01,2023-05-31,2023,1,RAUTAHAT,May,85.305507,27.001849
2023-05-01,2023-05-31,2023,0,BARA,May,85.073668,27.109349
2023-05-01,2023-05-31,2023,0,PARSA,May,84.783053,27.239238
2023-05-01,2023-05-31,2023,0,DOLAKHA,May,86.197848,27.783458
2023-05-01,2023-05-31,2023,0,SINDHUPALCHOK,May,85.74062,27.913547
2023-05-01,2023-05-31,2023,1,RASUWA,May,85.41387,28.182702
2023-05-01,2023-05-31,2023,18,DHADING,May,84.964879,27.95042
2023-05-01,2023-05-31,2023,2,NUWAKOT,May,85.239025,27.914061
2023-05-01,2023-05-31,2023,2,KATHMANDU,May,85.337535,27.724655
2023-05-01,2023-05-31,2023,2,BHAKTAPUR,May,85.445311,27.6795
2023-05-01,2023-05-31,2023,2,LALITPUR,May,85.344018,27.538779
2023-05-01,2023-05-31,2023,0,KAVREPALANCHOK,May,,
2023-05-01,2023-05-31,2023,0,RAMECHHAP,May,86.173577,27.507863
2023-05-01,2023-05-31,2023,0,SINDHULI,May,85.946616,27.201411
2023-05-01,2023-05-31,2023,0,MAKWANPUR,May,85.082346,27.469566
2023-05-01,2023-05-31,2023,0,CHITAWAN,May,,
2023-05-01,2023-05-31,2023,2,GORKHA,May,84.793552,28.319303
2023-05-01,2023-05-31,2023,1,MANANG,May,84.227051,28.675036
2023-05-01,2023-05-31,2023,0,MUSTANG,May,83.860701,28.981976
2023-05-01,2023-05-31,2023,6,MYAGDI,May,83.463235,28.553413
2023-05-01,2023-05-31,2023,35,KASKI,May,84.001131,28.354534
2023-05-01,2023-05-31,2023,15,LAMJUNG,May,84.432971,28.291796
2023-05-01,2023-05-31,2023,4,TANAHU,May,84.255788,27.955238
2023-05-01,2023-05-31,2023,2,NAWALPARASI EAST,May,,
2023-05-01,2023-05-31,2023,0,SYANGJA,May,83.807148,28.020918
2023-05-01,2023-05-31,2023,2,PARBAT,May,83.683179,28.20933
2023-05-01,2023-05-31,2023,1,BAGLUNG,May,83.256547,28.345703
2023-05-01,2023-05-31,2023,0,RUKUM EAST,May,,
2023-05-01,2023-05-31,2023,0,ROLPA,May,82.628029,28.343082
2023-05-01,2023-05-31,2023,0,PYUTHAN,May,82.869222,28.118369
2023-05-01,2023-05-31,2023,0,GULMI,May,83.30513,28.093454
2023-05-01,2023-05-31,2023,9,ARGHAKHANCHI,May,83.076443,27.918388
2023-05-01,2023-05-31,2023,5,PALPA,May,83.62831,27.818697
2023-05-01,2023-05-31,2023,0,NAWALPARASI WEST,May,,
2023-05-01,2023-05-31,2023,0,RUPANDEHI,May,83.392355,27.581545
2023-05-01,2023-05-31,2023,1,KAPILBASTU,May,,
2023-05-01,2023-05-31,2023,4,DANG,May,82.420482,27.962621
2023-05-01,2023-05-31,2023,1,BANKE,May,81.830504,28.086028
2023-05-01,2023-05-31,2023,2,BARDIYA,May,81.40222,28.38422
2023-05-01,2023-05-31,2023,0,DOLPA,May,83.054405,29.169521
2023-05-01,2023-05-31,2023,0,MUGU,May,82.372693,29.616606
2023-05-01,2023-05-31,2023,0,HUMLA,May,81.882531,30.031208
2023-05-01,2023-05-31,2023,0,JUMLA,May,82.21957,29.271308
2023-05-01,2023-05-31,2023,0,KALIKOT,May,81.753844,29.193673
2023-05-01,2023-05-31,2023,0,DAILEKH,May,81.678239,28.877029
2023-05-01,2023-05-31,2023,0,JAJARKOT,May,82.168636,28.864551
2023-05-01,2023-05-31,2023,1,RUKUM WEST,May,,
2023-05-01,2023-05-31,2023,1,SALYAN,May,82.139943,28.397336
2023-05-01,2023-05-31,2023,0,SURKHET,May,81.588747,28.638041
2023-05-01,2023-05-31,2023,0,BAJURA,May,81.566283,29.560904
2023-05-01,2023-05-31,2023,1,BAJHANG,May,81.180034,29.707134
2023-05-01,2023-05-31,2023,9,DARCHULA,May,80.791568,29.945575
2023-05-01,2023-05-31,2023,1,BAITADI,May,80.571334,29.505689
2023-05-01,2023-05-31,2023,0,DADELDHURA,May,80.488304,29.223501
2023-05-01,2023-05-31,2023,2,DOTI,May,80.897056,29.168335
2023-05-01,2023-05-31,2023,5,ACHHAM,May,81.29952,29.113168
2023-05-01,2023-05-31,2023,0,KAILALI,May,80.878301,28.743337
2023-05-01,2023-05-31,2023,4,KANCHANPUR,May,80.324299,28.862625
2023-06-01,2023-06-30,2023,1,TAPLEJUNG,Jun,87.82392,27.581409
2023-06-01,2023-06-30,2023,35,SANKHUWASABHA,Jun,87.281184,27.582168
2023-06-01,2023-06-30,2023,0,SOLUKHUMBU,Jun,86.720435,27.712277
2023-06-01,2023-06-30,2023,0,OKHALDHUNGA,Jun,86.422053,27.331392
2023-06-01,2023-06-30,2023,2,KHOTANG,Jun,86.790407,27.169442
2023-06-01,2023-06-30,2023,6,BHOJPUR,Jun,87.071122,27.180289
2023-06-01,2023-06-30,2023,7,DHANKUTA,Jun,87.334262,26.990685
2023-06-01,2023-06-30,2023,13,TERHATHUM,Jun,,
2023-06-01,2023-06-30,2023,0,PANCHTHAR,Jun,87.778168,27.115081
2023-06-01,2023-06-30,2023,0,ILAM,Jun,87.907374,26.878962
2023-06-01,2023-06-30,2023,8,JHAPA,Jun,87.916711,26.579753
2023-06-01,2023-06-30,2023,7,MORANG,Jun,87.475601,26.617225
2023-06-01,2023-06-30,2023,667,SUNSARI,Jun,87.168075,26.650183
2023-06-01,2023-06-30,2023,6,UDAYAPUR,Jun,86.699994,26.912892
2023-06-01,2023-06-30,2023,5,SAPTARI,Jun,86.72823,26.615953
2023-06-01,2023-06-30,2023,1,SIRAHA,Jun,86.343228,26.756668
2023-06-01,2023-06-30,2023,0,DHANUSA,Jun,86.036497,26.828948
2023-06-01,2023-06-30,2023,0,MAHOTTARI,Jun,85.822562,26.882985
2023-06-01,2023-06-30,2023,1,SARLAHI,Jun,85.566797,26.984775
2023-06-01,2023-06-30,2023,0,RAUTAHAT,Jun,85.305507,27.001849
2023-06-01,2023-06-30,2023,0,BARA,Jun,85.073668,27.109349
2023-06-01,2023-06-30,2023,1,PARSA,Jun,84.783053,27.239238
2023-06-01,2023-06-30,2023,0,DOLAKHA,Jun,86.197848,27.783458
2023-06-01,2023-06-30,2023,1,SINDHUPALCHOK,Jun,85.74062,27.913547
2023-06-01,2023-06-30,2023,2,RASUWA,Jun,85.41387,28.182702
2023-06-01,2023-06-30,2023,78,DHADING,Jun,84.964879,27.95042
2023-06-01,2023-06-30,2023,15,NUWAKOT,Jun,85.239025,27.914061
2023-06-01,2023-06-30,2023,11,KATHMANDU,Jun,85.337535,27.724655
2023-06-01,2023-06-30,2023,3,BHAKTAPUR,Jun,85.445311,27.6795
2023-06-01,2023-06-30,2023,8,LALITPUR,Jun,85.344018,27.538779
2023-06-01,2023-06-30,2023,1,KAVREPALANCHOK,Jun,,
2023-06-01,2023-06-30,2023,1,RAMECHHAP,Jun,86.173577,27.507863
2023-06-01,2023-06-30,2023,2,SINDHULI,Jun,85.946616,27.201411
2023-06-01,2023-06-30,2023,3,MAKWANPUR,Jun,85.082346,27.469566
2023-06-01,2023-06-30,2023,5,CHITAWAN,Jun,,
2023-06-01,2023-06-30,2023,1,GORKHA,Jun,84.793552,28.319303
2023-06-01,2023-06-30,2023,0,MANANG,Jun,84.227051,28.675036
2023-06-01,2023-06-30,2023,0,MUSTANG,Jun,83.860701,28.981976
2023-06-01,2023-06-30,2023,4,MYAGDI,Jun,83.463235,28.553413
2023-06-01,2023-06-30,2023,42,KASKI,Jun,84.001131,28.354534
2023-06-01,2023-06-30,2023,2,LAMJUNG,Jun,84.432971,28.291796
2023-06-01,2023-06-30,2023,7,TANAHU,Jun,84.255788,27.955238
2023-06-01,2023-06-30,2023,4,NAWALPARASI EAST,Jun,,
2023-06-01,2023-06-30,2023,2,SYANGJA,Jun,83.807148,28.020918
2023-06-01,2023-06-30,2023,1,PARBAT,Jun,83.683179,28.20933
2023-06-01,2023-06-30,2023,1,BAGLUNG,Jun,83.256547,28.345703
2023-06-01,2023-06-30,2023,1,RUKUM EAST,Jun,,
2023-06-01,2023-06-30,2023,0,ROLPA,Jun,82.628029,28.343082
2023-06-01,2023-06-30,2023,0,PYUTHAN,Jun,82.869222,28.118369
2023-06-01,2023-06-30,2023,0,GULMI,Jun,83.30513,28.093454
2023-06-01,2023-06-30,2023,2,ARGHAKHANCHI,Jun,83.076443,27.918388
2023-06-01,2023-06-30,2023,10,PALPA,Jun,83.62831,27.818697
2023-06-01,2023-06-30,2023,0,NAWALPARASI WEST,Jun,,
2023-06-01,2023-06-30,2023,6,RUPANDEHI,Jun,83.392355,27.581545
2023-06-01,2023-06-30,2023,1,KAPILBASTU,Jun,,
2023-06-01,2023-06-30,2023,7,DANG,Jun,82.420482,27.962621
2023-06-01,2023-06-30,2023,8,BANKE,Jun,81.830504,28.086028
2023-06-01,2023-06-30,2023,2,BARDIYA,Jun,81.40222,28.38422
2023-06-01,2023-06-30,2023,3,DOLPA,Jun,83.054405,29.169521
2023-06-01,2023-06-30,2023,0,MUGU,Jun,82.372693,29.616606
2023-06-01,2023-06-30,2023,0,HUMLA,Jun,81.882531,30.031208
2023-06-01,2023-06-30,2023,0,JUMLA,Jun,82.21957,29.271308
2023-06-01,2023-06-30,2023,0,KALIKOT,Jun,81.753844,29.193673
2023-06-01,2023-06-30,2023,1,DAILEKH,Jun,81.678239,28.877029
2023-06-01,2023-06-30,2023,0,JAJARKOT,Jun,82.168636,28.864551
2023-06-01,2023-06-30,2023,0,RUKUM WEST,Jun,,
2023-06-01,2023-06-30,2023,0,SALYAN,Jun,82.139943,28.397336
2023-06-01,2023-06-30,2023,1,SURKHET,Jun,81.588747,28.638041
2023-06-01,2023-06-30,2023,2,BAJURA,Jun,81.566283,29.560904
2023-06-01,2023-06-30,2023,4,BAJHANG,Jun,81.180034,29.707134
2023-06-01,2023-06-30,2023,5,DARCHULA,Jun,80.791568,29.945575
2023-06-01,2023-06-30,2023,0,BAITADI,Jun,80.571334,29.505689
2023-06-01,2023-06-30,2023,2,DADELDHURA,Jun,80.488304,29.223501
2023-06-01,2023-06-30,2023,0,DOTI,Jun,80.897056,29.168335
2023-06-01,2023-06-30,2023,4,ACHHAM,Jun,81.29952,29.113168
2023-06-01,2023-06-30,2023,8,KAILALI,Jun,80.878301,28.743337
2023-06-01,2023-06-30,2023,5,KANCHANPUR,Jun,80.324299,28.862625
2023-07-01,2023-07-31,2023,10,TAPLEJUNG,Jul,87.82392,27.581409
2023-07-01,2023-07-31,2023,63,SANKHUWASABHA,Jul,87.281184,27.582168
2023-07-01,2023-07-31,2023,1,SOLUKHUMBU,Jul,86.720435,27.712277
2023-07-01,2023-07-31,2023,2,OKHALDHUNGA,Jul,86.422053,27.331392
2023-07-01,2023-07-31,2023,7,KHOTANG,Jul,86.790407,27.169442
2023-07-01,2023-07-31,2023,41,BHOJPUR,Jul,87.071122,27.180289
2023-07-01,2023-07-31,2023,144,DHANKUTA,Jul,87.334262,26.990685
2023-07-01,2023-07-31,2023,42,TERHATHUM,Jul,,
2023-07-01,2023-07-31,2023,4,PANCHTHAR,Jul,87.778168,27.115081
2023-07-01,2023-07-31,2023,10,ILAM,Jul,87.907374,26.878962
2023-07-01,2023-07-31,2023,453,JHAPA,Jul,87.916711,26.579753
2023-07-01,2023-07-31,2023,739,MORANG,Jul,87.475601,26.617225
2023-07-01,2023-07-31,2023,3731,SUNSARI,Jul,87.168075,26.650183
2023-07-01,2023-07-31,2023,81,UDAYAPUR,Jul,86.699994,26.912892
2023-07-01,2023-07-31,2023,20,SAPTARI,Jul,86.72823,26.615953
2023-07-01,2023-07-31,2023,5,SIRAHA,Jul,86.343228,26.756668
2023-07-01,2023-07-31,2023,0,DHANUSA,Jul,86.036497,26.828948
2023-07-01,2023-07-31,2023,5,MAHOTTARI,Jul,85.822562,26.882985
2023-07-01,2023-07-31,2023,0,SARLAHI,Jul,85.566797,26.984775
2023-07-01,2023-07-31,2023,2,RAUTAHAT,Jul,85.305507,27.001849
2023-07-01,2023-07-31,2023,4,BARA,Jul,85.073668,27.109349
2023-07-01,2023-07-31,2023,4,PARSA,Jul,84.783053,27.239238
2023-07-01,2023-07-31,2023,0,DOLAKHA,Jul,86.197848,27.783458
2023-07-01,2023-07-31,2023,5,SINDHUPALCHOK,Jul,85.74062,27.913547
2023-07-01,2023-07-31,2023,4,RASUWA,Jul,85.41387,28.182702
2023-07-01,2023-07-31,2023,510,DHADING,Jul,84.964879,27.95042
2023-07-01,2023-07-31,2023,27,NUWAKOT,Jul,85.239025,27.914061
2023-07-01,2023-07-31,2023,64,KATHMANDU,Jul,85.337535,27.724655
2023-07-01,2023-07-31,2023,35,BHAKTAPUR,Jul,85.445311,27.6795
2023-07-01,2023-07-31,2023,75,LALITPUR,Jul,85.344018,27.538779
2023-07-01,2023-07-31,2023,8,KAVREPALANCHOK,Jul,,
2023-07-01,2023-07-31,2023,5,RAMECHHAP,Jul,86.173577,27.507863
2023-07-01,2023-07-31,2023,6,SINDHULI,Jul,85.946616,27.201411
2023-07-01,2023-07-31,2023,7,MAKWANPUR,Jul,85.082346,27.469566
2023-07-01,2023-07-31,2023,25,CHITAWAN,Jul,,
2023-07-01,2023-07-31,2023,1,GORKHA,Jul,84.793552,28.319303
2023-07-01,2023-07-31,2023,0,MANANG,Jul,84.227051,28.675036
2023-07-01,2023-07-31,2023,0,MUSTANG,Jul,83.860701,28.981976
2023-07-01,2023-07-31,2023,27,MYAGDI,Jul,83.463235,28.553413
2023-07-01,2023-07-31,2023,101,KASKI,Jul,84.001131,28.354534
2023-07-01,2023-07-31,2023,3,LAMJUNG,Jul,84.432971,28.291796
2023-07-01,2023-07-31,2023,3,TANAHU,Jul,84.255788,27.955238
2023-07-01,2023-07-31,2023,0,NAWALPARASI EAST,Jul,,
2023-07-01,2023-07-31,2023,0,SYANGJA,Jul,83.807148,28.020918
2023-07-01,2023-07-31,2023,1,PARBAT,Jul,83.683179,28.20933
2023-07-01,2023-07-31,2023,0,BAGLUNG,Jul,83.256547,28.345703
2023-07-01,2023-07-31,2023,0,RUKUM EAST,Jul,,
2023-07-01,2023-07-31,2023,1,ROLPA,Jul,82.628029,28.343082
2023-07-01,2023-07-31,2023,0,PYUTHAN,Jul,82.869222,28.118369
2023-07-01,2023-07-31,2023,3,GULMI,Jul,83.30513,28.093454
2023-07-01,2023-07-31,2023,9,ARGHAKHANCHI,Jul,83.076443,27.918388
2023-07-01,2023-07-31,2023,16,PALPA,Jul,83.62831,27.818697
2023-07-01,2023-07-31,2023,1,NAWALPARASI WEST,Jul,,
2023-07-01,2023-07-31,2023,19,RUPANDEHI,Jul,83.392355,27.581545
2023-07-01,2023-07-31,2023,2,KAPILBASTU,Jul,,
2023-07-01,2023-07-31,2023,12,DANG,Jul,82.420482,27.962621
2023-07-01,2023-07-31,2023,10,BANKE,Jul,81.830504,28.086028
2023-07-01,2023-07-31,2023,4,BARDIYA,Jul,81.40222,28.38422
2023-07-01,2023-07-31,2023,2,DOLPA,Jul,83.054405,29.169521
2023-07-01,2023-07-31,2023,0,MUGU,Jul,82.372693,29.616606
2023-07-01,2023-07-31,2023,0,HUMLA,Jul,81.882531,30.031208
2023-07-01,2023-07-31,2023,2,JUMLA,Jul,82.21957,29.271308
2023-07-01,2023-07-31,2023,2,KALIKOT,Jul,81.753844,29.193673
2023-07-01,2023-07-31,2023,2,DAILEKH,Jul,81.678239,28.877029
2023-07-01,2023-07-31,2023,0,JAJARKOT,Jul,82.168636,28.864551
2023-07-01,2023-07-31,2023,5,RUKUM WEST,Jul,,
2023-07-01,2023-07-31,2023,2,SALYAN,Jul,82.139943,28.397336
2023-07-01,2023-07-31,2023,0,SURKHET,Jul,81.588747,28.638041
2023-07-01,2023-07-31,2023,2,BAJURA,Jul,81.566283,29.560904
2023-07-01,2023-07-31,2023,3,BAJHANG,Jul,81.180034,29.707134
2023-07-01,2023-07-31,2023,3,DARCHULA,Jul,80.791568,29.945575
2023-07-01,2023-07-31,2023,0,BAITADI,Jul,80.571334,29.505689
2023-07-01,2023-07-31,2023,5,DADELDHURA,Jul,80.488304,29.223501
2023-07-01,2023-07-31,2023,1,DOTI,Jul,80.897056,29.168335
2023-07-01,2023-07-31,2023,26,ACHHAM,Jul,81.29952,29.113168
2023-07-01,2023-07-31,2023,29,KAILALI,Jul,80.878301,28.743337
2023-07-01,2023-07-31,2023,23,KANCHANPUR,Jul,80.324299,28.862625
2023-08-01,2023-08-31,2023,21,TAPLEJUNG,Aug,87.82392,27.581409
2023-08-01,2023-08-31,2023,310,SANKHUWASABHA,Aug,87.281184,27.582168
2023-08-01,2023-08-31,2023,2,SOLUKHUMBU,Aug,86.720435,27.712277
2023-08-01,2023-08-31,2023,18,OKHALDHUNGA,Aug,86.422053,27.331392
2023-08-01,2023-08-31,2023,12,KHOTANG,Aug,86.790407,27.169442
2023-08-01,2023-08-31,2023,107,BHOJPUR,Aug,87.071122,27.180289
2023-08-01,2023-08-31,2023,187,DHANKUTA,Aug,87.334262,26.990685
2023-08-01,2023-08-31,2023,86,TERHATHUM,Aug,,
2023-08-01,2023-08-31,2023,74,PANCHTHAR,Aug,87.778168,27.115081
2023-08-01,2023-08-31,2023,69,ILAM,Aug,87.907374,26.878962
2023-08-01,2023-08-31,2023,854,JHAPA,Aug,87.916711,26.579753
2023-08-01,2023-08-31,2023,1487,MORANG,Aug,87.475601,26.617225
2023-08-01,2023-08-31,2023,7248,SUNSARI,Aug,87.168075,26.650183
2023-08-01,2023-08-31,2023,74,UDAYAPUR,Aug,86.699994,26.912892
2023-08-01,2023-08-31,2023,90,SAPTARI,Aug,86.72823,26.615953
2023-08-01,2023-08-31,2023,35,SIRAHA,Aug,86.343228,26.756668
2023-08-01,2023-08-31,2023,331,DHANUSA,Aug,86.036497,26.828948
2023-08-01,2023-08-31,2023,10,MAHOTTARI,Aug,85.822562,26.882985
2023-08-01,2023-08-31,2023,34,SARLAHI,Aug,85.566797,26.984775
2023-08-01,2023-08-31,2023,13,RAUTAHAT,Aug,85.305507,27.001849
2023-08-01,2023-08-31,2023,23,BARA,Aug,85.073668,27.109349
2023-08-01,2023-08-31,2023,3,PARSA,Aug,84.783053,27.239238
2023-08-01,2023-08-31,2023,4,DOLAKHA,Aug,86.197848,27.783458
2023-08-01,2023-08-31,2023,18,SINDHUPALCHOK,Aug,85.74062,27.913547
2023-08-01,2023-08-31,2023,11,RASUWA,Aug,85.41387,28.182702
2023-08-01,2023-08-31,2023,1488,DHADING,Aug,84.964879,27.95042
2023-08-01,2023-08-31,2023,35,NUWAKOT,Aug,85.239025,27.914061
2023-08-01,2023-08-31,2023,333,KATHMANDU,Aug,85.337535,27.724655
2023-08-01,2023-08-31,2023,154,BHAKTAPUR,Aug,85.445311,27.6795
2023-08-01,2023-08-31,2023,136,LALITPUR,Aug,85.344018,27.538779
2023-08-01,2023-08-31,2023,31,KAVREPALANCHOK,Aug,,
2023-08-01,2023-08-31,2023,18,RAMECHHAP,Aug,86.173577,27.507863
2023-08-01,2023-08-31,2023,13,SINDHULI,Aug,85.946616,27.201411
2023-08-01,2023-08-31,2023,27,MAKWANPUR,Aug,85.082346,27.469566
2023-08-01,2023-08-31,2023,53,CHITAWAN,Aug,,
2023-08-01,2023-08-31,2023,25,GORKHA,Aug,84.793552,28.319303
2023-08-01,2023-08-31,2023,0,MANANG,Aug,84.227051,28.675036
2023-08-01,2023-08-31,2023,0,MUSTANG,Aug,83.860701,28.981976
2023-08-01,2023-08-31,2023,11,MYAGDI,Aug,83.463235,28.553413
2023-08-01,2023-08-31,2023,57,KASKI,Aug,84.001131,28.354534
2023-08-01,2023-08-31,2023,9,LAMJUNG,Aug,84.432971,28.291796
2023-08-01,2023-08-31,2023,133,TANAHU,Aug,84.255788,27.955238
2023-08-01,2023-08-31,2023,23,NAWALPARASI EAST,Aug,,
2023-08-01,2023-08-31,2023,24,SYANGJA,Aug,83.807148,28.020918
2023-08-01,2023-08-31,2023,9,PARBAT,Aug,83.683179,28.20933
2023-08-01,2023-08-31,2023,10,BAGLUNG,Aug,83.256547,28.345703
2023-08-01,2023-08-31,2023,5,RUKUM EAST,Aug,,
2023-08-01,2023-08-31,2023,2,ROLPA,Aug,82.628029,28.343082
2023-08-01,2023-08-31,2023,8,PYUTHAN,Aug,82.869222,28.118369
2023-08-01,2023-08-31,2023,21,GULMI,Aug,83.30513,28.093454
2023-08-01,2023-08-31,2023,65,ARGHAKHANCHI,Aug,83.076443,27.918388
2023-08-01,2023-08-31,2023,62,PALPA,Aug,83.62831,27.818697
2023-08-01,2023-08-31,2023,7,NAWALPARASI WEST,Aug,,
2023-08-01,2023-08-31,2023,47,RUPANDEHI,Aug,83.392355,27.581545
2023-08-01,2023-08-31,2023,4,KAPILBASTU,Aug,,
2023-08-01,2023-08-31,2023,40,DANG,Aug,82.420482,27.962621
2023-08-01,2023-08-31,2023,14,BANKE,Aug,81.830504,28.086028
2023-08-01,2023-08-31,2023,15,BARDIYA,Aug,81.40222,28.38422
2023-08-01,2023-08-31,2023,1,DOLPA,Aug,83.054405,29.169521
2023-08-01,2023-08-31,2023,0,MUGU,Aug,82.372693,29.616606
2023-08-01,2023-08-31,2023,0,HUMLA,Aug,81.882531,30.031208
2023-08-01,2023-08-31,2023,0,JUMLA,Aug,82.21957,29.271308
2023-08-01,2023-08-31,2023,1,KALIKOT,Aug,81.753844,29.193673
2023-08-01,2023-08-31,2023,5,DAILEKH,Aug,81.678239,28.877029
2023-08-01,2023-08-31,2023,0,JAJARKOT,Aug,82.168636,28.864551
2023-08-01,2023-08-31,2023,34,RUKUM WEST,Aug,,
2023-08-01,2023-08-31,2023,2,SALYAN,Aug,82.139943,28.397336
2023-08-01,2023-08-31,2023,9,SURKHET,Aug,81.588747,28.638041
2023-08-01,2023-08-31,2023,32,BAJURA,Aug,81.566283,29.560904
2023-08-01,2023-08-31,2023,30,BAJHANG,Aug,81.180034,29.707134
2023-08-01,2023-08-31,2023,38,DARCHULA,Aug,80.791568,29.945575
2023-08-01,2023-08-31,2023,16,BAITADI,Aug,80.571334,29.505689
2023-08-01,2023-08-31,2023,20,DADELDHURA,Aug,80.488304,29.223501
2023-08-01,2023-08-31,2023,29,DOTI,Aug,80.897056,29.168335
2023-08-01,2023-08-31,2023,44,ACHHAM,Aug,81.29952,29.113168
2023-08-01,2023-08-31,2023,213,KAILALI,Aug,80.878301,28.743337
2023-08-01,2023-08-31,2023,58,KANCHANPUR,Aug,80.324299,28.862625
2023-09-01,2023-09-30,2023,0,TAPLEJUNG,Sep,87.82392,27.581409
2023-09-01,2023-09-30,2023,467,SANKHUWASABHA,Sep,87.281184,27.582168
2023-09-01,2023-09-30,2023,1,SOLUKHUMBU,Sep,86.720435,27.712277
2023-09-01,2023-09-30,2023,25,OKHALDHUNGA,Sep,86.422053,27.331392
2023-09-01,2023-09-30,2023,41,KHOTANG,Sep,86.790407,27.169442
2023-09-01,2023-09-30,2023,120,BHOJPUR,Sep,87.071122,27.180289
2023-09-01,2023-09-30,2023,100,DHANKUTA,Sep,87.334262,26.990685
2023-09-01,2023-09-30,2023,80,TERHATHUM,Sep,,
2023-09-01,2023-09-30,2023,323,PANCHTHAR,Sep,87.778168,27.115081
2023-09-01,2023-09-30,2023,96,ILAM,Sep,87.907374,26.878962
2023-09-01,2023-09-30,2023,2212,JHAPA,Sep,87.916711,26.579753
2023-09-01,2023-09-30,2023,22,MORANG,Sep,87.475601,26.617225
2023-09-01,2023-09-30,2023,4407,SUNSARI,Sep,87.168075,26.650183
2023-09-01,2023-09-30,2023,15,UDAYAPUR,Sep,86.699994,26.912892
2023-09-01,2023-09-30,2023,39,SAPTARI,Sep,86.72823,26.615953
2023-09-01,2023-09-30,2023,22,SIRAHA,Sep,86.343228,26.756668
2023-09-01,2023-09-30,2023,0,DHANUSA,Sep,86.036497,26.828948
2023-09-01,2023-09-30,2023,6,MAHOTTARI,Sep,85.822562,26.882985
2023-09-01,2023-09-30,2023,3,SARLAHI,Sep,85.566797,26.984775
2023-09-01,2023-09-30,2023,11,RAUTAHAT,Sep,85.305507,27.001849
2023-09-01,2023-09-30,2023,17,BARA,Sep,85.073668,27.109349
2023-09-01,2023-09-30,2023,31,PARSA,Sep,84.783053,27.239238
2023-09-01,2023-09-30,2023,16,DOLAKHA,Sep,86.197848,27.783458
2023-09-01,2023-09-30,2023,39,SINDHUPALCHOK,Sep,85.74062,27.913547
2023-09-01,2023-09-30,2023,5,RASUWA,Sep,85.41387,28.182702
2023-09-01,2023-09-30,2023,965,DHADING,Sep,84.964879,27.95042
2023-09-01,2023-09-30,2023,46,NUWAKOT,Sep,85.239025,27.914061
2023-09-01,2023-09-30,2023,634,KATHMANDU,Sep,85.337535,27.724655
2023-09-01,2023-09-30,2023,125,BHAKTAPUR,Sep,85.445311,27.6795
2023-09-01,2023-09-30,2023,82,LALITPUR,Sep,85.344018,27.538779
2023-09-01,2023-09-30,2023,52,KAVREPALANCHOK,Sep,,
2023-09-01,2023-09-30,2023,15,RAMECHHAP,Sep,86.173577,27.507863
2023-09-01,2023-09-30,2023,22,SINDHULI,Sep,85.946616,27.201411
2023-09-01,2023-09-30,2023,45,MAKWANPUR,Sep,85.082346,27.469566
2023-09-01,2023-09-30,2023,89,CHITAWAN,Sep,,
2023-09-01,2023-09-30,2023,69,GORKHA,Sep,84.793552,28.319303
2023-09-01,2023-09-30,2023,1,MANANG,Sep,84.227051,28.675036
2023-09-01,2023-09-30,2023,0,MUSTANG,Sep,83.860701,28.981976
2023-09-01,2023-09-30,2023,1,MYAGDI,Sep,83.463235,28.553413
2023-09-01,2023-09-30,2023,331,KASKI,Sep,84.001131,28.354534
2023-09-01,2023-09-30,2023,31,LAMJUNG,Sep,84.432971,28.291796
2023-09-01,2023-09-30,2023,1764,TANAHU,Sep,84.255788,27.955238
2023-09-01,2023-09-30,2023,26,NAWALPARASI EAST,Sep,,
2023-09-01,2023-09-30,2023,21,SYANGJA,Sep,83.807148,28.020918
2023-09-01,2023-09-30,2023,14,PARBAT,Sep,83.683179,28.20933
2023-09-01,2023-09-30,2023,9,BAGLUNG,Sep,83.256547,28.345703
2023-09-01,2023-09-30,2023,4,RUKUM EAST,Sep,,
2023-09-01,2023-09-30,2023,9,ROLPA,Sep,82.628029,28.343082
2023-09-01,2023-09-30,2023,7,PYUTHAN,Sep,82.869222,28.118369
2023-09-01,2023-09-30,2023,38,GULMI,Sep,83.30513,28.093454
2023-09-01,2023-09-30,2023,93,ARGHAKHANCHI,Sep,83.076443,27.918388
2023-09-01,2023-09-30,2023,152,PALPA,Sep,83.62831,27.818697
2023-09-01,2023-09-30,2023,20,NAWALPARASI WEST,Sep,,
2023-09-01,2023-09-30,2023,73,RUPANDEHI,Sep,83.392355,27.581545
2023-09-01,2023-09-30,2023,10,KAPILBASTU,Sep,,
2023-09-01,2023-09-30,2023,42,DANG,Sep,82.420482,27.962621
2023-09-01,2023-09-30,2023,21,BANKE,Sep,81.830504,28.086028
2023-09-01,2023-09-30,2023,12,BARDIYA,Sep,81.40222,28.38422
2023-09-01,2023-09-30,2023,7,DOLPA,Sep,83.054405,29.169521
2023-09-01,2023-09-30,2023,11,MUGU,Sep,82.372693,29.616606
2023-09-01,2023-09-30,2023,1,HUMLA,Sep,81.882531,30.031208
2023-09-01,2023-09-30,2023,0,JUMLA,Sep,82.21957,29.271308
2023-09-01,2023-09-30,2023,9,KALIKOT,Sep,81.753844,29.193673
2023-09-01,2023-09-30,2023,9,DAILEKH,Sep,81.678239,28.877029
2023-09-01,2023-09-30,2023,23,JAJARKOT,Sep,82.168636,28.864551
2023-09-01,2023-09-30,2023,29,RUKUM WEST,Sep,,
2023-09-01,2023-09-30,2023,3,SALYAN,Sep,82.139943,28.397336
2023-09-01,2023-09-30,2023,32,SURKHET,Sep,81.588747,28.638041
2023-09-01,2023-09-30,2023,30,BAJURA,Sep,81.566283,29.560904
2023-09-01,2023-09-30,2023,20,BAJHANG,Sep,81.180034,29.707134
2023-09-01,2023-09-30,2023,15,DARCHULA,Sep,80.791568,29.945575
2023-09-01,2023-09-30,2023,18,BAITADI,Sep,80.571334,29.505689
2023-09-01,2023-09-30,2023,10,DADELDHURA,Sep,80.488304,29.223501
2023-09-01,2023-09-30,2023,5,DOTI,Sep,80.897056,29.168335
2023-09-01,2023-09-30,2023,34,ACHHAM,Sep,81.29952,29.113168
2023-09-01,2023-09-30,2023,309,KAILALI,Sep,80.878301,28.743337
2023-09-01,2023-09-30,2023,61,KANCHANPUR,Sep,80.324299,28.862625
2023-10-01,2023-10-31,2023,4,TAPLEJUNG,Oct,87.82392,27.581409
2023-10-01,2023-10-31,2023,244,SANKHUWASABHA,Oct,87.281184,27.582168
2023-10-01,2023-10-31,2023,5,SOLUKHUMBU,Oct,86.720435,27.712277
2023-10-01,2023-10-31,2023,31,OKHALDHUNGA,Oct,86.422053,27.331392
2023-10-01,2023-10-31,2023,26,KHOTANG,Oct,86.790407,27.169442
2023-10-01,2023-10-31,2023,160,BHOJPUR,Oct,87.071122,27.180289
2023-10-01,2023-10-31,2023,167,DHANKUTA,Oct,87.334262,26.990685
2023-10-01,2023-10-31,2023,31,TERHATHUM,Oct,,
2023-10-01,2023-10-31,2023,162,PANCHTHAR,Oct,87.778168,27.115081
2023-10-01,2023-10-31,2023,57,ILAM,Oct,87.907374,26.878962
2023-10-01,2023-10-31,2023,184,JHAPA,Oct,87.916711,26.579753
2023-10-01,2023-10-31,2023,36,MORANG,Oct,87.475601,26.617225
2023-10-01,2023-10-31,2023,94,SUNSARI,Oct,87.168075,26.650183
2023-10-01,2023-10-31,2023,7,UDAYAPUR,Oct,86.699994,26.912892
2023-10-01,2023-10-31,2023,5,SAPTARI,Oct,86.72823,26.615953
2023-10-01,2023-10-31,2023,19,SIRAHA,Oct,86.343228,26.756668
2023-10-01,2023-10-31,2023,23,DHANUSA,Oct,86.036497,26.828948
2023-10-01,2023-10-31,2023,9,MAHOTTARI,Oct,85.822562,26.882985
2023-10-01,2023-10-31,2023,27,SARLAHI,Oct,85.566797,26.984775
2023-10-01,2023-10-31,2023,14,RAUTAHAT,Oct,85.305507,27.001849
2023-10-01,2023-10-31,2023,10,BARA,Oct,85.073668,27.109349
2023-10-01,2023-10-31,2023,18,PARSA,Oct,84.783053,27.239238
2023-10-01,2023-10-31,2023,14,DOLAKHA,Oct,86.197848,27.783458
2023-10-01,2023-10-31,2023,39,SINDHUPALCHOK,Oct,85.74062,27.913547
2023-10-01,2023-10-31,2023,3,RASUWA,Oct,85.41387,28.182702
2023-10-01,2023-10-31,2023,123,DHADING,Oct,84.964879,27.95042
2023-10-01,2023-10-31,2023,55,NUWAKOT,Oct,85.239025,27.914061
2023-10-01,2023-10-31,2023,878,KATHMANDU,Oct,85.337535,27.724655
2023-10-01,2023-10-31,2023,241,BHAKTAPUR,Oct,85.445311,27.6795
2023-10-01,2023-10-31,2023,193,LALITPUR,Oct,85.344018,27.538779
2023-10-01,2023-10-31,2023,27,KAVREPALANCHOK,Oct,,
2023-10-01,2023-10-31,2023,21,RAMECHHAP,Oct,86.173577,27.507863
2023-10-01,2023-10-31,2023,15,SINDHULI,Oct,85.946616,27.201411
2023-10-01,2023-10-31,2023,47,MAKWANPUR,Oct,85.082346,27.469566
2023-10-01,2023-10-31,2023,138,CHITAWAN,Oct,,
2023-10-01,2023-10-31,2023,586,GORKHA,Oct,84.793552,28.319303
2023-10-01,2023-10-31,2023,9,MANANG,Oct,84.227051,28.675036
2023-10-01,2023-10-31,2023,3,MUSTANG,Oct,83.860701,28.981976
2023-10-01,2023-10-31,2023,38,MYAGDI,Oct,83.463235,28.553413
2023-10-01,2023-10-31,2023,1946,KASKI,Oct,84.001131,28.354534
2023-10-01,2023-10-31,2023,146,LAMJUNG,Oct,84.432971,28.291796
2023-10-01,2023-10-31,2023,4605,TANAHU,Oct,84.255788,27.955238
2023-10-01,2023-10-31,2023,60,NAWALPARASI EAST,Oct,,
2023-10-01,2023-10-31,2023,428,SYANGJA,Oct,83.807148,28.020918
2023-10-01,2023-10-31,2023,35,PARBAT,Oct,83.683179,28.20933
2023-10-01,2023-10-31,2023,363,BAGLUNG,Oct,83.256547,28.345703
2023-10-01,2023-10-31,2023,5,RUKUM EAST,Oct,,
2023-10-01,2023-10-31,2023,13,ROLPA,Oct,82.628029,28.343082
2023-10-01,2023-10-31,2023,13,PYUTHAN,Oct,82.869222,28.118369
2023-10-01,2023-10-31,2023,67,GULMI,Oct,83.30513,28.093454
2023-10-01,2023-10-31,2023,57,ARGHAKHANCHI,Oct,83.076443,27.918388
2023-10-01,2023-10-31,2023,147,PALPA,Oct,83.62831,27.818697
2023-10-01,2023-10-31,2023,16,NAWALPARASI WEST,Oct,,
2023-10-01,2023-10-31,2023,101,RUPANDEHI,Oct,83.392355,27.581545
2023-10-01,2023-10-31,2023,18,KAPILBASTU,Oct,,
2023-10-01,2023-10-31,2023,23,DANG,Oct,82.420482,27.962621
2023-10-01,2023-10-31,2023,31,BANKE,Oct,81.830504,28.086028
2023-10-01,2023-10-31,2023,9,BARDIYA,Oct,81.40222,28.38422
2023-10-01,2023-10-31,2023,1,DOLPA,Oct,83.054405,29.169521
2023-10-01,2023-10-31,2023,1,MUGU,Oct,82.372693,29.616606
2023-10-01,2023-10-31,2023,0,HUMLA,Oct,81.882531,30.031208
2023-10-01,2023-10-31,2023,0,JUMLA,Oct,82.21957,29.271308
2023-10-01,2023-10-31,2023,6,KALIKOT,Oct,81.753844,29.193673
2023-10-01,2023-10-31,2023,7,DAILEKH,Oct,81.678239,28.877029
2023-10-01,2023-10-31,2023,31,JAJARKOT,Oct,82.168636,28.864551
2023-10-01,2023-10-31,2023,19,RUKUM WEST,Oct,,
2023-10-01,2023-10-31,2023,5,SALYAN,Oct,82.139943,28.397336
2023-10-01,2023-10-31,2023,17,SURKHET,Oct,81.588747,28.638041
2023-10-01,2023-10-31,2023,13,BAJURA,Oct,81.566283,29.560904
2023-10-01,2023-10-31,2023,13,BAJHANG,Oct,81.180034,29.707134
2023-10-01,2023-10-31,2023,18,DARCHULA,Oct,80.791568,29.945575
2023-10-01,2023-10-31,2023,15,BAITADI,Oct,80.571334,29.505689
2023-10-01,2023-10-31,2023,9,DADELDHURA,Oct,80.488304,29.223501
2023-10-01,2023-10-31,2023,1,DOTI,Oct,80.897056,29.168335
2023-10-01,2023-10-31,2023,54,ACHHAM,Oct,81.29952,29.113168
2023-10-01,2023-10-31,2023,330,KAILALI,Oct,80.878301,28.743337
2023-10-01,2023-10-31,2023,102,KANCHANPUR,Oct,80.324299,28.862625
2023-11-01,2023-11-30,2023,0,TAPLEJUNG,Nov,87.82392,27.581409
2023-11-01,2023-11-30,2023,20,SANKHUWASABHA,Nov,87.281184,27.582168
2023-11-01,2023-11-30,2023,0,SOLUKHUMBU,Nov,86.720435,27.712277
2023-11-01,2023-11-30,2023,14,OKHALDHUNGA,Nov,86.422053,27.331392
2023-11-01,2023-11-30,2023,1,KHOTANG,Nov,86.790407,27.169442
2023-11-01,2023-11-30,2023,21,BHOJPUR,Nov,87.071122,27.180289
2023-11-01,2023-11-30,2023,0,DHANKUTA,Nov,87.334262,26.990685
2023-11-01,2023-11-30,2023,3,TERHATHUM,Nov,,
2023-11-01,2023-11-30,2023,0,PANCHTHAR,Nov,87.778168,27.115081
2023-11-01,2023-11-30,2023,3,ILAM,Nov,87.907374,26.878962
2023-11-01,2023-11-30,2023,70,JHAPA,Nov,87.916711,26.579753
2023-11-01,2023-11-30,2023,20,MORANG,Nov,87.475601,26.617225
2023-11-01,2023-11-30,2023,9,SUNSARI,Nov,87.168075,26.650183
2023-11-01,2023-11-30,2023,1,UDAYAPUR,Nov,86.699994,26.912892
2023-11-01,2023-11-30,2023,1,SAPTARI,Nov,86.72823,26.615953
2023-11-01,2023-11-30,2023,0,SIRAHA,Nov,86.343228,26.756668
2023-11-01,2023-11-30,2023,6,DHANUSA,Nov,86.036497,26.828948
2023-11-01,2023-11-30,2023,5,MAHOTTARI,Nov,85.822562,26.882985
2023-11-01,2023-11-30,2023,2,SARLAHI,Nov,85.566797,26.984775
2023-11-01,2023-11-30,2023,4,RAUTAHAT,Nov,85.305507,27.001849
2023-11-01,2023-11-30,2023,6,BARA,Nov,85.073668,27.109349
2023-11-01,2023-11-30,2023,2,PARSA,Nov,84.783053,27.239238
2023-11-01,2023-11-30,2023,0,DOLAKHA,Nov,86.197848,27.783458
2023-11-01,2023-11-30,2023,4,SINDHUPALCHOK,Nov,85.74062,27.913547
2023-11-01,2023-11-30,2023,2,RASUWA,Nov,85.41387,28.182702
2023-11-01,2023-11-30,2023,6,DHADING,Nov,84.964879,27.95042
2023-11-01,2023-11-30,2023,1,NUWAKOT,Nov,85.239025,27.914061
2023-11-01,2023-11-30,2023,108,KATHMANDU,Nov,85.337535,27.724655
2023-11-01,2023-11-30,2023,30,BHAKTAPUR,Nov,85.445311,27.6795
2023-11-01,2023-11-30,2023,31,LALITPUR,Nov,85.344018,27.538779
2023-11-01,2023-11-30,2023,33,KAVREPALANCHOK,Nov,,
2023-11-01,2023-11-30,2023,2,RAMECHHAP,Nov,86.173577,27.507863
2023-11-01,2023-11-30,2023,5,SINDHULI,Nov,85.946616,27.201411
2023-11-01,2023-11-30,2023,8,MAKWANPUR,Nov,85.082346,27.469566
2023-11-01,2023-11-30,2023,62,CHITAWAN,Nov,,
2023-11-01,2023-11-30,2023,63,GORKHA,Nov,84.793552,28.319303
2023-11-01,2023-11-30,2023,0,MANANG,Nov,84.227051,28.675036
2023-11-01,2023-11-30,2023,0,MUSTANG,Nov,83.860701,28.981976
2023-11-01,2023-11-30,2023,2,MYAGDI,Nov,83.463235,28.553413
2023-11-01,2023-11-30,2023,473,KASKI,Nov,84.001131,28.354534
2023-11-01,2023-11-30,2023,53,LAMJUNG,Nov,84.432971,28.291796
2023-11-01,2023-11-30,2023,650,TANAHU,Nov,84.255788,27.955238
2023-11-01,2023-11-30,2023,8,NAWALPARASI EAST,Nov,,
2023-11-01,2023-11-30,2023,21,SYANGJA,Nov,83.807148,28.020918
2023-11-01,2023-11-30,2023,3,PARBAT,Nov,83.683179,28.20933
2023-11-01,2023-11-30,2023,152,BAGLUNG,Nov,83.256547,28.345703
2023-11-01,2023-11-30,2023,0,RUKUM EAST,Nov,,
2023-11-01,2023-11-30,2023,4,ROLPA,Nov,82.628029,28.343082
2023-11-01,2023-11-30,2023,1,PYUTHAN,Nov,82.869222,28.118369
2023-11-01,2023-11-30,2023,6,GULMI,Nov,83.30513,28.093454
2023-11-01,2023-11-30,2023,3,ARGHAKHANCHI,Nov,83.076443,27.918388
2023-11-01,2023-11-30,2023,23,PALPA,Nov,83.62831,27.818697
2023-11-01,2023-11-30,2023,2,NAWALPARASI WEST,Nov,,
2023-11-01,2023-11-30,2023,21,RUPANDEHI,Nov,83.392355,27.581545
2023-11-01,2023-11-30,2023,8,KAPILBASTU,Nov,,
2023-11-01,2023-11-30,2023,4,DANG,Nov,82.420482,27.962621
2023-11-01,2023-11-30,2023,2,BANKE,Nov,81.830504,28.086028
2023-11-01,2023-11-30,2023,1,BARDIYA,Nov,81.40222,28.38422
2023-11-01,2023-11-30,2023,0,DOLPA,Nov,83.054405,29.169521
2023-11-01,2023-11-30,2023,0,MUGU,Nov,82.372693,29.616606
2023-11-01,2023-11-30,2023,1,HUMLA,Nov,81.882531,30.031208
2023-11-01,2023-11-30,2023,0,JUMLA,Nov,82.21957,29.271308
2023-11-01,2023-11-30,2023,0,KALIKOT,Nov,81.753844,29.193673
2023-11-01,2023-11-30,2023,0,DAILEKH,Nov,81.678239,28.877029
2023-11-01,2023-11-30,2023,11,JAJARKOT,Nov,82.168636,28.864551
2023-11-01,2023-11-30,2023,10,RUKUM WEST,Nov,,
2023-11-01,2023-11-30,2023,0,SALYAN,Nov,82.139943,28.397336
2023-11-01,2023-11-30,2023,0,SURKHET,Nov,81.588747,28.638041
2023-11-01,2023-11-30,2023,9,BAJURA,Nov,81.566283,29.560904
2023-11-01,2023-11-30,2023,0,BAJHANG,Nov,81.180034,29.707134
2023-11-01,2023-11-30,2023,4,DARCHULA,Nov,80.791568,29.945575
2023-11-01,2023-11-30,2023,0,BAITADI,Nov,80.571334,29.505689
2023-11-01,2023-11-30,2023,2,DADELDHURA,Nov,80.488304,29.223501
2023-11-01,2023-11-30,2023,0,DOTI,Nov,80.897056,29.168335
2023-11-01,2023-11-30,2023,0,ACHHAM,Nov,81.29952,29.113168
2023-11-01,2023-11-30,2023,80,KAILALI,Nov,80.878301,28.743337
2023-11-01,2023-11-30,2023,25,KANCHANPUR,Nov,80.324299,28.862625
2023-12-01,2023-12-31,2023,0,TAPLEJUNG,Dec,87.82392,27.581409
2023-12-01,2023-12-31,2023,2,SANKHUWASABHA,Dec,87.281184,27.582168
2023-12-01,2023-12-31,2023,0,SOLUKHUMBU,Dec,86.720435,27.712277
2023-12-01,2023-12-31,2023,6,OKHALDHUNGA,Dec,86.422053,27.331392
2023-12-01,2023-12-31,2023,0,KHOTANG,Dec,86.790407,27.169442
2023-12-01,2023-12-31,2023,2,BHOJPUR,Dec,87.071122,27.180289
2023-12-01,2023-12-31,2023,0,DHANKUTA,Dec,87.334262,26.990685
2023-12-01,2023-12-31,2023,0,TERHATHUM,Dec,,
2023-12-01,2023-12-31,2023,0,PANCHTHAR,Dec,87.778168,27.115081
2023-12-01,2023-12-31,2023,1,ILAM,Dec,87.907374,26.878962
2023-12-01,2023-12-31,2023,28,JHAPA,Dec,87.916711,26.579753
2023-12-01,2023-12-31,2023,6,MORANG,Dec,87.475601,26.617225
2023-12-01,2023-12-31,2023,5,SUNSARI,Dec,87.168075,26.650183
2023-12-01,2023-12-31,2023,0,UDAYAPUR,Dec,86.699994,26.912892
2023-12-01,2023-12-31,2023,1,SAPTARI,Dec,86.72823,26.615953
2023-12-01,2023-12-31,2023,0,SIRAHA,Dec,86.343228,26.756668
2023-12-01,2023-12-31,2023,0,DHANUSA,Dec,86.036497,26.828948
2023-12-01,2023-12-31,2023,1,MAHOTTARI,Dec,85.822562,26.882985
2023-12-01,2023-12-31,2023,4,SARLAHI,Dec,85.566797,26.984775
2023-12-01,2023-12-31,2023,1,RAUTAHAT,Dec,85.305507,27.001849
2023-12-01,2023-12-31,2023,1,BARA,Dec,85.073668,27.109349
2023-12-01,2023-12-31,2023,0,PARSA,Dec,84.783053,27.239238
2023-12-01,2023-12-31,2023,0,DOLAKHA,Dec,86.197848,27.783458
2023-12-01,2023-12-31,2023,0,SINDHUPALCHOK,Dec,85.74062,27.913547
2023-12-01,2023-12-31,2023,0,RASUWA,Dec,85.41387,28.182702
2023-12-01,2023-12-31,2023,2,DHADING,Dec,84.964879,27.95042
2023-12-01,2023-12-31,2023,0,NUWAKOT,Dec,85.239025,27.914061
2023-12-01,2023-12-31,2023,27,KATHMANDU,Dec,85.337535,27.724655
2023-12-01,2023-12-31,2023,9,BHAKTAPUR,Dec,85.445311,27.6795
2023-12-01,2023-12-31,2023,8,LALITPUR,Dec,85.344018,27.538779
2023-12-01,2023-12-31,2023,0,KAVREPALANCHOK,Dec,,
2023-12-01,2023-12-31,2023,1,RAMECHHAP,Dec,86.173577,27.507863
2023-12-01,2023-12-31,2023,1,SINDHULI,Dec,85.946616,27.201411
2023-12-01,2023-12-31,2023,2,MAKWANPUR,Dec,85.082346,27.469566
2023-12-01,2023-12-31,2023,14,CHITAWAN,Dec,,
2023-12-01,2023-12-31,2023,13,GORKHA,Dec,84.793552,28.319303
2023-12-01,2023-12-31,2023,0,MANANG,Dec,84.227051,28.675036
2023-12-01,2023-12-31,2023,0,MUSTANG,Dec,83.860701,28.981976
2023-12-01,2023-12-31,2023,3,MYAGDI,Dec,83.463235,28.553413
2023-12-01,2023-12-31,2023,54,KASKI,Dec,84.001131,28.354534
2023-12-01,2023-12-31,2023,15,LAMJUNG,Dec,84.432971,28.291796
2023-12-01,2023-12-31,2023,26,TANAHU,Dec,84.255788,27.955238
2023-12-01,2023-12-31,2023,1,NAWALPARASI EAST,Dec,,
2023-12-01,2023-12-31,2023,5,SYANGJA,Dec,83.807148,28.020918
2023-12-01,2023-12-31,2023,0,PARBAT,Dec,83.683179,28.20933
2023-12-01,2023-12-31,2023,2,BAGLUNG,Dec,83.256547,28.345703
2023-12-01,2023-12-31,2023,0,RUKUM EAST,Dec,,
2023-12-01,2023-12-31,2023,0,ROLPA,Dec,82.628029,28.343082
2023-12-01,2023-12-31,2023,0,PYUTHAN,Dec,82.869222,28.118369
2023-12-01,2023-12-31,2023,1,GULMI,Dec,83.30513,28.093454
2023-12-01,2023-12-31,2023,0,ARGHAKHANCHI,Dec,83.076443,27.918388
2023-12-01,2023-12-31,2023,11,PALPA,Dec,83.62831,27.818697
2023-12-01,2023-12-31,2023,2,NAWALPARASI WEST,Dec,,
2023-12-01,2023-12-31,2023,6,RUPANDEHI,Dec,83.392355,27.581545
2023-12-01,2023-12-31,2023,2,KAPILBASTU,Dec,,
2023-12-01,2023-12-31,2023,1,DANG,Dec,82.420482,27.962621
2023-12-01,2023-12-31,2023,0,BANKE,Dec,81.830504,28.086028
2023-12-01,2023-12-31,2023,1,BARDIYA,Dec,81.40222,28.38422
2023-12-01,2023-12-31,2023,0,DOLPA,Dec,83.054405,29.169521
2023-12-01,2023-12-31,2023,0,MUGU,Dec,82.372693,29.616606
2023-12-01,2023-12-31,2023,0,HUMLA,Dec,81.882531,30.031208
2023-12-01,2023-12-31,2023,1,JUMLA,Dec,82.21957,29.271308
2023-12-01,2023-12-31,2023,0,KALIKOT,Dec,81.753844,29.193673
2023-12-01,2023-12-31,2023,0,DAILEKH,Dec,81.678239,28.877029
2023-12-01,2023-12-31,2023,4,JAJARKOT,Dec,82.168636,28.864551
2023-12-01,2023-12-31,2023,1,RUKUM WEST,Dec,,
2023-12-01,2023-12-31,2023,0,SALYAN,Dec,82.139943,28.397336
2023-12-01,2023-12-31,2023,0,SURKHET,Dec,81.588747,28.638041
2023-12-01,2023-12-31,2023,3,BAJURA,Dec,81.566283,29.560904
2023-12-01,2023-12-31,2023,0,BAJHANG,Dec,81.180034,29.707134
2023-12-01,2023-12-31,2023,1,DARCHULA,Dec,80.791568,29.945575
2023-12-01,2023-12-31,2023,0,BAITADI,Dec,80.571334,29.505689
2023-12-01,2023-12-31,2023,0,DADELDHURA,Dec,80.488304,29.223501
2023-12-01,2023-12-31,2023,0,DOTI,Dec,80.897056,29.168335
2023-12-01,2023-12-31,2023,0,ACHHAM,Dec,81.29952,29.113168
2023-12-01,2023-12-31,2023,13,KAILALI,Dec,80.878301,28.743337
2023-12-01,2023-12-31,2023,3,KANCHANPUR,Dec,80.324299,28.862625
2024-01-01,2024-01-31,2024,0,TAPLEJUNG,Jan,87.82392,27.581409
2024-01-01,2024-01-31,2024,3,SANKHUWASABHA,Jan,87.281184,27.582168
2024-01-01,2024-01-31,2024,2,SOLUKHUMBU,Jan,86.720435,27.712277
2024-01-01,2024-01-31,2024,5,OKHALDHUNGA,Jan,86.422053,27.331392
2024-01-01,2024-01-31,2024,1,KHOTANG,Jan,86.790407,27.169442
2024-01-01,2024-01-31,2024,4,BHOJPUR,Jan,87.071122,27.180289
2024-01-01,2024-01-31,2024,2,DHANKUTA,Jan,87.334262,26.990685
2024-01-01,2024-01-31,2024,0,TERHATHUM,Jan,,
2024-01-01,2024-01-31,2024,0,PANCHTHAR,Jan,87.778168,27.115081
2024-01-01,2024-01-31,2024,8,ILAM,Jan,87.907374,26.878962
2024-01-01,2024-01-31,2024,22,JHAPA,Jan,87.916711,26.579753
2024-01-01,2024-01-31,2024,8,MORANG,Jan,87.475601,26.617225
2024-01-01,2024-01-31,2024,5,SUNSARI,Jan,87.168075,26.650183
2024-01-01,2024-01-31,2024,2,UDAYAPUR,Jan,86.699994,26.912892
2024-01-01,2024-01-31,2024,1,SAPTARI,Jan,86.72823,26.615953
2024-01-01,2024-01-31,2024,0,SIRAHA,Jan,86.343228,26.756668
2024-01-01,2024-01-31,2024,1,DHANUSA,Jan,86.036497,26.828948
2024-01-01,2024-01-31,2024,0,MAHOTTARI,Jan,85.822562,26.882985
2024-01-01,2024-01-31,2024,0,SARLAHI,Jan,85.566797,26.984775
2024-01-01,2024-01-31,2024,0,RAUTAHAT,Jan,85.305507,27.001849
2024-01-01,2024-01-31,2024,2,BARA,Jan,85.073668,27.109349
2024-01-01,2024-01-31,2024,2,PARSA,Jan,84.783053,27.239238
2024-01-01,2024-01-31,2024,0,DOLAKHA,Jan,86.197848,27.783458
2024-01-01,2024-01-31,2024,1,SINDHUPALCHOK,Jan,85.74062,27.913547
2024-01-01,2024-01-31,2024,1,RASUWA,Jan,85.41387,28.182702
2024-01-01,2024-01-31,2024,2,DHADING,Jan,84.964879,27.95042
2024-01-01,2024-01-31,2024,4,NUWAKOT,Jan,85.239025,27.914061
2024-01-01,2024-01-31,2024,16,KATHMANDU,Jan,85.337535,27.724655
2024-01-01,2024-01-31,2024,14,BHAKTAPUR,Jan,85.445311,27.6795
2024-01-01,2024-01-31,2024,10,LALITPUR,Jan,85.344018,27.538779
2024-01-01,2024-01-31,2024,2,KAVREPALANCHOK,Jan,,
2024-01-01,2024-01-31,2024,2,RAMECHHAP,Jan,86.173577,27.507863
2024-01-01,2024-01-31,2024,2,SINDHULI,Jan,85.946616,27.201411
2024-01-01,2024-01-31,2024,11,MAKWANPUR,Jan,85.082346,27.469566
2024-01-01,2024-01-31,2024,10,CHITAWAN,Jan,,
2024-01-01,2024-01-31,2024,12,GORKHA,Jan,84.793552,28.319303
2024-01-01,2024-01-31,2024,0,MANANG,Jan,84.227051,28.675036
2024-01-01,2024-01-31,2024,0,MUSTANG,Jan,83.860701,28.981976
2024-01-01,2024-01-31,2024,6,MYAGDI,Jan,83.463235,28.553413
2024-01-01,2024-01-31,2024,30,KASKI,Jan,84.001131,28.354534
2024-01-01,2024-01-31,2024,10,LAMJUNG,Jan,84.432971,28.291796
2024-01-01,2024-01-31,2024,8,TANAHU,Jan,84.255788,27.955238
2024-01-01,2024-01-31,2024,6,NAWALPARASI EAST,Jan,,
2024-01-01,2024-01-31,2024,5,SYANGJA,Jan,83.807148,28.020918
2024-01-01,2024-01-31,2024,1,PARBAT,Jan,83.683179,28.20933
2024-01-01,2024-01-31,2024,0,BAGLUNG,Jan,83.256547,28.345703
2024-01-01,2024-01-31,2024,0,RUKUM EAST,Jan,,
2024-01-01,2024-01-31,2024,0,ROLPA,Jan,82.628029,28.343082
2024-01-01,2024-01-31,2024,0,PYUTHAN,Jan,82.869222,28.118369
2024-01-01,2024-01-31,2024,3,GULMI,Jan,83.30513,28.093454
2024-01-01,2024-01-31,2024,0,ARGHAKHANCHI,Jan,83.076443,27.918388
2024-01-01,2024-01-31,2024,4,PALPA,Jan,83.62831,27.818697
2024-01-01,2024-01-31,2024,1,NAWALPARASI WEST,Jan,,
2024-01-01,2024-01-31,2024,3,RUPANDEHI,Jan,83.392355,27.581545
2024-01-01,2024-01-31,2024,6,KAPILBASTU,Jan,,
2024-01-01,2024-01-31,2024,3,DANG,Jan,82.420482,27.962621
2024-01-01,2024-01-31,2024,0,BANKE,Jan,81.830504,28.086028
2024-01-01,2024-01-31,2024,0,BARDIYA,Jan,81.40222,28.38422
2024-01-01,2024-01-31,2024,0,DOLPA,Jan,83.054405,29.169521
2024-01-01,2024-01-31,2024,0,MUGU,Jan,82.372693,29.616606
2024-01-01,2024-01-31,2024,0,HUMLA,Jan,81.882531,30.031208
2024-01-01,2024-01-31,2024,0,JUMLA,Jan,82.21957,29.271308
2024-01-01,2024-01-31,2024,0,KALIKOT,Jan,81.753844,29.193673
2024-01-01,2024-01-31,2024,0,DAILEKH,Jan,81.678239,28.877029
2024-01-01,2024-01-31,2024,0,JAJARKOT,Jan,82.168636,28.864551
2024-01-01,2024-01-31,2024,0,RUKUM WEST,Jan,,
2024-01-01,2024-01-31,2024,0,SALYAN,Jan,82.139943,28.397336
2024-01-01,2024-01-31,2024,0,SURKHET,Jan,81.588747,28.638041
2024-01-01,2024-01-31,2024,2,BAJURA,Jan,81.566283,29.560904
2024-01-01,2024-01-31,2024,0,BAJHANG,Jan,81.180034,29.707134
2024-01-01,2024-01-31,2024,0,DARCHULA,Jan,80.791568,29.945575
2024-01-01,2024-01-31,2024,0,BAITADI,Jan,80.571334,29.505689
2024-01-01,2024-01-31,2024,0,DADELDHURA,Jan,80.488304,29.223501
2024-01-01,2024-01-31,2024,4,DOTI,Jan,80.897056,29.168335
2024-01-01,2024-01-31,2024,0,ACHHAM,Jan,81.29952,29.113168
2024-01-01,2024-01-31,2024,1,KAILALI,Jan,80.878301,28.743337
2024-01-01,2024-01-31,2024,6,KANCHANPUR,Jan,80.324299,28.862625
2024-02-01,2024-02-29,2024,0,TAPLEJUNG,Feb,87.82392,27.581409
2024-02-01,2024-02-29,2024,8,SANKHUWASABHA,Feb,87.281184,27.582168
2024-02-01,2024-02-29,2024,0,SOLUKHUMBU,Feb,86.720435,27.712277
2024-02-01,2024-02-29,2024,15,OKHALDHUNGA,Feb,86.422053,27.331392
2024-02-01,2024-02-29,2024,0,KHOTANG,Feb,86.790407,27.169442
2024-02-01,2024-02-29,2024,4,BHOJPUR,Feb,87.071122,27.180289
2024-02-01,2024-02-29,2024,5,DHANKUTA,Feb,87.334262,26.990685
2024-02-01,2024-02-29,2024,0,TERHATHUM,Feb,,
2024-02-01,2024-02-29,2024,1,PANCHTHAR,Feb,87.778168,27.115081
2024-02-01,2024-02-29,2024,3,ILAM,Feb,87.907374,26.878962
2024-02-01,2024-02-29,2024,17,JHAPA,Feb,87.916711,26.579753
2024-02-01,2024-02-29,2024,1,MORANG,Feb,87.475601,26.617225
2024-02-01,2024-02-29,2024,3,SUNSARI,Feb,87.168075,26.650183
2024-02-01,2024-02-29,2024,0,UDAYAPUR,Feb,86.699994,26.912892
2024-02-01,2024-02-29,2024,0,SAPTARI,Feb,86.72823,26.615953
2024-02-01,2024-02-29,2024,0,SIRAHA,Feb,86.343228,26.756668
2024-02-01,2024-02-29,2024,0,DHANUSA,Feb,86.036497,26.828948
2024-02-01,2024-02-29,2024,0,MAHOTTARI,Feb,85.822562,26.882985
2024-02-01,2024-02-29,2024,0,SARLAHI,Feb,85.566797,26.984775
2024-02-01,2024-02-29,2024,0,RAUTAHAT,Feb,85.305507,27.001849
2024-02-01,2024-02-29,2024,2,BARA,Feb,85.073668,27.109349
2024-02-01,2024-02-29,2024,1,PARSA,Feb,84.783053,27.239238
2024-02-01,2024-02-29,2024,1,DOLAKHA,Feb,86.197848,27.783458
2024-02-01,2024-02-29,2024,10,SINDHUPALCHOK,Feb,85.74062,27.913547
2024-02-01,2024-02-29,2024,0,RASUWA,Feb,85.41387,28.182702
2024-02-01,2024-02-29,2024,0,DHADING,Feb,84.964879,27.95042
2024-02-01,2024-02-29,2024,0,NUWAKOT,Feb,85.239025,27.914061
2024-02-01,2024-02-29,2024,7,KATHMANDU,Feb,85.337535,27.724655
2024-02-01,2024-02-29,2024,3,BHAKTAPUR,Feb,85.445311,27.6795
2024-02-01,2024-02-29,2024,1,LALITPUR,Feb,85.344018,27.538779
2024-02-01,2024-02-29,2024,2,KAVREPALANCHOK,Feb,,
2024-02-01,2024-02-29,2024,7,RAMECHHAP,Feb,86.173577,27.507863
2024-02-01,2024-02-29,2024,3,SINDHULI,Feb,85.946616,27.201411
2024-02-01,2024-02-29,2024,11,MAKWANPUR,Feb,85.082346,27.469566
2024-02-01,2024-02-29,2024,10,CHITAWAN,Feb,,
2024-02-01,2024-02-29,2024,0,GORKHA,Feb,84.793552,28.319303
2024-02-01,2024-02-29,2024,0,MANANG,Feb,84.227051,28.675036
2024-02-01,2024-02-29,2024,0,MUSTANG,Feb,83.860701,28.981976
2024-02-01,2024-02-29,2024,3,MYAGDI,Feb,83.463235,28.553413
2024-02-01,2024-02-29,2024,3,KASKI,Feb,84.001131,28.354534
2024-02-01,2024-02-29,2024,0,LAMJUNG,Feb,84.432971,28.291796
2024-02-01,2024-02-29,2024,0,TANAHU,Feb,84.255788,27.955238
2024-02-01,2024-02-29,2024,3,NAWALPARASI EAST,Feb,,
2024-02-01,2024-02-29,2024,5,SYANGJA,Feb,83.807148,28.020918
2024-02-01,2024-02-29,2024,0,PARBAT,Feb,83.683179,28.20933
2024-02-01,2024-02-29,2024,2,BAGLUNG,Feb,83.256547,28.345703
2024-02-01,2024-02-29,2024,0,RUKUM EAST,Feb,,
2024-02-01,2024-02-29,2024,0,ROLPA,Feb,82.628029,28.343082
2024-02-01,2024-02-29,2024,0,PYUTHAN,Feb,82.869222,28.118369
2024-02-01,2024-02-29,2024,3,GULMI,Feb,83.30513,28.093454
2024-02-01,2024-02-29,2024,1,ARGHAKHANCHI,Feb,83.076443,27.918388
2024-02-01,2024-02-29,2024,6,PALPA,Feb,83.62831,27.818697
2024-02-01,2024-02-29,2024,0,NAWALPARASI WEST,Feb,,
2024-02-01,2024-02-29,2024,8,RUPANDEHI,Feb,83.392355,27.581545
2024-02-01,2024-02-29,2024,2,KAPILBASTU,Feb,,
2024-02-01,2024-02-29,2024,4,DANG,Feb,82.420482,27.962621
2024-02-01,2024-02-29,2024,0,BANKE,Feb,81.830504,28.086028
2024-02-01,2024-02-29,2024,0,BARDIYA,Feb,81.40222,28.38422
2024-02-01,2024-02-29,2024,0,DOLPA,Feb,83.054405,29.169521
2024-02-01,2024-02-29,2024,0,MUGU,Feb,82.372693,29.616606
2024-02-01,2024-02-29,2024,0,HUMLA,Feb,81.882531,30.031208
2024-02-01,2024-02-29,2024,0,JUMLA,Feb,82.21957,29.271308
2024-02-01,2024-02-29,2024,0,KALIKOT,Feb,81.753844,29.193673
2024-02-01,2024-02-29,2024,0,DAILEKH,Feb,81.678239,28.877029
2024-02-01,2024-02-29,2024,0,JAJARKOT,Feb,82.168636,28.864551
2024-02-01,2024-02-29,2024,2,RUKUM WEST,Feb,,
2024-02-01,2024-02-29,2024,0,SALYAN,Feb,82.139943,28.397336
2024-02-01,2024-02-29,2024,0,SURKHET,Feb,81.588747,28.638041
2024-02-01,2024-02-29,2024,4,BAJURA,Feb,81.566283,29.560904
2024-02-01,2024-02-29,2024,0,BAJHANG,Feb,81.180034,29.707134
2024-02-01,2024-02-29,2024,0,DARCHULA,Feb,80.791568,29.945575
2024-02-01,2024-02-29,2024,0,BAITADI,Feb,80.571334,29.505689
2024-02-01,2024-02-29,2024,0,DADELDHURA,Feb,80.488304,29.223501
2024-02-01,2024-02-29,2024,8,DOTI,Feb,80.897056,29.168335
2024-02-01,2024-02-29,2024,0,ACHHAM,Feb,81.29952,29.113168
2024-02-01,2024-02-29,2024,9,KAILALI,Feb,80.878301,28.743337
2024-02-01,2024-02-29,2024,4,KANCHANPUR,Feb,80.324299,28.862625
2024-03-01,2024-03-31,2024,0,TAPLEJUNG,Mar,87.82392,27.581409
2024-03-01,2024-03-31,2024,6,SANKHUWASABHA,Mar,87.281184,27.582168
2024-03-01,2024-03-31,2024,0,SOLUKHUMBU,Mar,86.720435,27.712277
2024-03-01,2024-03-31,2024,6,OKHALDHUNGA,Mar,86.422053,27.331392
2024-03-01,2024-03-31,2024,1,KHOTANG,Mar,86.790407,27.169442
2024-03-01,2024-03-31,2024,2,BHOJPUR,Mar,87.071122,27.180289
2024-03-01,2024-03-31,2024,5,DHANKUTA,Mar,87.334262,26.990685
2024-03-01,2024-03-31,2024,0,TERHATHUM,Mar,,
2024-03-01,2024-03-31,2024,1,PANCHTHAR,Mar,87.778168,27.115081
2024-03-01,2024-03-31,2024,3,ILAM,Mar,87.907374,26.878962
2024-03-01,2024-03-31,2024,11,JHAPA,Mar,87.916711,26.579753
2024-03-01,2024-03-31,2024,2,MORANG,Mar,87.475601,26.617225
2024-03-01,2024-03-31,2024,2,SUNSARI,Mar,87.168075,26.650183
2024-03-01,2024-03-31,2024,1,UDAYAPUR,Mar,86.699994,26.912892
2024-03-01,2024-03-31,2024,0,SAPTARI,Mar,86.72823,26.615953
2024-03-01,2024-03-31,2024,0,SIRAHA,Mar,86.343228,26.756668
2024-03-01,2024-03-31,2024,0,DHANUSA,Mar,86.036497,26.828948
2024-03-01,2024-03-31,2024,0,MAHOTTARI,Mar,85.822562,26.882985
2024-03-01,2024-03-31,2024,0,SARLAHI,Mar,85.566797,26.984775
2024-03-01,2024-03-31,2024,1,RAUTAHAT,Mar,85.305507,27.001849
2024-03-01,2024-03-31,2024,1,BARA,Mar,85.073668,27.109349
2024-03-01,2024-03-31,2024,0,PARSA,Mar,84.783053,27.239238
2024-03-01,2024-03-31,2024,2,DOLAKHA,Mar,86.197848,27.783458
2024-03-01,2024-03-31,2024,25,SINDHUPALCHOK,Mar,85.74062,27.913547
2024-03-01,2024-03-31,2024,0,RASUWA,Mar,85.41387,28.182702
2024-03-01,2024-03-31,2024,0,DHADING,Mar,84.964879,27.95042
2024-03-01,2024-03-31,2024,2,NUWAKOT,Mar,85.239025,27.914061
2024-03-01,2024-03-31,2024,14,KATHMANDU,Mar,85.337535,27.724655
2024-03-01,2024-03-31,2024,2,BHAKTAPUR,Mar,85.445311,27.6795
2024-03-01,2024-03-31,2024,4,LALITPUR,Mar,85.344018,27.538779
2024-03-01,2024-03-31,2024,0,KAVREPALANCHOK,Mar,,
2024-03-01,2024-03-31,2024,0,RAMECHHAP,Mar,86.173577,27.507863
2024-03-01,2024-03-31,2024,1,SINDHULI,Mar,85.946616,27.201411
2024-03-01,2024-03-31,2024,13,MAKWANPUR,Mar,85.082346,27.469566
2024-03-01,2024-03-31,2024,11,CHITAWAN,Mar,,
2024-03-01,2024-03-31,2024,1,GORKHA,Mar,84.793552,28.319303
2024-03-01,2024-03-31,2024,0,MANANG,Mar,84.227051,28.675036
2024-03-01,2024-03-31,2024,0,MUSTANG,Mar,83.860701,28.981976
2024-03-01,2024-03-31,2024,2,MYAGDI,Mar,83.463235,28.553413
2024-03-01,2024-03-31,2024,2,KASKI,Mar,84.001131,28.354534
2024-03-01,2024-03-31,2024,0,LAMJUNG,Mar,84.432971,28.291796
2024-03-01,2024-03-31,2024,2,TANAHU,Mar,84.255788,27.955238
2024-03-01,2024-03-31,2024,4,NAWALPARASI EAST,Mar,,
2024-03-01,2024-03-31,2024,3,SYANGJA,Mar,83.807148,28.020918
2024-03-01,2024-03-31,2024,2,PARBAT,Mar,83.683179,28.20933
2024-03-01,2024-03-31,2024,4,BAGLUNG,Mar,83.256547,28.345703
2024-03-01,2024-03-31,2024,1,RUKUM EAST,Mar,,
2024-03-01,2024-03-31,2024,1,ROLPA,Mar,82.628029,28.343082
2024-03-01,2024-03-31,2024,1,PYUTHAN,Mar,82.869222,28.118369
2024-03-01,2024-03-31,2024,2,GULMI,Mar,83.30513,28.093454
2024-03-01,2024-03-31,2024,2,ARGHAKHANCHI,Mar,83.076443,27.918388
2024-03-01,2024-03-31,2024,10,PALPA,Mar,83.62831,27.818697
2024-03-01,2024-03-31,2024,2,NAWALPARASI WEST,Mar,,
2024-03-01,2024-03-31,2024,6,RUPANDEHI,Mar,83.392355,27.581545
2024-03-01,2024-03-31,2024,2,KAPILBASTU,Mar,,
2024-03-01,2024-03-31,2024,1,DANG,Mar,82.420482,27.962621
2024-03-01,2024-03-31,2024,1,BANKE,Mar,81.830504,28.086028
2024-03-01,2024-03-31,2024,0,BARDIYA,Mar,81.40222,28.38422
2024-03-01,2024-03-31,2024,0,DOLPA,Mar,83.054405,29.169521
2024-03-01,2024-03-31,2024,0,MUGU,Mar,82.372693,29.616606
2024-03-01,2024-03-31,2024,0,HUMLA,Mar,81.882531,30.031208
2024-03-01,2024-03-31,2024,0,JUMLA,Mar,82.21957,29.271308
2024-03-01,2024-03-31,2024,0,KALIKOT,Mar,81.753844,29.193673
2024-03-01,2024-03-31,2024,0,DAILEKH,Mar,81.678239,28.877029
2024-03-01,2024-03-31,2024,1,JAJARKOT,Mar,82.168636,28.864551
2024-03-01,2024-03-31,2024,3,RUKUM WEST,Mar,,
2024-03-01,2024-03-31,2024,0,SALYAN,Mar,82.139943,28.397336
2024-03-01,2024-03-31,2024,2,SURKHET,Mar,81.588747,28.638041
2024-03-01,2024-03-31,2024,5,BAJURA,Mar,81.566283,29.560904
2024-03-01,2024-03-31,2024,0,BAJHANG,Mar,81.180034,29.707134
2024-03-01,2024-03-31,2024,0,DARCHULA,Mar,80.791568,29.945575
2024-03-01,2024-03-31,2024,0,BAITADI,Mar,80.571334,29.505689
2024-03-01,2024-03-31,2024,1,DADELDHURA,Mar,80.488304,29.223501
2024-03-01,2024-03-31,2024,9,DOTI,Mar,80.897056,29.168335
2024-03-01,2024-03-31,2024,10,ACHHAM,Mar,81.29952,29.113168
2024-03-01,2024-03-31,2024,7,KAILALI,Mar,80.878301,28.743337
2024-03-01,2024-03-31,2024,7,KANCHANPUR,Mar,80.324299,28.862625
2024-04-01,2024-04-30,2024,0,TAPLEJUNG,Apr,87.82392,27.581409
2024-04-01,2024-04-30,2024,6,SANKHUWASABHA,Apr,87.281184,27.582168
2024-04-01,2024-04-30,2024,0,SOLUKHUMBU,Apr,86.720435,27.712277
2024-04-01,2024-04-30,2024,3,OKHALDHUNGA,Apr,86.422053,27.331392
2024-04-01,2024-04-30,2024,1,KHOTANG,Apr,86.790407,27.169442
2024-04-01,2024-04-30,2024,4,BHOJPUR,Apr,87.071122,27.180289
2024-04-01,2024-04-30,2024,1,DHANKUTA,Apr,87.334262,26.990685
2024-04-01,2024-04-30,2024,0,TERHATHUM,Apr,,
2024-04-01,2024-04-30,2024,0,PANCHTHAR,Apr,87.778168,27.115081
2024-04-01,2024-04-30,2024,4,ILAM,Apr,87.907374,26.878962
2024-04-01,2024-04-30,2024,10,JHAPA,Apr,87.916711,26.579753
2024-04-01,2024-04-30,2024,1,MORANG,Apr,87.475601,26.617225
2024-04-01,2024-04-30,2024,4,SUNSARI,Apr,87.168075,26.650183
2024-04-01,2024-04-30,2024,0,UDAYAPUR,Apr,86.699994,26.912892
2024-04-01,2024-04-30,2024,1,SAPTARI,Apr,86.72823,26.615953
2024-04-01,2024-04-30,2024,0,SIRAHA,Apr,86.343228,26.756668
2024-04-01,2024-04-30,2024,0,DHANUSA,Apr,86.036497,26.828948
2024-04-01,2024-04-30,2024,1,MAHOTTARI,Apr,85.822562,26.882985
2024-04-01,2024-04-30,2024,0,SARLAHI,Apr,85.566797,26.984775
2024-04-01,2024-04-30,2024,4,RAUTAHAT,Apr,85.305507,27.001849
2024-04-01,2024-04-30,2024,1,BARA,Apr,85.073668,27.109349
2024-04-01,2024-04-30,2024,1,PARSA,Apr,84.783053,27.239238
2024-04-01,2024-04-30,2024,2,DOLAKHA,Apr,86.197848,27.783458
2024-04-01,2024-04-30,2024,2,SINDHUPALCHOK,Apr,85.74062,27.913547
2024-04-01,2024-04-30,2024,0,RASUWA,Apr,85.41387,28.182702
2024-04-01,2024-04-30,2024,0,DHADING,Apr,84.964879,27.95042
2024-04-01,2024-04-30,2024,2,NUWAKOT,Apr,85.239025,27.914061
2024-04-01,2024-04-30,2024,36,KATHMANDU,Apr,85.337535,27.724655
2024-04-01,2024-04-30,2024,3,BHAKTAPUR,Apr,85.445311,27.6795
2024-04-01,2024-04-30,2024,2,LALITPUR,Apr,85.344018,27.538779
2024-04-01,2024-04-30,2024,0,KAVREPALANCHOK,Apr,,
2024-04-01,2024-04-30,2024,1,RAMECHHAP,Apr,86.173577,27.507863
2024-04-01,2024-04-30,2024,1,SINDHULI,Apr,85.946616,27.201411
2024-04-01,2024-04-30,2024,12,MAKWANPUR,Apr,85.082346,27.469566
2024-04-01,2024-04-30,2024,25,CHITAWAN,Apr,,
2024-04-01,2024-04-30,2024,3,GORKHA,Apr,84.793552,28.319303
2024-04-01,2024-04-30,2024,0,MANANG,Apr,84.227051,28.675036
2024-04-01,2024-04-30,2024,0,MUSTANG,Apr,83.860701,28.981976
2024-04-01,2024-04-30,2024,1,MYAGDI,Apr,83.463235,28.553413
2024-04-01,2024-04-30,2024,8,KASKI,Apr,84.001131,28.354534
2024-04-01,2024-04-30,2024,7,LAMJUNG,Apr,84.432971,28.291796
2024-04-01,2024-04-30,2024,11,TANAHU,Apr,84.255788,27.955238
2024-04-01,2024-04-30,2024,3,NAWALPARASI EAST,Apr,,
2024-04-01,2024-04-30,2024,1,SYANGJA,Apr,83.807148,28.020918
2024-04-01,2024-04-30,2024,1,PARBAT,Apr,83.683179,28.20933
2024-04-01,2024-04-30,2024,0,BAGLUNG,Apr,83.256547,28.345703
2024-04-01,2024-04-30,2024,0,RUKUM EAST,Apr,,
2024-04-01,2024-04-30,2024,1,ROLPA,Apr,82.628029,28.343082
2024-04-01,2024-04-30,2024,1,PYUTHAN,Apr,82.869222,28.118369
2024-04-01,2024-04-30,2024,2,GULMI,Apr,83.30513,28.093454
2024-04-01,2024-04-30,2024,2,ARGHAKHANCHI,Apr,83.076443,27.918388
2024-04-01,2024-04-30,2024,2,PALPA,Apr,83.62831,27.818697
2024-04-01,2024-04-30,2024,0,NAWALPARASI WEST,Apr,,
2024-04-01,2024-04-30,2024,9,RUPANDEHI,Apr,83.392355,27.581545
2024-04-01,2024-04-30,2024,4,KAPILBASTU,Apr,,
2024-04-01,2024-04-30,2024,2,DANG,Apr,82.420482,27.962621
2024-04-01,2024-04-30,2024,4,BANKE,Apr,81.830504,28.086028
2024-04-01,2024-04-30,2024,1,BARDIYA,Apr,81.40222,28.38422
2024-04-01,2024-04-30,2024,0,DOLPA,Apr,83.054405,29.169521
2024-04-01,2024-04-30,2024,0,MUGU,Apr,82.372693,29.616606
2024-04-01,2024-04-30,2024,0,HUMLA,Apr,81.882531,30.031208
2024-04-01,2024-04-30,2024,0,JUMLA,Apr,82.21957,29.271308
2024-04-01,2024-04-30,2024,1,KALIKOT,Apr,81.753844,29.193673
2024-04-01,2024-04-30,2024,1,DAILEKH,Apr,81.678239,28.877029
2024-04-01,2024-04-30,2024,0,JAJARKOT,Apr,82.168636,28.864551
2024-04-01,2024-04-30,2024,1,RUKUM WEST,Apr,,
2024-04-01,2024-04-30,2024,1,SALYAN,Apr,82.139943,28.397336
2024-04-01,2024-04-30,2024,0,SURKHET,Apr,81.588747,28.638041
2024-04-01,2024-04-30,2024,1,BAJURA,Apr,81.566283,29.560904
2024-04-01,2024-04-30,2024,1,BAJHANG,Apr,81.180034,29.707134
2024-04-01,2024-04-30,2024,1,DARCHULA,Apr,80.791568,29.945575
2024-04-01,2024-04-30,2024,0,BAITADI,Apr,80.571334,29.505689
2024-04-01,2024-04-30,2024,0,DADELDHURA,Apr,80.488304,29.223501
2024-04-01,2024-04-30,2024,6,DOTI,Apr,80.897056,29.168335
2024-04-01,2024-04-30,2024,12,ACHHAM,Apr,81.29952,29.113168
2024-04-01,2024-04-30,2024,12,KAILALI,Apr,80.878301,28.743337
2024-04-01,2024-04-30,2024,5,KANCHANPUR,Apr,80.324299,28.862625
2024-05-01,2024-05-31,2024,1,TAPLEJUNG,May,87.82392,27.581409
2024-05-01,2024-05-31,2024,4,SANKHUWASABHA,May,87.281184,27.582168
2024-05-01,2024-05-31,2024,1,SOLUKHUMBU,May,86.720435,27.712277
2024-05-01,2024-05-31,2024,7,OKHALDHUNGA,May,86.422053,27.331392
2024-05-01,2024-05-31,2024,1,KHOTANG,May,86.790407,27.169442
2024-05-01,2024-05-31,2024,9,BHOJPUR,May,87.071122,27.180289
2024-05-01,2024-05-31,2024,2,DHANKUTA,May,87.334262,26.990685
2024-05-01,2024-05-31,2024,2,TERHATHUM,May,,
2024-05-01,2024-05-31,2024,2,PANCHTHAR,May,87.778168,27.115081
2024-05-01,2024-05-31,2024,2,ILAM,May,87.907374,26.878962
2024-05-01,2024-05-31,2024,44,JHAPA,May,87.916711,26.579753
2024-05-01,2024-05-31,2024,1,MORANG,May,87.475601,26.617225
2024-05-01,2024-05-31,2024,3,SUNSARI,May,87.168075,26.650183
2024-05-01,2024-05-31,2024,2,UDAYAPUR,May,86.699994,26.912892
2024-05-01,2024-05-31,2024,1,SAPTARI,May,86.72823,26.615953
2024-05-01,2024-05-31,2024,0,SIRAHA,May,86.343228,26.756668
2024-05-01,2024-05-31,2024,0,DHANUSA,May,86.036497,26.828948
2024-05-01,2024-05-31,2024,0,MAHOTTARI,May,85.822562,26.882985
2024-05-01,2024-05-31,2024,0,SARLAHI,May,85.566797,26.984775
2024-05-01,2024-05-31,2024,5,RAUTAHAT,May,85.305507,27.001849
2024-05-01,2024-05-31,2024,2,BARA,May,85.073668,27.109349
2024-05-01,2024-05-31,2024,1,PARSA,May,84.783053,27.239238
2024-05-01,2024-05-31,2024,1,DOLAKHA,May,86.197848,27.783458
2024-05-01,2024-05-31,2024,5,SINDHUPALCHOK,May,85.74062,27.913547
2024-05-01,2024-05-31,2024,0,RASUWA,May,85.41387,28.182702
2024-05-01,2024-05-31,2024,2,DHADING,May,84.964879,27.95042
2024-05-01,2024-05-31,2024,2,NUWAKOT,May,85.239025,27.914061
2024-05-01,2024-05-31,2024,32,KATHMANDU,May,85.337535,27.724655
2024-05-01,2024-05-31,2024,4,BHAKTAPUR,May,85.445311,27.6795
2024-05-01,2024-05-31,2024,1,LALITPUR,May,85.344018,27.538779
2024-05-01,2024-05-31,2024,8,KAVREPALANCHOK,May,,
2024-05-01,2024-05-31,2024,1,RAMECHHAP,May,86.173577,27.507863
2024-05-01,2024-05-31,2024,0,SINDHULI,May,85.946616,27.201411
2024-05-01,2024-05-31,2024,9,MAKWANPUR,May,85.082346,27.469566
2024-05-01,2024-05-31,2024,16,CHITAWAN,May,,
2024-05-01,2024-05-31,2024,2,GORKHA,May,84.793552,28.319303
2024-05-01,2024-05-31,2024,0,MANANG,May,84.227051,28.675036
2024-05-01,2024-05-31,2024,0,MUSTANG,May,83.860701,28.981976
2024-05-01,2024-05-31,2024,1,MYAGDI,May,83.463235,28.553413
2024-05-01,2024-05-31,2024,16,KASKI,May,84.001131,28.354534
2024-05-01,2024-05-31,2024,7,LAMJUNG,May,84.432971,28.291796
2024-05-01,2024-05-31,2024,17,TANAHU,May,84.255788,27.955238
2024-05-01,2024-05-31,2024,4,NAWALPARASI EAST,May,,
2024-05-01,2024-05-31,2024,4,SYANGJA,May,83.807148,28.020918
2024-05-01,2024-05-31,2024,2,PARBAT,May,83.683179,28.20933
2024-05-01,2024-05-31,2024,2,BAGLUNG,May,83.256547,28.345703
2024-05-01,2024-05-31,2024,0,RUKUM EAST,May,,
2024-05-01,2024-05-31,2024,0,ROLPA,May,82.628029,28.343082
2024-05-01,2024-05-31,2024,0,PYUTHAN,May,82.869222,28.118369
2024-05-01,2024-05-31,2024,3,GULMI,May,83.30513,28.093454
2024-05-01,2024-05-31,2024,6,ARGHAKHANCHI,May,83.076443,27.918388
2024-05-01,2024-05-31,2024,0,PALPA,May,83.62831,27.818697
2024-05-01,2024-05-31,2024,0,NAWALPARASI WEST,May,,
2024-05-01,2024-05-31,2024,2,RUPANDEHI,May,83.392355,27.581545
2024-05-01,2024-05-31,2024,0,KAPILBASTU,May,,
2024-05-01,2024-05-31,2024,4,DANG,May,82.420482,27.962621
2024-05-01,2024-05-31,2024,1,BANKE,May,81.830504,28.086028
2024-05-01,2024-05-31,2024,7,BARDIYA,May,81.40222,28.38422
2024-05-01,2024-05-31,2024,0,DOLPA,May,83.054405,29.169521
2024-05-01,2024-05-31,2024,0,MUGU,May,82.372693,29.616606
2024-05-01,2024-05-31,2024,0,HUMLA,May,81.882531,30.031208
2024-05-01,2024-05-31,2024,0,JUMLA,May,82.21957,29.271308
2024-05-01,2024-05-31,2024,0,KALIKOT,May,81.753844,29.193673
2024-05-01,2024-05-31,2024,2,DAILEKH,May,81.678239,28.877029
2024-05-01,2024-05-31,2024,0,JAJARKOT,May,82.168636,28.864551
2024-05-01,2024-05-31,2024,0,RUKUM WEST,May,,
2024-05-01,2024-05-31,2024,1,SALYAN,May,82.139943,28.397336
2024-05-01,2024-05-31,2024,0,SURKHET,May,81.588747,28.638041
2024-05-01,2024-05-31,2024,1,BAJURA,May,81.566283,29.560904
2024-05-01,2024-05-31,2024,1,BAJHANG,May,81.180034,29.707134
2024-05-01,2024-05-31,2024,7,DARCHULA,May,80.791568,29.945575
2024-05-01,2024-05-31,2024,0,BAITADI,May,80.571334,29.505689
2024-05-01,2024-05-31,2024,2,DADELDHURA,May,80.488304,29.223501
2024-05-01,2024-05-31,2024,2,DOTI,May,80.897056,29.168335
2024-05-01,2024-05-31,2024,2,ACHHAM,May,81.29952,29.113168
2024-05-01,2024-05-31,2024,7,KAILALI,May,80.878301,28.743337
2024-05-01,2024-05-31,2024,4,KANCHANPUR,May,80.324299,28.862625
2024-06-01,2024-06-30,2024,0,TAPLEJUNG,Jun,87.82392,27.581409
2024-06-01,2024-06-30,2024,5,SANKHUWASABHA,Jun,87.281184,27.582168
2024-06-01,2024-06-30,2024,0,SOLUKHUMBU,Jun,86.720435,27.712277
2024-06-01,2024-06-30,2024,8,OKHALDHUNGA,Jun,86.422053,27.331392
2024-06-01,2024-06-30,2024,6,KHOTANG,Jun,86.790407,27.169442
2024-06-01,2024-06-30,2024,15,BHOJPUR,Jun,87.071122,27.180289
2024-06-01,2024-06-30,2024,29,DHANKUTA,Jun,87.334262,26.990685
2024-06-01,2024-06-30,2024,10,TERHATHUM,Jun,,
2024-06-01,2024-06-30,2024,0,PANCHTHAR,Jun,87.778168,27.115081
2024-06-01,2024-06-30,2024,11,ILAM,Jun,87.907374,26.878962
2024-06-01,2024-06-30,2024,15,JHAPA,Jun,87.916711,26.579753
2024-06-01,2024-06-30,2024,2,MORANG,Jun,87.475601,26.617225
2024-06-01,2024-06-30,2024,4,SUNSARI,Jun,87.168075,26.650183
2024-06-01,2024-06-30,2024,0,UDAYAPUR,Jun,86.699994,26.912892
2024-06-01,2024-06-30,2024,0,SAPTARI,Jun,86.72823,26.615953
2024-06-01,2024-06-30,2024,2,SIRAHA,Jun,86.343228,26.756668
2024-06-01,2024-06-30,2024,0,DHANUSA,Jun,86.036497,26.828948
2024-06-01,2024-06-30,2024,0,MAHOTTARI,Jun,85.822562,26.882985
2024-06-01,2024-06-30,2024,2,SARLAHI,Jun,85.566797,26.984775
2024-06-01,2024-06-30,2024,3,RAUTAHAT,Jun,85.305507,27.001849
2024-06-01,2024-06-30,2024,3,BARA,Jun,85.073668,27.109349
2024-06-01,2024-06-30,2024,0,PARSA,Jun,84.783053,27.239238
2024-06-01,2024-06-30,2024,0,DOLAKHA,Jun,86.197848,27.783458
2024-06-01,2024-06-30,2024,2,SINDHUPALCHOK,Jun,85.74062,27.913547
2024-06-01,2024-06-30,2024,0,RASUWA,Jun,85.41387,28.182702
2024-06-01,2024-06-30,2024,0,DHADING,Jun,84.964879,27.95042
2024-06-01,2024-06-30,2024,4,NUWAKOT,Jun,85.239025,27.914061
2024-06-01,2024-06-30,2024,51,KATHMANDU,Jun,85.337535,27.724655
2024-06-01,2024-06-30,2024,7,BHAKTAPUR,Jun,85.445311,27.6795
2024-06-01,2024-06-30,2024,2,LALITPUR,Jun,85.344018,27.538779
2024-06-01,2024-06-30,2024,15,KAVREPALANCHOK,Jun,,
2024-06-01,2024-06-30,2024,1,RAMECHHAP,Jun,86.173577,27.507863
2024-06-01,2024-06-30,2024,3,SINDHULI,Jun,85.946616,27.201411
2024-06-01,2024-06-30,2024,9,MAKWANPUR,Jun,85.082346,27.469566
2024-06-01,2024-06-30,2024,7,CHITAWAN,Jun,,
2024-06-01,2024-06-30,2024,6,GORKHA,Jun,84.793552,28.319303
2024-06-01,2024-06-30,2024,1,MANANG,Jun,84.227051,28.675036
2024-06-01,2024-06-30,2024,0,MUSTANG,Jun,83.860701,28.981976
2024-06-01,2024-06-30,2024,7,MYAGDI,Jun,83.463235,28.553413
2024-06-01,2024-06-30,2024,22,KASKI,Jun,84.001131,28.354534
2024-06-01,2024-06-30,2024,4,LAMJUNG,Jun,84.432971,28.291796
2024-06-01,2024-06-30,2024,9,TANAHU,Jun,84.255788,27.955238
2024-06-01,2024-06-30,2024,3,NAWALPARASI EAST,Jun,,
2024-06-01,2024-06-30,2024,3,SYANGJA,Jun,83.807148,28.020918
2024-06-01,2024-06-30,2024,3,PARBAT,Jun,83.683179,28.20933
2024-06-01,2024-06-30,2024,1,BAGLUNG,Jun,83.256547,28.345703
2024-06-01,2024-06-30,2024,1,RUKUM EAST,Jun,,
2024-06-01,2024-06-30,2024,1,ROLPA,Jun,82.628029,28.343082
2024-06-01,2024-06-30,2024,1,PYUTHAN,Jun,82.869222,28.118369
2024-06-01,2024-06-30,2024,3,GULMI,Jun,83.30513,28.093454
2024-06-01,2024-06-30,2024,9,ARGHAKHANCHI,Jun,83.076443,27.918388
2024-06-01,2024-06-30,2024,11,PALPA,Jun,83.62831,27.818697
2024-06-01,2024-06-30,2024,1,NAWALPARASI WEST,Jun,,
2024-06-01,2024-06-30,2024,2,RUPANDEHI,Jun,83.392355,27.581545
2024-06-01,2024-06-30,2024,0,KAPILBASTU,Jun,,
2024-06-01,2024-06-30,2024,8,DANG,Jun,82.420482,27.962621
2024-06-01,2024-06-30,2024,1,BANKE,Jun,81.830504,28.086028
2024-06-01,2024-06-30,2024,2,BARDIYA,Jun,81.40222,28.38422
2024-06-01,2024-06-30,2024,0,DOLPA,Jun,83.054405,29.169521
2024-06-01,2024-06-30,2024,1,MUGU,Jun,82.372693,29.616606
2024-06-01,2024-06-30,2024,0,HUMLA,Jun,81.882531,30.031208
2024-06-01,2024-06-30,2024,0,JUMLA,Jun,82.21957,29.271308
2024-06-01,2024-06-30,2024,0,KALIKOT,Jun,81.753844,29.193673
2024-06-01,2024-06-30,2024,1,DAILEKH,Jun,81.678239,28.877029
2024-06-01,2024-06-30,2024,0,JAJARKOT,Jun,82.168636,28.864551
2024-06-01,2024-06-30,2024,1,RUKUM WEST,Jun,,
2024-06-01,2024-06-30,2024,1,SALYAN,Jun,82.139943,28.397336
2024-06-01,2024-06-30,2024,1,SURKHET,Jun,81.588747,28.638041
2024-06-01,2024-06-30,2024,2,BAJURA,Jun,81.566283,29.560904
2024-06-01,2024-06-30,2024,1,BAJHANG,Jun,81.180034,29.707134
2024-06-01,2024-06-30,2024,6,DARCHULA,Jun,80.791568,29.945575
2024-06-01,2024-06-30,2024,3,BAITADI,Jun,80.571334,29.505689
2024-06-01,2024-06-30,2024,2,DADELDHURA,Jun,80.488304,29.223501
2024-06-01,2024-06-30,2024,20,DOTI,Jun,80.897056,29.168335
2024-06-01,2024-06-30,2024,9,ACHHAM,Jun,81.29952,29.113168
2024-06-01,2024-06-30,2024,14,KAILALI,Jun,80.878301,28.743337
2024-06-01,2024-06-30,2024,0,KANCHANPUR,Jun,80.324299,28.862625
2024-07-01,2024-07-31,2024,1,TAPLEJUNG,Jul,87.82392,27.581409
2024-07-01,2024-07-31,2024,27,SANKHUWASABHA,Jul,87.281184,27.582168
2024-07-01,2024-07-31,2024,1,SOLUKHUMBU,Jul,86.720435,27.712277
2024-07-01,2024-07-31,2024,14,OKHALDHUNGA,Jul,86.422053,27.331392
2024-07-01,2024-07-31,2024,5,KHOTANG,Jul,86.790407,27.169442
2024-07-01,2024-07-31,2024,23,BHOJPUR,Jul,87.071122,27.180289
2024-07-01,2024-07-31,2024,15,DHANKUTA,Jul,87.334262,26.990685
2024-07-01,2024-07-31,2024,12,TERHATHUM,Jul,,
2024-07-01,2024-07-31,2024,4,PANCHTHAR,Jul,87.778168,27.115081
2024-07-01,2024-07-31,2024,6,ILAM,Jul,87.907374,26.878962
2024-07-01,2024-07-31,2024,10,JHAPA,Jul,87.916711,26.579753
2024-07-01,2024-07-31,2024,5,MORANG,Jul,87.475601,26.617225
2024-07-01,2024-07-31,2024,11,SUNSARI,Jul,87.168075,26.650183
2024-07-01,2024-07-31,2024,4,UDAYAPUR,Jul,86.699994,26.912892
2024-07-01,2024-07-31,2024,0,SAPTARI,Jul,86.72823,26.615953
2024-07-01,2024-07-31,2024,1,SIRAHA,Jul,86.343228,26.756668
2024-07-01,2024-07-31,2024,1,DHANUSA,Jul,86.036497,26.828948
2024-07-01,2024-07-31,2024,0,MAHOTTARI,Jul,85.822562,26.882985
2024-07-01,2024-07-31,2024,1,SARLAHI,Jul,85.566797,26.984775
2024-07-01,2024-07-31,2024,2,RAUTAHAT,Jul,85.305507,27.001849
2024-07-01,2024-07-31,2024,3,BARA,Jul,85.073668,27.109349
2024-07-01,2024-07-31,2024,1,PARSA,Jul,84.783053,27.239238
2024-07-01,2024-07-31,2024,3,DOLAKHA,Jul,86.197848,27.783458
2024-07-01,2024-07-31,2024,13,SINDHUPALCHOK,Jul,85.74062,27.913547
2024-07-01,2024-07-31,2024,0,RASUWA,Jul,85.41387,28.182702
2024-07-01,2024-07-31,2024,5,DHADING,Jul,84.964879,27.95042
2024-07-01,2024-07-31,2024,3,NUWAKOT,Jul,85.239025,27.914061
2024-07-01,2024-07-31,2024,109,KATHMANDU,Jul,85.337535,27.724655
2024-07-01,2024-07-31,2024,7,BHAKTAPUR,Jul,85.445311,27.6795
2024-07-01,2024-07-31,2024,11,LALITPUR,Jul,85.344018,27.538779
2024-07-01,2024-07-31,2024,36,KAVREPALANCHOK,Jul,,
2024-07-01,2024-07-31,2024,3,RAMECHHAP,Jul,86.173577,27.507863
2024-07-01,2024-07-31,2024,5,SINDHULI,Jul,85.946616,27.201411
2024-07-01,2024-07-31,2024,15,MAKWANPUR,Jul,85.082346,27.469566
2024-07-01,2024-07-31,2024,134,CHITAWAN,Jul,,
2024-07-01,2024-07-31,2024,32,GORKHA,Jul,84.793552,28.319303
2024-07-01,2024-07-31,2024,0,MANANG,Jul,84.227051,28.675036
2024-07-01,2024-07-31,2024,1,MUSTANG,Jul,83.860701,28.981976
2024-07-01,2024-07-31,2024,11,MYAGDI,Jul,83.463235,28.553413
2024-07-01,2024-07-31,2024,206,KASKI,Jul,84.001131,28.354534
2024-07-01,2024-07-31,2024,20,LAMJUNG,Jul,84.432971,28.291796
2024-07-01,2024-07-31,2024,274,TANAHU,Jul,84.255788,27.955238
2024-07-01,2024-07-31,2024,11,NAWALPARASI EAST,Jul,,
2024-07-01,2024-07-31,2024,19,SYANGJA,Jul,83.807148,28.020918
2024-07-01,2024-07-31,2024,22,PARBAT,Jul,83.683179,28.20933
2024-07-01,2024-07-31,2024,12,BAGLUNG,Jul,83.256547,28.345703
2024-07-01,2024-07-31,2024,0,RUKUM EAST,Jul,,
2024-07-01,2024-07-31,2024,2,ROLPA,Jul,82.628029,28.343082
2024-07-01,2024-07-31,2024,0,PYUTHAN,Jul,82.869222,28.118369
2024-07-01,2024-07-31,2024,4,GULMI,Jul,83.30513,28.093454
2024-07-01,2024-07-31,2024,9,ARGHAKHANCHI,Jul,83.076443,27.918388
2024-07-01,2024-07-31,2024,24,PALPA,Jul,83.62831,27.818697
2024-07-01,2024-07-31,2024,4,NAWALPARASI WEST,Jul,,
2024-07-01,2024-07-31,2024,12,RUPANDEHI,Jul,83.392355,27.581545
2024-07-01,2024-07-31,2024,0,KAPILBASTU,Jul,,
2024-07-01,2024-07-31,2024,11,DANG,Jul,82.420482,27.962621
2024-07-01,2024-07-31,2024,5,BANKE,Jul,81.830504,28.086028
2024-07-01,2024-07-31,2024,3,BARDIYA,Jul,81.40222,28.38422
2024-07-01,2024-07-31,2024,0,DOLPA,Jul,83.054405,29.169521
2024-07-01,2024-07-31,2024,1,MUGU,Jul,82.372693,29.616606
2024-07-01,2024-07-31,2024,0,HUMLA,Jul,81.882531,30.031208
2024-07-01,2024-07-31,2024,0,JUMLA,Jul,82.21957,29.271308
2024-07-01,2024-07-31,2024,0,KALIKOT,Jul,81.753844,29.193673
2024-07-01,2024-07-31,2024,1,DAILEKH,Jul,81.678239,28.877029
2024-07-01,2024-07-31,2024,0,JAJARKOT,Jul,82.168636,28.864551
2024-07-01,2024-07-31,2024,0,RUKUM WEST,Jul,,
2024-07-01,2024-07-31,2024,1,SALYAN,Jul,82.139943,28.397336
2024-07-01,2024-07-31,2024,9,SURKHET,Jul,81.588747,28.638041
2024-07-01,2024-07-31,2024,1,BAJURA,Jul,81.566283,29.560904
2024-07-01,2024-07-31,2024,1,BAJHANG,Jul,81.180034,29.707134
2024-07-01,2024-07-31,2024,5,DARCHULA,Jul,80.791568,29.945575
2024-07-01,2024-07-31,2024,3,BAITADI,Jul,80.571334,29.505689
2024-07-01,2024-07-31,2024,3,DADELDHURA,Jul,80.488304,29.223501
2024-07-01,2024-07-31,2024,4,DOTI,Jul,80.897056,29.168335
2024-07-01,2024-07-31,2024,16,ACHHAM,Jul,81.29952,29.113168
2024-07-01,2024-07-31,2024,23,KAILALI,Jul,80.878301,28.743337
2024-07-01,2024-07-31,2024,9,KANCHANPUR,Jul,80.324299,28.862625
2024-08-01,2024-08-31,2024,2,TAPLEJUNG,Aug,87.82392,27.581409
2024-08-01,2024-08-31,2024,32,SANKHUWASABHA,Aug,87.281184,27.582168
2024-08-01,2024-08-31,2024,1,SOLUKHUMBU,Aug,86.720435,27.712277
2024-08-01,2024-08-31,2024,22,OKHALDHUNGA,Aug,86.422053,27.331392
2024-08-01,2024-08-31,2024,8,KHOTANG,Aug,86.790407,27.169442
2024-08-01,2024-08-31,2024,40,BHOJPUR,Aug,87.071122,27.180289
2024-08-01,2024-08-31,2024,17,DHANKUTA,Aug,87.334262,26.990685
2024-08-01,2024-08-31,2024,6,TERHATHUM,Aug,,
2024-08-01,2024-08-31,2024,14,PANCHTHAR,Aug,87.778168,27.115081
2024-08-01,2024-08-31,2024,3,ILAM,Aug,87.907374,26.878962
2024-08-01,2024-08-31,2024,38,JHAPA,Aug,87.916711,26.579753
2024-08-01,2024-08-31,2024,54,MORANG,Aug,87.475601,26.617225
2024-08-01,2024-08-31,2024,36,SUNSARI,Aug,87.168075,26.650183
2024-08-01,2024-08-31,2024,24,UDAYAPUR,Aug,86.699994,26.912892
2024-08-01,2024-08-31,2024,10,SAPTARI,Aug,86.72823,26.615953
2024-08-01,2024-08-31,2024,4,SIRAHA,Aug,86.343228,26.756668
2024-08-01,2024-08-31,2024,4,DHANUSA,Aug,86.036497,26.828948
2024-08-01,2024-08-31,2024,0,MAHOTTARI,Aug,85.822562,26.882985
2024-08-01,2024-08-31,2024,11,SARLAHI,Aug,85.566797,26.984775
2024-08-01,2024-08-31,2024,6,RAUTAHAT,Aug,85.305507,27.001849
2024-08-01,2024-08-31,2024,9,BARA,Aug,85.073668,27.109349
2024-08-01,2024-08-31,2024,14,PARSA,Aug,84.783053,27.239238
2024-08-01,2024-08-31,2024,4,DOLAKHA,Aug,86.197848,27.783458
2024-08-01,2024-08-31,2024,16,SINDHUPALCHOK,Aug,85.74062,27.913547
2024-08-01,2024-08-31,2024,4,RASUWA,Aug,85.41387,28.182702
2024-08-01,2024-08-31,2024,22,DHADING,Aug,84.964879,27.95042
2024-08-01,2024-08-31,2024,26,NUWAKOT,Aug,85.239025,27.914061
2024-08-01,2024-08-31,2024,282,KATHMANDU,Aug,85.337535,27.724655
2024-08-01,2024-08-31,2024,41,BHAKTAPUR,Aug,85.445311,27.6795
2024-08-01,2024-08-31,2024,84,LALITPUR,Aug,85.344018,27.538779
2024-08-01,2024-08-31,2024,40,KAVREPALANCHOK,Aug,,
2024-08-01,2024-08-31,2024,6,RAMECHHAP,Aug,86.173577,27.507863
2024-08-01,2024-08-31,2024,12,SINDHULI,Aug,85.946616,27.201411
2024-08-01,2024-08-31,2024,44,MAKWANPUR,Aug,85.082346,27.469566
2024-08-01,2024-08-31,2024,312,CHITAWAN,Aug,,
2024-08-01,2024-08-31,2024,195,GORKHA,Aug,84.793552,28.319303
2024-08-01,2024-08-31,2024,1,MANANG,Aug,84.227051,28.675036
2024-08-01,2024-08-31,2024,0,MUSTANG,Aug,83.860701,28.981976
2024-08-01,2024-08-31,2024,28,MYAGDI,Aug,83.463235,28.553413
2024-08-01,2024-08-31,2024,1523,KASKI,Aug,84.001131,28.354534
2024-08-01,2024-08-31,2024,31,LAMJUNG,Aug,84.432971,28.291796
2024-08-01,2024-08-31,2024,853,TANAHU,Aug,84.255788,27.955238
2024-08-01,2024-08-31,2024,29,NAWALPARASI EAST,Aug,,
2024-08-01,2024-08-31,2024,76,SYANGJA,Aug,83.807148,28.020918
2024-08-01,2024-08-31,2024,620,PARBAT,Aug,83.683179,28.20933
2024-08-01,2024-08-31,2024,57,BAGLUNG,Aug,83.256547,28.345703
2024-08-01,2024-08-31,2024,1,RUKUM EAST,Aug,,
2024-08-01,2024-08-31,2024,12,ROLPA,Aug,82.628029,28.343082
2024-08-01,2024-08-31,2024,9,PYUTHAN,Aug,82.869222,28.118369
2024-08-01,2024-08-31,2024,30,GULMI,Aug,83.30513,28.093454
2024-08-01,2024-08-31,2024,41,ARGHAKHANCHI,Aug,83.076443,27.918388
2024-08-01,2024-08-31,2024,46,PALPA,Aug,83.62831,27.818697
2024-08-01,2024-08-31,2024,8,NAWALPARASI WEST,Aug,,
2024-08-01,2024-08-31,2024,28,RUPANDEHI,Aug,83.392355,27.581545
2024-08-01,2024-08-31,2024,9,KAPILBASTU,Aug,,
2024-08-01,2024-08-31,2024,82,DANG,Aug,82.420482,27.962621
2024-08-01,2024-08-31,2024,9,BANKE,Aug,81.830504,28.086028
2024-08-01,2024-08-31,2024,6,BARDIYA,Aug,81.40222,28.38422
2024-08-01,2024-08-31,2024,3,DOLPA,Aug,83.054405,29.169521
2024-08-01,2024-08-31,2024,1,MUGU,Aug,82.372693,29.616606
2024-08-01,2024-08-31,2024,0,HUMLA,Aug,81.882531,30.031208
2024-08-01,2024-08-31,2024,2,JUMLA,Aug,82.21957,29.271308
2024-08-01,2024-08-31,2024,10,KALIKOT,Aug,81.753844,29.193673
2024-08-01,2024-08-31,2024,4,DAILEKH,Aug,81.678239,28.877029
2024-08-01,2024-08-31,2024,3,JAJARKOT,Aug,82.168636,28.864551
2024-08-01,2024-08-31,2024,6,RUKUM WEST,Aug,,
2024-08-01,2024-08-31,2024,5,SALYAN,Aug,82.139943,28.397336
2024-08-01,2024-08-31,2024,37,SURKHET,Aug,81.588747,28.638041
2024-08-01,2024-08-31,2024,7,BAJURA,Aug,81.566283,29.560904
2024-08-01,2024-08-31,2024,1,BAJHANG,Aug,81.180034,29.707134
2024-08-01,2024-08-31,2024,7,DARCHULA,Aug,80.791568,29.945575
2024-08-01,2024-08-31,2024,16,BAITADI,Aug,80.571334,29.505689
2024-08-01,2024-08-31,2024,6,DADELDHURA,Aug,80.488304,29.223501
2024-08-01,2024-08-31,2024,3,DOTI,Aug,80.897056,29.168335
2024-08-01,2024-08-31,2024,20,ACHHAM,Aug,81.29952,29.113168
2024-08-01,2024-08-31,2024,75,KAILALI,Aug,80.878301,28.743337
2024-08-01,2024-08-31,2024,20,KANCHANPUR,Aug,80.324299,28.862625
2024-09-01,2024-09-30,2024,2,TAPLEJUNG,Sep,87.82392,27.581409
2024-09-01,2024-09-30,2024,50,SANKHUWASABHA,Sep,87.281184,27.582168
2024-09-01,2024-09-30,2024,5,SOLUKHUMBU,Sep,86.720435,27.712277
2024-09-01,2024-09-30,2024,25,OKHALDHUNGA,Sep,86.422053,27.331392
2024-09-01,2024-09-30,2024,14,KHOTANG,Sep,86.790407,27.169442
2024-09-01,2024-09-30,2024,43,BHOJPUR,Sep,87.071122,27.180289
2024-09-01,2024-09-30,2024,26,DHANKUTA,Sep,87.334262,26.990685
2024-09-01,2024-09-30,2024,9,TERHATHUM,Sep,,
2024-09-01,2024-09-30,2024,48,PANCHTHAR,Sep,87.778168,27.115081
2024-09-01,2024-09-30,2024,12,ILAM,Sep,87.907374,26.878962
2024-09-01,2024-09-30,2024,46,JHAPA,Sep,87.916711,26.579753
2024-09-01,2024-09-30,2024,82,MORANG,Sep,87.475601,26.617225
2024-09-01,2024-09-30,2024,112,SUNSARI,Sep,87.168075,26.650183
2024-09-01,2024-09-30,2024,68,UDAYAPUR,Sep,86.699994,26.912892
2024-09-01,2024-09-30,2024,29,SAPTARI,Sep,86.72823,26.615953
2024-09-01,2024-09-30,2024,27,SIRAHA,Sep,86.343228,26.756668
2024-09-01,2024-09-30,2024,33,DHANUSA,Sep,86.036497,26.828948
2024-09-01,2024-09-30,2024,9,MAHOTTARI,Sep,85.822562,26.882985
2024-09-01,2024-09-30,2024,27,SARLAHI,Sep,85.566797,26.984775
2024-09-01,2024-09-30,2024,25,RAUTAHAT,Sep,85.305507,27.001849
2024-09-01,2024-09-30,2024,33,BARA,Sep,85.073668,27.109349
2024-09-01,2024-09-30,2024,22,PARSA,Sep,84.783053,27.239238
2024-09-01,2024-09-30,2024,29,DOLAKHA,Sep,86.197848,27.783458
2024-09-01,2024-09-30,2024,64,SINDHUPALCHOK,Sep,85.74062,27.913547
2024-09-01,2024-09-30,2024,6,RASUWA,Sep,85.41387,28.182702
2024-09-01,2024-09-30,2024,99,DHADING,Sep,84.964879,27.95042
2024-09-01,2024-09-30,2024,101,NUWAKOT,Sep,85.239025,27.914061
2024-09-01,2024-09-30,2024,1521,KATHMANDU,Sep,85.337535,27.724655
2024-09-01,2024-09-30,2024,165,BHAKTAPUR,Sep,85.445311,27.6795
2024-09-01,2024-09-30,2024,400,LALITPUR,Sep,85.344018,27.538779
2024-09-01,2024-09-30,2024,83,KAVREPALANCHOK,Sep,,
2024-09-01,2024-09-30,2024,36,RAMECHHAP,Sep,86.173577,27.507863
2024-09-01,2024-09-30,2024,43,SINDHULI,Sep,85.946616,27.201411
2024-09-01,2024-09-30,2024,98,MAKWANPUR,Sep,85.082346,27.469566
2024-09-01,2024-09-30,2024,318,CHITAWAN,Sep,,
2024-09-01,2024-09-30,2024,308,GORKHA,Sep,84.793552,28.319303
2024-09-01,2024-09-30,2024,0,MANANG,Sep,84.227051,28.675036
2024-09-01,2024-09-30,2024,12,MUSTANG,Sep,83.860701,28.981976
2024-09-01,2024-09-30,2024,114,MYAGDI,Sep,83.463235,28.553413
2024-09-01,2024-09-30,2024,3578,KASKI,Sep,84.001131,28.354534
2024-09-01,2024-09-30,2024,53,LAMJUNG,Sep,84.432971,28.291796
2024-09-01,2024-09-30,2024,587,TANAHU,Sep,84.255788,27.955238
2024-09-01,2024-09-30,2024,63,NAWALPARASI EAST,Sep,,
2024-09-01,2024-09-30,2024,168,SYANGJA,Sep,83.807148,28.020918
2024-09-01,2024-09-30,2024,658,PARBAT,Sep,83.683179,28.20933
2024-09-01,2024-09-30,2024,287,BAGLUNG,Sep,83.256547,28.345703
2024-09-01,2024-09-30,2024,6,RUKUM EAST,Sep,,
2024-09-01,2024-09-30,2024,17,ROLPA,Sep,82.628029,28.343082
2024-09-01,2024-09-30,2024,12,PYUTHAN,Sep,82.869222,28.118369
2024-09-01,2024-09-30,2024,42,GULMI,Sep,83.30513,28.093454
2024-09-01,2024-09-30,2024,55,ARGHAKHANCHI,Sep,83.076443,27.918388
2024-09-01,2024-09-30,2024,103,PALPA,Sep,83.62831,27.818697
2024-09-01,2024-09-30,2024,13,NAWALPARASI WEST,Sep,,
2024-09-01,2024-09-30,2024,81,RUPANDEHI,Sep,83.392355,27.581545
2024-09-01,2024-09-30,2024,18,KAPILBASTU,Sep,,
2024-09-01,2024-09-30,2024,165,DANG,Sep,82.420482,27.962621
2024-09-01,2024-09-30,2024,27,BANKE,Sep,81.830504,28.086028
2024-09-01,2024-09-30,2024,24,BARDIYA,Sep,81.40222,28.38422
2024-09-01,2024-09-30,2024,0,DOLPA,Sep,83.054405,29.169521
2024-09-01,2024-09-30,2024,2,MUGU,Sep,82.372693,29.616606
2024-09-01,2024-09-30,2024,0,HUMLA,Sep,81.882531,30.031208
2024-09-01,2024-09-30,2024,4,JUMLA,Sep,82.21957,29.271308
2024-09-01,2024-09-30,2024,8,KALIKOT,Sep,81.753844,29.193673
2024-09-01,2024-09-30,2024,9,DAILEKH,Sep,81.678239,28.877029
2024-09-01,2024-09-30,2024,14,JAJARKOT,Sep,82.168636,28.864551
2024-09-01,2024-09-30,2024,19,RUKUM WEST,Sep,,
2024-09-01,2024-09-30,2024,19,SALYAN,Sep,82.139943,28.397336
2024-09-01,2024-09-30,2024,55,SURKHET,Sep,81.588747,28.638041
2024-09-01,2024-09-30,2024,9,BAJURA,Sep,81.566283,29.560904
2024-09-01,2024-09-30,2024,16,BAJHANG,Sep,81.180034,29.707134
2024-09-01,2024-09-30,2024,19,DARCHULA,Sep,80.791568,29.945575
2024-09-01,2024-09-30,2024,42,BAITADI,Sep,80.571334,29.505689
2024-09-01,2024-09-30,2024,53,DADELDHURA,Sep,80.488304,29.223501
2024-09-01,2024-09-30,2024,19,DOTI,Sep,80.897056,29.168335
2024-09-01,2024-09-30,2024,32,ACHHAM,Sep,81.29952,29.113168
2024-09-01,2024-09-30,2024,145,KAILALI,Sep,80.878301,28.743337
2024-09-01,2024-09-30,2024,59,KANCHANPUR,Sep,80.324299,28.862625
2024-10-01,2024-10-31,2024,4,TAPLEJUNG,Oct,87.82392,27.581409
2024-10-01,2024-10-31,2024,25,SANKHUWASABHA,Oct,87.281184,27.582168
2024-10-01,2024-10-31,2024,9,SOLUKHUMBU,Oct,86.720435,27.712277
2024-10-01,2024-10-31,2024,60,OKHALDHUNGA,Oct,86.422053,27.331392
2024-10-01,2024-10-31,2024,23,KHOTANG,Oct,86.790407,27.169442
2024-10-01,2024-10-31,2024,33,BHOJPUR,Oct,87.071122,27.180289
2024-10-01,2024-10-31,2024,7,DHANKUTA,Oct,87.334262,26.990685
2024-10-01,2024-10-31,2024,7,TERHATHUM,Oct,,
2024-10-01,2024-10-31,2024,20,PANCHTHAR,Oct,87.778168,27.115081
2024-10-01,2024-10-31,2024,9,ILAM,Oct,87.907374,26.878962
2024-10-01,2024-10-31,2024,43,JHAPA,Oct,87.916711,26.579753
2024-10-01,2024-10-31,2024,91,MORANG,Oct,87.475601,26.617225
2024-10-01,2024-10-31,2024,72,SUNSARI,Oct,87.168075,26.650183
2024-10-01,2024-10-31,2024,65,UDAYAPUR,Oct,86.699994,26.912892
2024-10-01,2024-10-31,2024,13,SAPTARI,Oct,86.72823,26.615953
2024-10-01,2024-10-31,2024,13,SIRAHA,Oct,86.343228,26.756668
2024-10-01,2024-10-31,2024,22,DHANUSA,Oct,86.036497,26.828948
2024-10-01,2024-10-31,2024,9,MAHOTTARI,Oct,85.822562,26.882985
2024-10-01,2024-10-31,2024,26,SARLAHI,Oct,85.566797,26.984775
2024-10-01,2024-10-31,2024,25,RAUTAHAT,Oct,85.305507,27.001849
2024-10-01,2024-10-31,2024,51,BARA,Oct,85.073668,27.109349
2024-10-01,2024-10-31,2024,46,PARSA,Oct,84.783053,27.239238
2024-10-01,2024-10-31,2024,47,DOLAKHA,Oct,86.197848,27.783458
2024-10-01,2024-10-31,2024,93,SINDHUPALCHOK,Oct,85.74062,27.913547
2024-10-01,2024-10-31,2024,16,RASUWA,Oct,85.41387,28.182702
2024-10-01,2024-10-31,2024,107,DHADING,Oct,84.964879,27.95042
2024-10-01,2024-10-31,2024,195,NUWAKOT,Oct,85.239025,27.914061
2024-10-01,2024-10-31,2024,2518,KATHMANDU,Oct,85.337535,27.724655
2024-10-01,2024-10-31,2024,705,BHAKTAPUR,Oct,85.445311,27.6795
2024-10-01,2024-10-31,2024,649,LALITPUR,Oct,85.344018,27.538779
2024-10-01,2024-10-31,2024,195,KAVREPALANCHOK,Oct,,
2024-10-01,2024-10-31,2024,52,RAMECHHAP,Oct,86.173577,27.507863
2024-10-01,2024-10-31,2024,45,SINDHULI,Oct,85.946616,27.201411
2024-10-01,2024-10-31,2024,160,MAKWANPUR,Oct,85.082346,27.469566
2024-10-01,2024-10-31,2024,287,CHITAWAN,Oct,,
2024-10-01,2024-10-31,2024,302,GORKHA,Oct,84.793552,28.319303
2024-10-01,2024-10-31,2024,4,MANANG,Oct,84.227051,28.675036
2024-10-01,2024-10-31,2024,4,MUSTANG,Oct,83.860701,28.981976
2024-10-01,2024-10-31,2024,185,MYAGDI,Oct,83.463235,28.553413
2024-10-01,2024-10-31,2024,1877,KASKI,Oct,84.001131,28.354534
2024-10-01,2024-10-31,2024,77,LAMJUNG,Oct,84.432971,28.291796
2024-10-01,2024-10-31,2024,545,TANAHU,Oct,84.255788,27.955238
2024-10-01,2024-10-31,2024,67,NAWALPARASI EAST,Oct,,
2024-10-01,2024-10-31,2024,107,SYANGJA,Oct,83.807148,28.020918
2024-10-01,2024-10-31,2024,421,PARBAT,Oct,83.683179,28.20933
2024-10-01,2024-10-31,2024,602,BAGLUNG,Oct,83.256547,28.345703
2024-10-01,2024-10-31,2024,9,RUKUM EAST,Oct,,
2024-10-01,2024-10-31,2024,14,ROLPA,Oct,82.628029,28.343082
2024-10-01,2024-10-31,2024,18,PYUTHAN,Oct,82.869222,28.118369
2024-10-01,2024-10-31,2024,24,GULMI,Oct,83.30513,28.093454
2024-10-01,2024-10-31,2024,33,ARGHAKHANCHI,Oct,83.076443,27.918388
2024-10-01,2024-10-31,2024,60,PALPA,Oct,83.62831,27.818697
2024-10-01,2024-10-31,2024,22,NAWALPARASI WEST,Oct,,
2024-10-01,2024-10-31,2024,46,RUPANDEHI,Oct,83.392355,27.581545
2024-10-01,2024-10-31,2024,15,KAPILBASTU,Oct,,
2024-10-01,2024-10-31,2024,162,DANG,Oct,82.420482,27.962621
2024-10-01,2024-10-31,2024,26,BANKE,Oct,81.830504,28.086028
2024-10-01,2024-10-31,2024,30,BARDIYA,Oct,81.40222,28.38422
2024-10-01,2024-10-31,2024,0,DOLPA,Oct,83.054405,29.169521
2024-10-01,2024-10-31,2024,5,MUGU,Oct,82.372693,29.616606
2024-10-01,2024-10-31,2024,0,HUMLA,Oct,81.882531,30.031208
2024-10-01,2024-10-31,2024,6,JUMLA,Oct,82.21957,29.271308
2024-10-01,2024-10-31,2024,7,KALIKOT,Oct,81.753844,29.193673
2024-10-01,2024-10-31,2024,5,DAILEKH,Oct,81.678239,28.877029
2024-10-01,2024-10-31,2024,9,JAJARKOT,Oct,82.168636,28.864551
2024-10-01,2024-10-31,2024,19,RUKUM WEST,Oct,,
2024-10-01,2024-10-31,2024,10,SALYAN,Oct,82.139943,28.397336
2024-10-01,2024-10-31,2024,33,SURKHET,Oct,81.588747,28.638041
2024-10-01,2024-10-31,2024,11,BAJURA,Oct,81.566283,29.560904
2024-10-01,2024-10-31,2024,7,BAJHANG,Oct,81.180034,29.707134
2024-10-01,2024-10-31,2024,12,DARCHULA,Oct,80.791568,29.945575
2024-10-01,2024-10-31,2024,42,BAITADI,Oct,80.571334,29.505689
2024-10-01,2024-10-31,2024,85,DADELDHURA,Oct,80.488304,29.223501
2024-10-01,2024-10-31,2024,25,DOTI,Oct,80.897056,29.168335
2024-10-01,2024-10-31,2024,32,ACHHAM,Oct,81.29952,29.113168
2024-10-01,2024-10-31,2024,161,KAILALI,Oct,80.878301,28.743337
2024-10-01,2024-10-31,2024,75,KANCHANPUR,Oct,80.324299,28.862625
2024-11-01,2024-11-30,2024,5,TAPLEJUNG,Nov,87.82392,27.581409
2024-11-01,2024-11-30,2024,7,SANKHUWASABHA,Nov,87.281184,27.582168
2024-11-01,2024-11-30,2024,4,SOLUKHUMBU,Nov,86.720435,27.712277
2024-11-01,2024-11-30,2024,20,OKHALDHUNGA,Nov,86.422053,27.331392
2024-11-01,2024-11-30,2024,8,KHOTANG,Nov,86.790407,27.169442
2024-11-01,2024-11-30,2024,16,BHOJPUR,Nov,87.071122,27.180289
2024-11-01,2024-11-30,2024,4,DHANKUTA,Nov,87.334262,26.990685
2024-11-01,2024-11-30,2024,1,TERHATHUM,Nov,,
2024-11-01,2024-11-30,2024,2,PANCHTHAR,Nov,87.778168,27.115081
2024-11-01,2024-11-30,2024,5,ILAM,Nov,87.907374,26.878962
2024-11-01,2024-11-30,2024,31,JHAPA,Nov,87.916711,26.579753
2024-11-01,2024-11-30,2024,75,MORANG,Nov,87.475601,26.617225
2024-11-01,2024-11-30,2024,48,SUNSARI,Nov,87.168075,26.650183
2024-11-01,2024-11-30,2024,12,UDAYAPUR,Nov,86.699994,26.912892
2024-11-01,2024-11-30,2024,8,SAPTARI,Nov,86.72823,26.615953
2024-11-01,2024-11-30,2024,11,SIRAHA,Nov,86.343228,26.756668
2024-11-01,2024-11-30,2024,13,DHANUSA,Nov,86.036497,26.828948
2024-11-01,2024-11-30,2024,4,MAHOTTARI,Nov,85.822562,26.882985
2024-11-01,2024-11-30,2024,15,SARLAHI,Nov,85.566797,26.984775
2024-11-01,2024-11-30,2024,17,RAUTAHAT,Nov,85.305507,27.001849
2024-11-01,2024-11-30,2024,30,BARA,Nov,85.073668,27.109349
2024-11-01,2024-11-30,2024,24,PARSA,Nov,84.783053,27.239238
2024-11-01,2024-11-30,2024,19,DOLAKHA,Nov,86.197848,27.783458
2024-11-01,2024-11-30,2024,23,SINDHUPALCHOK,Nov,85.74062,27.913547
2024-11-01,2024-11-30,2024,4,RASUWA,Nov,85.41387,28.182702
2024-11-01,2024-11-30,2024,61,DHADING,Nov,84.964879,27.95042
2024-11-01,2024-11-30,2024,76,NUWAKOT,Nov,85.239025,27.914061
2024-11-01,2024-11-30,2024,1305,KATHMANDU,Nov,85.337535,27.724655
2024-11-01,2024-11-30,2024,312,BHAKTAPUR,Nov,85.445311,27.6795
2024-11-01,2024-11-30,2024,275,LALITPUR,Nov,85.344018,27.538779
2024-11-01,2024-11-30,2024,102,KAVREPALANCHOK,Nov,,
2024-11-01,2024-11-30,2024,18,RAMECHHAP,Nov,86.173577,27.507863
2024-11-01,2024-11-30,2024,36,SINDHULI,Nov,85.946616,27.201411
2024-11-01,2024-11-30,2024,112,MAKWANPUR,Nov,85.082346,27.469566
2024-11-01,2024-11-30,2024,129,CHITAWAN,Nov,,
2024-11-01,2024-11-30,2024,122,GORKHA,Nov,84.793552,28.319303
2024-11-01,2024-11-30,2024,1,MANANG,Nov,84.227051,28.675036
2024-11-01,2024-11-30,2024,3,MUSTANG,Nov,83.860701,28.981976
2024-11-01,2024-11-30,2024,76,MYAGDI,Nov,83.463235,28.553413
2024-11-01,2024-11-30,2024,391,KASKI,Nov,84.001131,28.354534
2024-11-01,2024-11-30,2024,62,LAMJUNG,Nov,84.432971,28.291796
2024-11-01,2024-11-30,2024,242,TANAHU,Nov,84.255788,27.955238
2024-11-01,2024-11-30,2024,31,NAWALPARASI EAST,Nov,,
2024-11-01,2024-11-30,2024,40,SYANGJA,Nov,83.807148,28.020918
2024-11-01,2024-11-30,2024,121,PARBAT,Nov,83.683179,28.20933
2024-11-01,2024-11-30,2024,395,BAGLUNG,Nov,83.256547,28.345703
2024-11-01,2024-11-30,2024,2,RUKUM EAST,Nov,,
2024-11-01,2024-11-30,2024,7,ROLPA,Nov,82.628029,28.343082
2024-11-01,2024-11-30,2024,3,PYUTHAN,Nov,82.869222,28.118369
2024-11-01,2024-11-30,2024,12,GULMI,Nov,83.30513,28.093454
2024-11-01,2024-11-30,2024,23,ARGHAKHANCHI,Nov,83.076443,27.918388
2024-11-01,2024-11-30,2024,19,PALPA,Nov,83.62831,27.818697
2024-11-01,2024-11-30,2024,24,NAWALPARASI WEST,Nov,,
2024-11-01,2024-11-30,2024,51,RUPANDEHI,Nov,83.392355,27.581545
2024-11-01,2024-11-30,2024,9,KAPILBASTU,Nov,,
2024-11-01,2024-11-30,2024,78,DANG,Nov,82.420482,27.962621
2024-11-01,2024-11-30,2024,29,BANKE,Nov,81.830504,28.086028
2024-11-01,2024-11-30,2024,14,BARDIYA,Nov,81.40222,28.38422
2024-11-01,2024-11-30,2024,3,DOLPA,Nov,83.054405,29.169521
2024-11-01,2024-11-30,2024,1,MUGU,Nov,82.372693,29.616606
2024-11-01,2024-11-30,2024,0,HUMLA,Nov,81.882531,30.031208
2024-11-01,2024-11-30,2024,2,JUMLA,Nov,82.21957,29.271308
2024-11-01,2024-11-30,2024,1,KALIKOT,Nov,81.753844,29.193673
2024-11-01,2024-11-30,2024,1,DAILEKH,Nov,81.678239,28.877029
2024-11-01,2024-11-30,2024,1,JAJARKOT,Nov,82.168636,28.864551
2024-11-01,2024-11-30,2024,6,RUKUM WEST,Nov,,
2024-11-01,2024-11-30,2024,1,SALYAN,Nov,82.139943,28.397336
2024-11-01,2024-11-30,2024,19,SURKHET,Nov,81.588747,28.638041
2024-11-01,2024-11-30,2024,3,BAJURA,Nov,81.566283,29.560904
2024-11-01,2024-11-30,2024,3,BAJHANG,Nov,81.180034,29.707134
2024-11-01,2024-11-30,2024,5,DARCHULA,Nov,80.791568,29.945575
2024-11-01,2024-11-30,2024,11,BAITADI,Nov,80.571334,29.505689
2024-11-01,2024-11-30,2024,21,DADELDHURA,Nov,80.488304,29.223501
2024-11-01,2024-11-30,2024,12,DOTI,Nov,80.897056,29.168335
2024-11-01,2024-11-30,2024,22,ACHHAM,Nov,81.29952,29.113168
2024-11-01,2024-11-30,2024,65,KAILALI,Nov,80.878301,28.743337
2024-11-01,2024-11-30,2024,38,KANCHANPUR,Nov,80.324299,28.862625
2024-12-01,2024-12-31,2024,0,TAPLEJUNG,Dec,87.82392,27.581409
2024-12-01,2024-12-31,2024,0,SANKHUWASABHA,Dec,87.281184,27.582168
2024-12-01,2024-12-31,2024,0,SOLUKHUMBU,Dec,86.720435,27.712277
2024-12-01,2024-12-31,2024,1,OKHALDHUNGA,Dec,86.422053,27.331392
2024-12-01,2024-12-31,2024,0,KHOTANG,Dec,86.790407,27.169442
2024-12-01,2024-12-31,2024,0,BHOJPUR,Dec,87.071122,27.180289
2024-12-01,2024-12-31,2024,0,DHANKUTA,Dec,87.334262,26.990685
2024-12-01,2024-12-31,2024,0,TERHATHUM,Dec,,
2024-12-01,2024-12-31,2024,0,PANCHTHAR,Dec,87.778168,27.115081
2024-12-01,2024-12-31,2024,0,ILAM,Dec,87.907374,26.878962
2024-12-01,2024-12-31,2024,1,JHAPA,Dec,87.916711,26.579753
2024-12-01,2024-12-31,2024,2,MORANG,Dec,87.475601,26.617225
2024-12-01,2024-12-31,2024,1,SUNSARI,Dec,87.168075,26.650183
2024-12-01,2024-12-31,2024,0,UDAYAPUR,Dec,86.699994,26.912892
2024-12-01,2024-12-31,2024,0,SAPTARI,Dec,86.72823,26.615953
2024-12-01,2024-12-31,2024,0,SIRAHA,Dec,86.343228,26.756668
2024-12-01,2024-12-31,2024,0,DHANUSA,Dec,86.036497,26.828948
2024-12-01,2024-12-31,2024,0,MAHOTTARI,Dec,85.822562,26.882985
2024-12-01,2024-12-31,2024,1,SARLAHI,Dec,85.566797,26.984775
2024-12-01,2024-12-31,2024,0,RAUTAHAT,Dec,85.305507,27.001849
2024-12-01,2024-12-31,2024,0,BARA,Dec,85.073668,27.109349
2024-12-01,2024-12-31,2024,0,PARSA,Dec,84.783053,27.239238
2024-12-01,2024-12-31,2024,0,DOLAKHA,Dec,86.197848,27.783458
2024-12-01,2024-12-31,2024,1,SINDHUPALCHOK,Dec,85.74062,27.913547
2024-12-01,2024-12-31,2024,0,RASUWA,Dec,85.41387,28.182702
2024-12-01,2024-12-31,2024,2,DHADING,Dec,84.964879,27.95042
2024-12-01,2024-12-31,2024,1,NUWAKOT,Dec,85.239025,27.914061
2024-12-01,2024-12-31,2024,28,KATHMANDU,Dec,85.337535,27.724655
2024-12-01,2024-12-31,2024,0,BHAKTAPUR,Dec,85.445311,27.6795
2024-12-01,2024-12-31,2024,3,LALITPUR,Dec,85.344018,27.538779
2024-12-01,2024-12-31,2024,0,KAVREPALANCHOK,Dec,,
2024-12-01,2024-12-31,2024,0,RAMECHHAP,Dec,86.173577,27.507863
2024-12-01,2024-12-31,2024,2,SINDHULI,Dec,85.946616,27.201411
2024-12-01,2024-12-31,2024,0,MAKWANPUR,Dec,85.082346,27.469566
2024-12-01,2024-12-31,2024,3,CHITAWAN,Dec,,
2024-12-01,2024-12-31,2024,2,GORKHA,Dec,84.793552,28.319303
2024-12-01,2024-12-31,2024,0,MANANG,Dec,84.227051,28.675036
2024-12-01,2024-12-31,2024,0,MUSTANG,Dec,83.860701,28.981976
2024-12-01,2024-12-31,2024,0,MYAGDI,Dec,83.463235,28.553413
2024-12-01,2024-12-31,2024,11,KASKI,Dec,84.001131,28.354534
2024-12-01,2024-12-31,2024,1,LAMJUNG,Dec,84.432971,28.291796
2024-12-01,2024-12-31,2024,3,TANAHU,Dec,84.255788,27.955238
2024-12-01,2024-12-31,2024,1,NAWALPARASI EAST,Dec,,
2024-12-01,2024-12-31,2024,1,SYANGJA,Dec,83.807148,28.020918
2024-12-01,2024-12-31,2024,0,PARBAT,Dec,83.683179,28.20933
2024-12-01,2024-12-31,2024,0,BAGLUNG,Dec,83.256547,28.345703
2024-12-01,2024-12-31,2024,0,RUKUM EAST,Dec,,
2024-12-01,2024-12-31,2024,0,ROLPA,Dec,82.628029,28.343082
2024-12-01,2024-12-31,2024,0,PYUTHAN,Dec,82.869222,28.118369
2024-12-01,2024-12-31,2024,0,GULMI,Dec,83.30513,28.093454
2024-12-01,2024-12-31,2024,0,ARGHAKHANCHI,Dec,83.076443,27.918388
2024-12-01,2024-12-31,2024,0,PALPA,Dec,83.62831,27.818697
2024-12-01,2024-12-31,2024,1,NAWALPARASI WEST,Dec,,
2024-12-01,2024-12-31,2024,0,RUPANDEHI,Dec,83.392355,27.581545
2024-12-01,2024-12-31,2024,0,KAPILBASTU,Dec,,
2024-12-01,2024-12-31,2024,0,DANG,Dec,82.420482,27.962621
2024-12-01,2024-12-31,2024,0,BANKE,Dec,81.830504,28.086028
2024-12-01,2024-12-31,2024,2,BARDIYA,Dec,81.40222,28.38422
2024-12-01,2024-12-31,2024,0,DOLPA,Dec,83.054405,29.169521
2024-12-01,2024-12-31,2024,0,MUGU,Dec,82.372693,29.616606
2024-12-01,2024-12-31,2024,0,HUMLA,Dec,81.882531,30.031208
2024-12-01,2024-12-31,2024,0,JUMLA,Dec,82.21957,29.271308
2024-12-01,2024-12-31,2024,0,KALIKOT,Dec,81.753844,29.193673
2024-12-01,2024-12-31,2024,0,DAILEKH,Dec,81.678239,28.877029
2024-12-01,2024-12-31,2024,0,JAJARKOT,Dec,82.168636,28.864551
2024-12-01,2024-12-31,2024,0,RUKUM WEST,Dec,,
2024-12-01,2024-12-31,2024,0,SALYAN,Dec,82.139943,28.397336
2024-12-01,2024-12-31,2024,0,SURKHET,Dec,81.588747,28.638041
2024-12-01,2024-12-31,2024,0,BAJURA,Dec,81.566283,29.560904
2024-12-01,2024-12-31,2024,0,BAJHANG,Dec,81.180034,29.707134
2024-12-01,2024-12-31,2024,0,DARCHULA,Dec,80.791568,29.945575
2024-12-01,2024-12-31,2024,0,BAITADI,Dec,80.571334,29.505689
2024-12-01,2024-12-31,2024,0,DADELDHURA,Dec,80.488304,29.223501
2024-12-01,2024-12-31,2024,1,DOTI,Dec,80.897056,29.168335
2024-12-01,2024-12-31,2024,0,ACHHAM,Dec,81.29952,29.113168
2024-12-01,2024-12-31,2024,1,KAILALI,Dec,80.878301,28.743337
2024-12-01,2024-12-31,2024,0,KANCHANPUR,Dec,80.324299,28.862625
2022-01-01,2022-01-31,2022,0,RAMECHHAP,Jan,86.173577,27.507863
2022-01-01,2022-01-31,2022,0,RASUWA,Jan,85.41387,28.182702
2022-01-01,2022-01-31,2022,0,RAUTAHAT,Jan,85.305507,27.001849
2022-01-01,2022-01-31,2022,0,ROLPA,Jan,82.628029,28.343082
2022-01-01,2022-01-31,2022,0,RUKUM EAST,Jan,,
2022-01-01,2022-01-31,2022,0,RUKUM WEST,Jan,,
2022-01-01,2022-01-31,2022,1,RUPANDEHI,Jan,83.392355,27.581545
2022-01-01,2022-01-31,2022,0,SALYAN,Jan,82.139943,28.397336
2022-01-01,2022-01-31,2022,0,SANKHUWASABHA,Jan,87.281184,27.582168
2022-01-01,2022-01-31,2022,0,SAPTARI,Jan,86.72823,26.615953
2022-01-01,2022-01-31,2022,0,SARLAHI,Jan,85.566797,26.984775
2022-01-01,2022-01-31,2022,0,SINDHULI,Jan,85.946616,27.201411
2022-01-01,2022-01-31,2022,0,SINDHUPALCHOK,Jan,85.74062,27.913547
2022-01-01,2022-01-31,2022,0,SIRAHA,Jan,86.343228,26.756668
2022-01-01,2022-01-31,2022,0,SOLUKHUMBU,Jan,86.720435,27.712277
2022-01-01,2022-01-31,2022,0,SUNSARI,Jan,87.168075,26.650183
2022-01-01,2022-01-31,2022,0,SURKHET,Jan,81.588747,28.638041
2022-01-01,2022-01-31,2022,0,SYANGJA,Jan,83.807148,28.020918
2022-01-01,2022-01-31,2022,0,TANAHU,Jan,84.255788,27.955238
2022-01-01,2022-01-31,2022,0,TAPLEJUNG,Jan,87.82392,27.581409
2022-01-01,2022-01-31,2022,0,KAVREPALANCHOK,Jan,,
2022-01-01,2022-01-31,2022,0,KHOTANG,Jan,86.790407,27.169442
2022-01-01,2022-01-31,2022,0,LALITPUR,Jan,85.344018,27.538779
2022-01-01,2022-01-31,2022,0,LAMJUNG,Jan,84.432971,28.291796
2022-01-01,2022-01-31,2022,0,MAHOTTARI,Jan,85.822562,26.882985
2022-01-01,2022-01-31,2022,0,MAKWANPUR,Jan,85.082346,27.469566
2022-01-01,2022-01-31,2022,0,MANANG,Jan,84.227051,28.675036
2022-01-01,2022-01-31,2022,1,MORANG,Jan,87.475601,26.617225
2022-01-01,2022-01-31,2022,0,MUGU,Jan,82.372693,29.616606
2022-01-01,2022-01-31,2022,0,MUSTANG,Jan,83.860701,28.981976
2022-01-01,2022-01-31,2022,0,MYAGDI,Jan,83.463235,28.553413
2022-01-01,2022-01-31,2022,0,NAWALPARASI EAST,Jan,,
2022-01-01,2022-01-31,2022,0,NAWALPARASI WEST,Jan,,
2022-01-01,2022-01-31,2022,0,NUWAKOT,Jan,85.239025,27.914061
2022-01-01,2022-01-31,2022,0,OKHALDHUNGA,Jan,86.422053,27.331392
2022-01-01,2022-01-31,2022,0,PALPA,Jan,83.62831,27.818697
2022-01-01,2022-01-31,2022,0,PANCHTHAR,Jan,87.778168,27.115081
2022-01-01,2022-01-31,2022,0,PARBAT,Jan,83.683179,28.20933
2022-01-01,2022-01-31,2022,0,PARSA,Jan,84.783053,27.239238
2022-01-01,2022-01-31,2022,1,PYUTHAN,Jan,82.869222,28.118369
2022-01-01,2022-01-31,2022,0,UDAYAPUR,Jan,86.699994,26.912892
2022-01-01,2022-01-31,2022,0,TERHATHUM,Jan,,
